编号,名称,百度词条,百度地址,百度置信度,维基词条,维基地址,维基置信度,待复核候选
1-0001-5-001,三元里平英团遗址,三元里平英团遗址,https://baike.baidu.com/view/418019.htm,exact,三元里平英团遗址,https://zh.wikipedia.org/wiki/%E4%B8%89%E5%85%83%E9%87%8C%E5%B9%B3%E8%8B%B1%E5%9B%A2%E9%81%97%E5%9D%80,exact,
1-0002-5-002,金田起义地址,金田起义地址,https://baike.baidu.com/view/418028.htm,exact,金田起义地址,https://zh.wikipedia.org/wiki/%E9%87%91%E7%94%B0%E8%B5%B7%E4%B9%89%E5%9C%B0%E5%9D%80,exact,
1-0003-5-003,太平天国忠王府,太平天国忠王府,https://baike.baidu.com/view/418034.htm,exact,太平天国忠王府,https://zh.wikipedia.org/wiki/%E5%A4%AA%E5%B9%B3%E5%A4%A9%E5%9B%BD%E5%BF%A0%E7%8E%8B%E5%BA%9C,exact,
1-0004-5-004,韶山冲毛主席旧居,,,,韶山冲毛泽东同志故居,https://zh.wikipedia.org/wiki/%E9%9F%B6%E5%B1%B1%E5%86%B2%E6%AF%9B%E6%B3%BD%E4%B8%9C%E5%90%8C%E5%BF%97%E6%95%85%E5%B1%85,redirect,毛泽东同志故居 | https://baike.baidu.com/view/11503007.htm | different-title
1-0005-5-005,江孜宗山抗英遗址,江孜宗山抗英遗址,https://baike.baidu.com/view/418048.htm,exact,江孜宗山,https://zh.wikipedia.org/wiki/%E6%B1%9F%E5%AD%9C%E5%AE%97%E5%B1%B1,redirect,
1-0006-5-006,黄花岗七十二烈士墓,黄花岗七十二烈士墓,https://baike.baidu.com/view/48703.htm,exact,黄花岗公园,https://zh.wikipedia.org/wiki/%E9%BB%84%E8%8A%B1%E5%B2%97%E5%85%AC%E5%9B%AD,redirect,
1-0007-5-007,武昌起义军政府旧址,武昌起义军政府旧址,https://baike.baidu.com/view/313829.htm,exact,武昌起义军政府旧址,https://zh.wikipedia.org/wiki/%E6%AD%A6%E6%98%8C%E8%B5%B7%E4%B9%89%E5%86%9B%E6%94%BF%E5%BA%9C%E6%97%A7%E5%9D%80,exact,
1-0008-5-008,北京大学红楼,北京大学红楼,https://baike.baidu.com/view/418068.htm,exact,北京大学红楼,https://zh.wikipedia.org/wiki/%E5%8C%97%E4%BA%AC%E5%A4%A7%E5%AD%A6%E7%BA%A2%E6%A5%BC,exact,
1-0009-5-009,上海中山故居,,,,上海中山故居,https://zh.wikipedia.org/wiki/%E4%B8%8A%E6%B5%B7%E4%B8%AD%E5%B1%B1%E6%95%85%E5%B1%85,exact,上海孙中山故居 | https://baike.baidu.com/view/64164.htm | different-title
1-0010-5-010,中国社会主义青年团中央机关旧址,中国社会主义青年团中央机关旧址,https://baike.baidu.com/view/64190.htm,exact,中国社会主义青年团中央机关旧址,https://zh.wikipedia.org/wiki/%E4%B8%AD%E5%9B%BD%E7%A4%BE%E4%BC%9A%E4%B8%BB%E4%B9%89%E9%9D%92%E5%B9%B4%E5%9B%A2%E4%B8%AD%E5%A4%AE%E6%9C%BA%E5%85%B3%E6%97%A7%E5%9D%80,exact,
1-0011-5-011,中国共产党第一次全国代表大会会址,中国共产党第一次全国代表大会会址,https://baike.baidu.com/view/64257.htm,exact,中国共产党第一次全国代表大会会址,https://zh.wikipedia.org/wiki/%E4%B8%AD%E5%9B%BD%E5%85%B1%E4%BA%A7%E5%85%9A%E7%AC%AC%E4%B8%80%E6%AC%A1%E5%85%A8%E5%9B%BD%E4%BB%A3%E8%A1%A8%E5%A4%A7%E4%BC%9A%E4%BC%9A%E5%9D%80,exact,
1-0012-5-012,广州农民运动讲习所旧址,广州农民运动讲习所旧址,https://baike.baidu.com/view/190655.htm,exact,广州农民运动讲习所旧址,https://zh.wikipedia.org/wiki/%E5%B9%BF%E5%B7%9E%E5%86%9C%E6%B0%91%E8%BF%90%E5%8A%A8%E8%AE%B2%E4%B9%A0%E6%89%80%E6%97%A7%E5%9D%80,exact,
1-0013-5-013,“八一”起义指挥部旧址,“八一”起义指挥部旧址,https://baike.baidu.com/view/190648.htm,exact,“八一”起义指挥部旧址,https://zh.wikipedia.org/wiki/%E2%80%9C%E5%85%AB%E4%B8%80%E2%80%9D%E8%B5%B7%E4%B9%89%E6%8C%87%E6%8C%A5%E9%83%A8%E6%97%A7%E5%9D%80,exact,
1-0014-5-014,秋收起义文家市会师旧址,秋收起义文家市会师旧址,https://baike.baidu.com/view/190645.htm,exact,秋收起义文家市会师旧址,https://zh.wikipedia.org/wiki/%E7%A7%8B%E6%94%B6%E8%B5%B7%E4%B9%89%E6%96%87%E5%AE%B6%E5%B8%82%E4%BC%9A%E5%B8%88%E6%97%A7%E5%9D%80,exact,
1-0015-5-015,海丰红宫、红场旧址,海丰红宫、红场旧址,https://baike.baidu.com/item/%E6%B5%B7%E4%B8%B0%E7%BA%A2%E5%AE%AB%E3%80%81%E7%BA%A2%E5%9C%BA%E6%97%A7%E5%9D%80,exact,海丰红宫、红场旧址,https://zh.wikipedia.org/wiki/%E6%B5%B7%E4%B8%B0%E7%BA%A2%E5%AE%AB%E3%80%81%E7%BA%A2%E5%9C%BA%E6%97%A7%E5%9D%80,exact,
1-0016-5-016,广州公社旧址,广州公社旧址,https://baike.baidu.com/view/104667.htm,exact,广州起义纪念馆,https://zh.wikipedia.org/wiki/%E5%B9%BF%E5%B7%9E%E8%B5%B7%E4%B9%89%E7%BA%AA%E5%BF%B5%E9%A6%86,redirect,
1-0017-5-017,井冈山革命遗址,井冈山革命遗址,https://baike.baidu.com/view/190638.htm,exact,井冈山革命遗址,https://zh.wikipedia.org/wiki/%E4%BA%95%E5%86%88%E5%B1%B1%E9%9D%A9%E5%91%BD%E9%81%97%E5%9D%80,exact,
1-0018-5-018,古田会议会址,古田会议会址,https://baike.baidu.com/view/190635.htm,exact,古田会议会址,https://zh.wikipedia.org/wiki/%E5%8F%A4%E7%94%B0%E4%BC%9A%E8%AE%AE%E4%BC%9A%E5%9D%80,exact,
1-0019-5-019,中山陵,中山陵,https://baike.baidu.com/subview/9667/9667.htm,exact,中山陵,https://zh.wikipedia.org/wiki/%E4%B8%AD%E5%B1%B1%E9%99%B5,exact,
1-0020-5-020,瑞金革命遗址,瑞金革命遗址,https://baike.baidu.com/view/190631.htm,exact,瑞金革命遗址,https://zh.wikipedia.org/wiki/%E7%91%9E%E9%87%91%E9%9D%A9%E5%91%BD%E9%81%97%E5%9D%80,exact,
1-0021-5-021,遵义会议会址,遵义会议会址,https://baike.baidu.com/subview/21589/21589.htm,exact,,,,
1-0022-5-022,泸定桥,泸定桥,https://baike.baidu.com/view/51872.htm,exact,,,,
1-0023-5-023,延安革命遗址,延安革命遗址,https://baike.baidu.com/view/418116.htm,exact,,,,
1-0024-5-024,卢沟桥,卢沟桥,https://baike.baidu.com/subview/14985/14985.htm,exact,卢沟桥,https://zh.wikipedia.org/wiki/%E5%8D%A2%E6%B2%9F%E6%A1%A5,exact,
1-0025-5-025,平型关战役遗址,平型关战役遗址,https://baike.baidu.com/view/190624.htm,exact,平型关战役遗址,https://zh.wikipedia.org/wiki/%E5%B9%B3%E5%9E%8B%E5%85%B3%E6%88%98%E5%BD%B9%E9%81%97%E5%9D%80,exact,
1-0026-5-026,八路军总司令部旧址,八路军总司令部旧址,https://baike.baidu.com/view/180362.htm,exact,八路军总司令部旧址,https://zh.wikipedia.org/wiki/%E5%85%AB%E8%B7%AF%E5%86%9B%E6%80%BB%E5%8F%B8%E4%BB%A4%E9%83%A8%E6%97%A7%E5%9D%80,exact,
1-0027-5-027,新四军军部旧址,新四军军部旧址,https://baike.baidu.com/subview/77747/20027954.htm,exact,,,,
1-0028-5-028,八路军重庆办事处旧址,八路军重庆办事处旧址,https://baike.baidu.com/view/190658.htm,exact,八路军重庆办事处旧址,https://zh.wikipedia.org/wiki/%E5%85%AB%E8%B7%AF%E5%86%9B%E9%87%8D%E5%BA%86%E5%8A%9E%E4%BA%8B%E5%A4%84%E6%97%A7%E5%9D%80,exact,
1-0029-5-029,冉庄地道战遗址,冉庄地道战遗址,https://baike.baidu.com/view/308250.htm,exact,冉庄地道战遗址,https://zh.wikipedia.org/wiki/%E5%86%89%E5%BA%84%E5%9C%B0%E9%81%93%E6%88%98%E9%81%97%E5%9D%80,exact,
1-0030-5-030,天安门,天安门,https://baike.baidu.com/subview/2394/9612438.htm,exact,天安门,https://zh.wikipedia.org/wiki/%E5%A4%A9%E5%AE%89%E9%97%A8,exact,
1-0031-5-031,鲁迅墓,鲁迅墓,https://baike.baidu.com/view/64467.htm,exact,,,,
1-0032-5-032,中苏友谊纪念塔,中苏友谊纪念塔,https://baike.baidu.com/view/190668.htm,exact,中苏友谊纪念塔,https://zh.wikipedia.org/wiki/%E4%B8%AD%E8%8B%8F%E5%8F%8B%E8%B0%8A%E7%BA%AA%E5%BF%B5%E5%A1%94,exact,
1-0033-5-033,人民英雄纪念碑,人民英雄纪念碑,https://baike.baidu.com/subview/15847/15847.htm,exact,人民英雄纪念碑,https://zh.wikipedia.org/wiki/%E4%BA%BA%E6%B0%91%E8%8B%B1%E9%9B%84%E7%BA%AA%E5%BF%B5%E7%A2%91,exact,
1-0034-4-001,云冈石窟,云冈石窟,https://baike.baidu.com/subview/7398/20373991.htm,exact,,,,
1-0035-4-002,莫高窟,莫高窟,https://baike.baidu.com/subview/15125/15125.htm,exact,,,,
1-0036-4-003,榆林窟,榆林窟,https://baike.baidu.com/view/159875.htm,exact,,,,
1-0037-4-004,龙门石窟,龙门石窟,https://baike.baidu.com/subview/1759/19044727.htm,exact,,,,
1-0038-4-005,麦积山石窟,麦积山石窟,https://baike.baidu.com/item/%E9%BA%A6%E7%A7%AF%E5%B1%B1%E7%9F%B3%E7%AA%9F/18045338,exact,,,,
1-0039-4-006,炳灵寺石窟,炳灵寺石窟,https://baike.baidu.com/view/70929.htm,exact,,,,
1-0040-4-007,响堂山石窟,响堂山石窟,https://baike.baidu.com/subview/70718/70718.htm,exact,响堂山石窟,https://zh.wikipedia.org/wiki/%E5%93%8D%E5%A0%82%E5%B1%B1%E7%9F%B3%E7%AA%9F,exact,
1-0041-4-008,克孜尔千佛洞,克孜尔千佛洞,https://baike.baidu.com/view/190685.htm,exact,克孜尔千佛洞,https://zh.wikipedia.org/wiki/%E5%85%8B%E5%AD%9C%E5%B0%94%E5%8D%83%E4%BD%9B%E6%B4%9E,exact,
1-0042-4-009,库木吐喇千佛洞,库木吐喇千佛洞,https://baike.baidu.com/view/190680.htm,exact,库木吐喇千佛洞,https://zh.wikipedia.org/wiki/%E5%BA%93%E6%9C%A8%E5%90%90%E5%96%87%E5%8D%83%E4%BD%9B%E6%B4%9E,exact,
1-0043-4-010,皇泽寺摩崖造像,皇泽寺摩崖造像,https://baike.baidu.com/view/190682.htm,exact,,,,
1-0044-4-011,广元千佛崖摩崖造像,广元千佛崖摩崖造像,https://baike.baidu.com/view/418178.htm,exact,广元千佛崖摩崖造像,https://zh.wikipedia.org/wiki/%E5%B9%BF%E5%85%83%E5%8D%83%E4%BD%9B%E5%B4%96%E6%91%A9%E5%B4%96%E9%80%A0%E5%83%8F,exact,
1-0045-4-012,北山摩崖造像,,,,北山摩崖造像,https://zh.wikipedia.org/wiki/%E5%8C%97%E5%B1%B1%E6%91%A9%E5%B4%96%E9%80%A0%E5%83%8F,exact,北山摩崖造象 | https://baike.baidu.com/item/%E5%8C%97%E5%B1%B1%E6%91%A9%E5%B4%96%E9%80%A0%E8%B1%A1 | different-title
1-0046-4-013,宝顶山摩崖造像,,,,宝顶山摩崖造像,https://zh.wikipedia.org/wiki/%E5%AE%9D%E9%A1%B6%E5%B1%B1%E6%91%A9%E5%B4%96%E9%80%A0%E5%83%8F,exact,宝顶山摩崖造象 | https://baike.baidu.com/item/%E5%AE%9D%E9%A1%B6%E5%B1%B1%E6%91%A9%E5%B4%96%E9%80%A0%E8%B1%A1 | different-title
1-0047-4-014,石钟山石窟,石钟山石窟,https://baike.baidu.com/view/72496.htm,exact,,,,
1-0048-3-001,太室阙,太室阙,https://baike.baidu.com/view/418184.htm,exact,太室阙,https://zh.wikipedia.org/wiki/%E5%A4%AA%E5%AE%A4%E9%98%99,exact,
1-0049-3-002,少室阙,少室阙,https://baike.baidu.com/view/418190.htm,exact,少室阙,https://zh.wikipedia.org/wiki/%E5%B0%91%E5%AE%A4%E9%98%99,exact,
1-0050-3-003,启母阙,启母阙,https://baike.baidu.com/view/418192.htm,exact,启母阙,https://zh.wikipedia.org/wiki/%E5%90%AF%E6%AF%8D%E9%98%99,exact,
1-0051-3-004,渠县汉阙,渠县汉阙,https://baike.baidu.com/view/599245.htm,exact,,,,
1-0052-3-005,平阳府君阙,平阳府君阙,https://baike.baidu.com/view/50934.htm,exact,平阳府君阙,https://zh.wikipedia.org/wiki/%E5%B9%B3%E9%98%B3%E5%BA%9C%E5%90%9B%E9%98%99,exact,
1-0054-3-007,孝堂山郭氏墓石祠,孝堂山郭氏墓石祠,https://baike.baidu.com/view/418198.htm,exact,孝堂山郭氏墓石祠,https://zh.wikipedia.org/wiki/%E5%AD%9D%E5%A0%82%E5%B1%B1%E9%83%AD%E6%B0%8F%E5%A2%93%E7%9F%B3%E7%A5%A0,exact,
1-0055-3-008,嘉祥武氏墓群石刻,嘉祥武氏墓群石刻,https://baike.baidu.com/view/418200.htm,exact,,,,
1-0056-3-009,高颐墓阙及石刻,高颐墓阙及石刻,https://baike.baidu.com/view/418204.htm,exact,,,,
1-0057-3-010,褒斜道石门及其摩崖石刻,褒斜道石门及其摩崖石刻,https://baike.baidu.com/view/418206.htm,exact,,,,
1-0058-3-011,安济桥（大石桥）,安济桥,https://baike.baidu.com/view/37128.htm,related-location,,,,
1-0059-3-012,安平桥（五里桥）,,,,安平桥,https://zh.wikipedia.org/wiki/%E5%AE%89%E5%B9%B3%E6%A1%A5,search-related-location,
1-0060-3-013,永通桥（小石桥）,,,,永通桥,https://zh.wikipedia.org/wiki/%E6%B0%B8%E9%80%9A%E6%A1%A5,search-related-location,
1-0061-3-014,嵩岳寺塔,嵩岳寺塔,https://baike.baidu.com/subview/105128/105128.htm,exact,嵩岳寺塔,https://zh.wikipedia.org/wiki/%E5%B5%A9%E5%B2%B3%E5%AF%BA%E5%A1%94,exact,
1-0062-3-015,四门塔,四门塔,https://baike.baidu.com/subview/105129/18934265.htm,exact,四门塔,https://zh.wikipedia.org/wiki/%E5%9B%9B%E9%97%A8%E5%A1%94,exact,
1-0063-3-016,大雁塔,大雁塔,https://baike.baidu.com/subview/5516/7553375.htm,exact,大雁塔,https://zh.wikipedia.org/wiki/%E5%A4%A7%E9%9B%81%E5%A1%94,exact,
1-0064-3-017,小雁塔,小雁塔,https://baike.baidu.com/view/16072.htm,exact,小雁塔,https://zh.wikipedia.org/wiki/%E5%B0%8F%E9%9B%81%E5%A1%94,exact,
1-0065-3-018,崇圣寺三塔,崇圣寺三塔,https://baike.baidu.com/view/21446.htm,exact,崇圣寺三塔,https://zh.wikipedia.org/wiki/%E5%B4%87%E5%9C%A3%E5%AF%BA%E4%B8%89%E5%A1%94,exact,
1-0066-3-019,房山云居寺塔及石经,房山云居寺塔及石经,https://baike.baidu.com/view/418211.htm,exact,房山云居寺塔及石经,https://zh.wikipedia.org/wiki/%E6%88%BF%E5%B1%B1%E4%BA%91%E5%B1%85%E5%AF%BA%E5%A1%94%E5%8F%8A%E7%9F%B3%E7%BB%8F,exact,
1-0067-3-020,兴教寺塔,兴教寺塔,https://baike.baidu.com/view/418212.htm,exact,,,,
1-0068-3-021,苏州云岩寺塔,苏州云岩寺塔,https://baike.baidu.com/view/418218.htm,exact,,,,
1-0069-3-022,祐国寺塔（铁塔）,铁塔,https://baike.baidu.com/view/8032.htm,related-location,,,,
1-0070-3-023,定县开元寺塔（料敌塔）,定县开元寺塔,https://baike.baidu.com/view/10610605.htm,related-location,,,,
1-0071-3-024,佛宫寺释迦塔（应县木塔）,佛宫寺释迦塔,https://baike.baidu.com/view/105139.htm,manual,,,,法门寺 | https://zh.wikipedia.org/wiki/%E6%B3%95%E9%97%A8%E5%AF%BA | different-title
1-0072-3-025,六和塔,六和塔,https://baike.baidu.com/subview/25739/16964172.htm,exact,六和塔,https://zh.wikipedia.org/wiki/%E5%85%AD%E5%92%8C%E5%A1%94,exact,
1-0073-3-026,广惠寺华塔,广惠寺华塔,https://baike.baidu.com/view/418227.htm,exact,广惠寺华塔,https://zh.wikipedia.org/wiki/%E5%B9%BF%E6%83%A0%E5%AF%BA%E5%8D%8E%E5%A1%94,exact,
1-0074-3-027,妙应寺白塔,妙应寺白塔,https://baike.baidu.com/view/174096.htm,exact,妙应寺白塔,https://zh.wikipedia.org/wiki/%E5%A6%99%E5%BA%94%E5%AF%BA%E7%99%BD%E5%A1%94,exact,
1-0075-3-028,真觉寺金刚宝座（五塔寺塔）,真觉寺金刚宝座,https://baike.baidu.com/view/418228.htm,related-location,,,,
1-0076-3-029,海宝塔,海宝塔,https://baike.baidu.com/view/73128.htm,exact,,,,
1-0077-3-030,义慈惠石柱,义慈惠石柱,https://baike.baidu.com/view/418229.htm,exact,义慈惠石柱,https://zh.wikipedia.org/wiki/%E4%B9%89%E6%85%88%E6%83%A0%E7%9F%B3%E6%9F%B1,exact,
1-0078-3-031,赵州陀罗尼经幢,赵州陀罗尼经幢,https://baike.baidu.com/view/51525.htm,exact,,,,
1-0079-3-032,南禅寺大殿,南禅寺大殿,https://baike.baidu.com/view/67963.htm,exact,,,,
1-0080-3-033,佛光寺,佛光寺,https://baike.baidu.com/subview/37088/5921735.htm,exact,佛光寺,https://zh.wikipedia.org/wiki/%E4%BD%9B%E5%85%89%E5%AF%BA,exact,
1-0081-3-034,大昭寺,大昭寺,https://baike.baidu.com/subview/28306/28306.htm,exact,大昭寺,https://zh.wikipedia.org/wiki/%E5%A4%A7%E6%98%AD%E5%AF%BA,exact,
1-0082-3-035,昌珠寺,昌珠寺,https://baike.baidu.com/view/183304.htm,exact,昌珠寺,https://zh.wikipedia.org/wiki/%E6%98%8C%E7%8F%A0%E5%AF%BA,exact,
1-0083-3-036,光孝寺,光孝寺,https://baike.baidu.com/subview/59250/9432977.htm,exact,光孝寺,https://zh.wikipedia.org/wiki/%E5%85%89%E5%AD%9D%E5%AF%BA,exact,
1-0084-3-037,独乐寺,独乐寺,https://baike.baidu.com/view/17361.htm,exact,,,,
1-0085-3-038,晋祠,晋祠,https://baike.baidu.com/subview/2615/2615.htm,exact,,,,
1-0086-3-039,奉国寺,奉国寺,https://baike.baidu.com/view/17763.htm,exact,奉国寺,https://zh.wikipedia.org/wiki/%E5%A5%89%E5%9B%BD%E5%AF%BA,exact,
1-0087-3-040,清净寺,清净寺,https://baike.baidu.com/view/8227.htm,exact,,,,
1-0088-3-041,善化寺,善化寺,https://baike.baidu.com/view/51816.htm,exact,善化寺,https://zh.wikipedia.org/wiki/%E5%96%84%E5%8C%96%E5%AF%BA,exact,
1-0089-3-042,隆兴寺,隆兴寺,https://baike.baidu.com/subview/27388/6599928.htm,exact,,,,
1-0090-3-043,保国寺,保国寺,https://baike.baidu.com/view/65043.htm,exact,保国寺,https://zh.wikipedia.org/wiki/%E4%BF%9D%E5%9B%BD%E5%AF%BA,exact,
1-0091-3-044,华严寺,华严寺,https://baike.baidu.com/subview/67863/5734731.htm,exact,华严寺,https://zh.wikipedia.org/wiki/%E5%8D%8E%E4%B8%A5%E5%AF%BA,exact,
1-0092-3-045,白马寺,白马寺,https://baike.baidu.com/subview/4032/5136027.htm,exact,,,,
1-0093-3-046,永乐宫,永乐宫,https://baike.baidu.com/subview/16886/16886.htm,exact,,,,
1-0094-3-047,武当山金殿,武当山金殿,https://baike.baidu.com/view/418249.htm,exact,,,,
1-0095-3-048,萨迦寺,萨迦寺,https://baike.baidu.com/subview/113821/113821.htm,exact,,,,
1-0096-3-049,广胜寺,广胜寺,https://baike.baidu.com/subview/38758/38758.htm,exact,广胜寺,https://zh.wikipedia.org/wiki/%E5%B9%BF%E8%83%9C%E5%AF%BA,exact,
1-0097-3-050,观星台,观星台,https://baike.baidu.com/subview/230933/230933.htm,exact,,,,
1-0098-3-051,居庸关云台,居庸关云台,https://baike.baidu.com/view/63738.htm,exact,居庸关云台,https://zh.wikipedia.org/wiki/%E5%B1%85%E5%BA%B8%E5%85%B3%E4%BA%91%E5%8F%B0,exact,
1-0099-3-052,曲阜孔庙及孔府,曲阜孔庙及孔府,https://baike.baidu.com/view/1049397.htm,exact,,,,
1-0100-3-053,故宫,北京故宫,https://baike.baidu.com/subview/17598/17598.htm,related-location,故宫,https://zh.wikipedia.org/wiki/%E6%95%85%E5%AE%AB,exact,
1-0101-3-054,万里长城——八达岭,万里长城—八达岭,https://baike.baidu.com/item/%E4%B8%87%E9%87%8C%E9%95%BF%E5%9F%8E%E2%80%94%E5%85%AB%E8%BE%BE%E5%B2%AD,manual,八达岭,https://zh.wikipedia.org/wiki/%E5%85%AB%E8%BE%BE%E5%B2%AD,manual,万里长城—八达岭 | https://baike.baidu.com/item/%E4%B8%87%E9%87%8C%E9%95%BF%E5%9F%8E%E2%80%94%E5%85%AB%E8%BE%BE%E5%B2%AD | different-title
1-0102-3-055,万里长城——山海关,山海关,https://baike.baidu.com/view/16079.htm,related-location,,,,
1-0103-3-056,万里长城——嘉峪关,嘉峪关,https://baike.baidu.com/item/%E5%98%89%E5%B3%AA%E5%85%B3/31160,manual,嘉峪关,https://zh.wikipedia.org/wiki/%E5%98%89%E5%B3%AA%E5%85%B3,manual,
1-0104-3-057,西安城墙,西安城墙,https://baike.baidu.com/subview/67822/17066894.htm,exact,,,,
1-0105-3-058,天坛,天坛,https://baike.baidu.com/subview/9993/5075043.htm,exact,天坛,https://zh.wikipedia.org/wiki/%E5%A4%A9%E5%9D%9B,exact,
1-0106-3-059,北海及团城,北海及团城,https://baike.baidu.com/view/137781.htm,exact,,,,
1-0107-3-060,布达拉宫,布达拉宫,https://baike.baidu.com/subview/1663/12526603.htm,exact,布达拉宫,https://zh.wikipedia.org/wiki/%E5%B8%83%E8%BE%BE%E6%8B%89%E5%AE%AB,exact,
1-0108-3-061,噶丹寺,噶丹寺,https://baike.baidu.com/view/418618.htm,exact,,,,
1-0109-3-062,扎什伦布寺,扎什伦布寺,https://baike.baidu.com/subview/28345/8847946.htm,exact,扎什伦布寺,https://zh.wikipedia.org/wiki/%E6%89%8E%E4%BB%80%E4%BC%A6%E5%B8%83%E5%AF%BA,exact,
1-0110-3-063,智化寺,智化寺,https://baike.baidu.com/view/9538.htm,exact,智化寺,https://zh.wikipedia.org/wiki/%E6%99%BA%E5%8C%96%E5%AF%BA,exact,
1-0111-3-064,塔尔寺,塔尔寺,https://baike.baidu.com/subview/6104/6104.htm,exact,塔尔寺,https://zh.wikipedia.org/wiki/%E5%A1%94%E5%B0%94%E5%AF%BA,exact,
1-0112-3-065,沈阳故宫,沈阳故宫,https://baike.baidu.com/subview/13906/13906.htm,exact,沈阳故宫,https://zh.wikipedia.org/wiki/%E6%B2%88%E9%98%B3%E6%95%85%E5%AE%AB,exact,
1-0113-3-066,国子监,国子监,https://baike.baidu.com/subview/7406/7406.htm,exact,国子监,https://zh.wikipedia.org/wiki/%E5%9B%BD%E5%AD%90%E7%9B%91,exact,
1-0114-3-067,雍和宫,雍和宫,https://baike.baidu.com/subview/9419/9419.htm,exact,,,,
1-0115-3-068,普宁寺,普宁寺,https://baike.baidu.com/subview/51342/10867427.htm,exact,普宁寺,https://zh.wikipedia.org/wiki/%E6%99%AE%E5%AE%81%E5%AF%BA,exact,
1-0116-3-069,普乐寺,普乐寺,https://baike.baidu.com/subview/51327/51327.htm,exact,,,,
1-0117-3-070,普陀宗乘之庙,普陀宗乘之庙,https://baike.baidu.com/view/70525.htm,exact,普陀宗乘之庙,https://zh.wikipedia.org/wiki/%E6%99%AE%E9%99%80%E5%AE%97%E4%B9%98%E4%B9%8B%E5%BA%99,exact,
1-0118-3-071,须弥福寿之庙,须弥福寿之庙,https://baike.baidu.com/view/70530.htm,exact,,,,
1-0119-3-072,武侯祠,武侯祠,https://baike.baidu.com/subview/21362/5072331.htm,exact,武侯祠,https://zh.wikipedia.org/wiki/%E6%AD%A6%E4%BE%AF%E7%A5%A0,exact,
1-0120-3-073,杜甫草堂,杜甫草堂,https://baike.baidu.com/subview/21329/5370219.htm,exact,杜甫草堂,https://zh.wikipedia.org/wiki/%E6%9D%9C%E7%94%AB%E8%8D%89%E5%A0%82,exact,
1-0121-3-074,拙政园,拙政园,https://baike.baidu.com/subview/4131/4131.htm,exact,拙政园,https://zh.wikipedia.org/wiki/%E6%8B%99%E6%94%BF%E5%9B%AD,exact,
1-0122-3-075,颐和园,颐和园,https://baike.baidu.com/subview/7379/9572580.htm,exact,,,,
1-0123-3-076,避暑山庄,避暑山庄,https://baike.baidu.com/subview/6967/6967.htm,exact,,,,
1-0124-3-077,留园,留园,https://baike.baidu.com/subview/23789/20354399.htm,exact,,,,
1-0125-4-001,西安碑林,碑林,https://baike.baidu.com/view/98579.htm,related-location,,,,
1-0126-4-002,爨宝子碑,爨宝子碑,https://baike.baidu.com/subview/132409/132409.htm,exact,,,,
1-0127-4-003,爨龙颜碑,爨龙颜碑,https://baike.baidu.com/subview/15433/15433.htm,exact,,,,
1-0128-4-004,药王山石刻,药王山石刻,https://baike.baidu.com/view/51856.htm,exact,,,,
1-0129-4-005,段氏与三十七部会盟碑,段氏与三十七部会盟碑,https://baike.baidu.com/view/418655.htm,exact,段氏与三十七部会盟碑,https://zh.wikipedia.org/wiki/%E6%AE%B5%E6%B0%8F%E4%B8%8E%E4%B8%89%E5%8D%81%E4%B8%83%E9%83%A8%E4%BC%9A%E7%9B%9F%E7%A2%91,exact,
1-0130-4-006,重修护国寺感应塔碑,重修护国寺感应塔碑,https://baike.baidu.com/view/6240567.htm,exact,,,,
1-0131-4-007,苏州文庙及石刻,苏州文庙及石刻,https://baike.baidu.com/view/11617548.htm,exact,,,,
1-0132-4-008,溪州铜柱,溪州铜柱,https://baike.baidu.com/view/48918.htm,exact,溪州铜柱,https://zh.wikipedia.org/wiki/%E6%BA%AA%E5%B7%9E%E9%93%9C%E6%9F%B1,exact,
1-0133-4-009,峨眉山古建筑群,峨眉山古建筑群,https://baike.baidu.com/view/10596541.htm,exact,峨眉山古建筑群,https://zh.wikipedia.org/wiki/%E5%B3%A8%E7%9C%89%E5%B1%B1%E5%8F%A4%E5%BB%BA%E7%AD%91%E7%BE%A4,exact,
1-0134-4-010,沧州铁狮子,沧州铁狮子,https://baike.baidu.com/view/48814.htm,exact,沧州铁狮子,https://zh.wikipedia.org/wiki/%E6%B2%A7%E5%B7%9E%E9%93%81%E7%8B%AE%E5%AD%90,exact,
1-0135-4-011,保圣寺罗汉塑像,保圣寺罗汉塑像,https://baike.baidu.com/view/418683.htm,exact,,,,
1-0136-1-001,周口店遗址,周口店遗址,https://baike.baidu.com/subview/23334/23334.htm,exact,周口店遗址,https://zh.wikipedia.org/wiki/%E5%91%A8%E5%8F%A3%E5%BA%97%E9%81%97%E5%9D%80,exact,
1-0137-1-002,丁村遗址,丁村遗址,https://baike.baidu.com/view/126266.htm,exact,丁村遗址,https://zh.wikipedia.org/wiki/%E4%B8%81%E6%9D%91%E9%81%97%E5%9D%80,exact,
1-0138-1-003,仰韶村遗址,仰韶村遗址,https://baike.baidu.com/view/418700.htm,exact,仰韶村遗址,https://zh.wikipedia.org/wiki/%E4%BB%B0%E9%9F%B6%E6%9D%91%E9%81%97%E5%9D%80,exact,
1-0139-1-004,半坡遗址,半坡遗址,https://baike.baidu.com/view/43484.htm,exact,半坡遗址,https://zh.wikipedia.org/wiki/%E5%8D%8A%E5%9D%A1%E9%81%97%E5%9D%80,exact,
1-0140-1-005,城子崖遗址,城子崖遗址,https://baike.baidu.com/view/37903.htm,exact,城子崖遗址,https://zh.wikipedia.org/wiki/%E5%9F%8E%E5%AD%90%E5%B4%96%E9%81%97%E5%9D%80,exact,
1-0141-1-006,郑州商代遗址,郑州商代遗址,https://baike.baidu.com/view/48481.htm,exact,,,,
1-0142-1-007,殷墟,殷墟,https://baike.baidu.com/subview/7980/5141908.htm,exact,殷墟,https://zh.wikipedia.org/wiki/%E6%AE%B7%E5%A2%9F,exact,
1-0143-1-008,丰镐遗址,丰镐遗址,https://baike.baidu.com/view/194724.htm,exact,,,,
1-0144-1-009,临淄齐国故城,临淄齐国故城,https://baike.baidu.com/view/51260.htm,exact,临淄齐国故城,https://zh.wikipedia.org/wiki/%E4%B8%B4%E6%B7%84%E9%BD%90%E5%9B%BD%E6%95%85%E5%9F%8E,exact,
1-0145-1-010,曲阜鲁国故城,曲阜鲁国故城,https://baike.baidu.com/view/58275.htm,exact,曲阜鲁国故城,https://zh.wikipedia.org/wiki/%E6%9B%B2%E9%98%9C%E9%B2%81%E5%9B%BD%E6%95%85%E5%9F%8E,exact,
1-0146-1-011,侯马晋国遗址,侯马晋国遗址,https://baike.baidu.com/view/51628.htm,exact,侯马晋国遗址,https://zh.wikipedia.org/wiki/%E4%BE%AF%E9%A9%AC%E6%99%8B%E5%9B%BD%E9%81%97%E5%9D%80,exact,
1-0147-1-012,楚纪南故城,楚纪南故城,https://baike.baidu.com/view/65392.htm,exact,楚纪南故城,https://zh.wikipedia.org/wiki/%E6%A5%9A%E7%BA%AA%E5%8D%97%E6%95%85%E5%9F%8E,exact,
1-0148-1-013,郑韩故城,郑韩故城,https://baike.baidu.com/view/54094.htm,exact,,,,
1-0149-1-014,赵邯郸故城,赵邯郸故城,https://baike.baidu.com/view/51786.htm,exact,,,,
1-0150-1-015,燕下都遗址,燕下都遗址,https://baike.baidu.com/view/51379.htm,exact,,,,
1-0151-1-016,阿房宫遗址,阿房宫遗址,https://baike.baidu.com/view/170063.htm,exact,,,,
1-0152-1-017,汉长安城遗址,汉长安城遗址,https://baike.baidu.com/view/184896.htm,exact,,,,
1-0153-1-018,汉魏洛阳故城,汉魏洛阳故城,https://baike.baidu.com/subview/139615/20538017.htm,exact,汉魏洛阳故城,https://zh.wikipedia.org/wiki/%E6%B1%89%E9%AD%8F%E6%B4%9B%E9%98%B3%E6%95%85%E5%9F%8E,exact,
1-0154-1-019,高昌故城,高昌故城,https://baike.baidu.com/subview/67426/67426.htm,exact,,,,
1-0155-1-020,雅尔湖故城,雅尔湖故城,https://baike.baidu.com/view/418734.htm,exact,,,,
1-0156-1-021,大明宫遗址,大明宫遗址,https://baike.baidu.com/subview/148983/148983.htm,exact,,,,
1-0157-1-022,太和城遗址,太和城遗址,https://baike.baidu.com/view/418750.htm,exact,太和城遗址,https://zh.wikipedia.org/wiki/%E5%A4%AA%E5%92%8C%E5%9F%8E%E9%81%97%E5%9D%80,exact,
1-0158-1-023,渤海国上京龙泉府遗址,渤海国上京龙泉府遗址,https://baike.baidu.com/view/52848.htm,exact,渤海国上京龙泉府遗址,https://zh.wikipedia.org/wiki/%E6%B8%A4%E6%B5%B7%E5%9B%BD%E4%B8%8A%E4%BA%AC%E9%BE%99%E6%B3%89%E5%BA%9C%E9%81%97%E5%9D%80,exact,
1-0159-1-024,辽上京遗址,辽上京遗址,https://baike.baidu.com/view/150854.htm,exact,,,,
1-0160-1-025,辽中京遗址,辽中京遗址,https://baike.baidu.com/view/150870.htm,exact,,,,
1-0161-1-026,古格王国遗址,古格王国遗址,https://baike.baidu.com/subview/358684/358684.htm,exact,古格王国遗址,https://zh.wikipedia.org/wiki/%E5%8F%A4%E6%A0%BC%E7%8E%8B%E5%9B%BD%E9%81%97%E5%9D%80,exact,
1-0162-2-001,黄帝陵,黄帝陵,https://baike.baidu.com/subview/14588/13626594.htm,exact,,,,
1-0163-2-002,孔林,孔林,https://baike.baidu.com/subview/18015/18937796.htm,exact,孔林,https://zh.wikipedia.org/wiki/%E5%AD%94%E6%9E%97,exact,
1-0164-2-003,秦始皇陵,秦始皇陵,https://baike.baidu.com/subview/6654/18935778.htm,exact,,,,
1-0165-2-004,茂陵,茂陵,https://baike.baidu.com/subview/72938/6535526.htm,exact,,,,
1-0166-2-005,霍去病墓,霍去病墓,https://baike.baidu.com/view/24053.htm,exact,,,,
1-0167-2-006,辽阳壁画墓群,辽阳壁画墓群,https://baike.baidu.com/view/4419711.htm,exact,,,,
1-0168-2-007,洞沟古墓群,洞沟古墓群,https://baike.baidu.com/subview/418767/19166556.htm,exact,洞沟古墓群,https://zh.wikipedia.org/wiki/%E6%B4%9E%E6%B2%9F%E5%8F%A4%E5%A2%93%E7%BE%A4,exact,
1-0169-2-008,封氏墓群,封氏墓群,https://baike.baidu.com/view/418774.htm,exact,封氏墓群,https://zh.wikipedia.org/wiki/%E5%B0%81%E6%B0%8F%E5%A2%93%E7%BE%A4,exact,
1-0170-2-009,昭陵,昭陵,https://baike.baidu.com/subview/79804/5120543.htm,exact,昭陵,https://zh.wikipedia.org/wiki/%E6%98%AD%E9%99%B5,exact,
1-0171-2-010,乾陵,乾陵,https://baike.baidu.com/subview/16971/18710773.htm,exact,,,,
1-0172-2-011,顺陵,顺陵,https://baike.baidu.com/subview/79817/10996357.htm,exact,,,,
1-0173-2-012,六顶山古墓群,六顶山古墓群,https://baike.baidu.com/view/277176.htm,exact,六顶山古墓群,https://zh.wikipedia.org/wiki/%E5%85%AD%E9%A1%B6%E5%B1%B1%E5%8F%A4%E5%A2%93%E7%BE%A4,exact,
1-0174-2-013,藏王墓,藏王墓,https://baike.baidu.com/view/23225.htm,exact,,,,
1-0175-2-014,王建墓,王建墓,https://baike.baidu.com/view/54107.htm,exact,王建墓,https://zh.wikipedia.org/wiki/%E7%8E%8B%E5%BB%BA%E5%A2%93,exact,
1-0176-2-015,岳飞墓,岳飞墓,https://baike.baidu.com/view/259785.htm,exact,,,,
1-0177-2-016,明孝陵,明孝陵,https://baike.baidu.com/subview/40876/20241930.htm,exact,明孝陵,https://zh.wikipedia.org/wiki/%E6%98%8E%E5%AD%9D%E9%99%B5,exact,
1-0178-2-017,十三陵,十三陵,https://baike.baidu.com/subview/8341/8341.htm,exact,,,,
1-0179-2-018,清东陵,清东陵,https://baike.baidu.com/subview/15159/15159.htm,exact,清东陵,https://zh.wikipedia.org/wiki/%E6%B8%85%E4%B8%9C%E9%99%B5,exact,
1-0180-2-019,清西陵,清西陵,https://baike.baidu.com/subview/21146/21146.htm,exact,清西陵,https://zh.wikipedia.org/wiki/%E6%B8%85%E8%A5%BF%E9%99%B5,exact,
2-0001-5-001,林则徐销烟池与虎门炮台旧址,林则徐销烟池与虎门炮台旧址,https://baike.baidu.com/view/11601276.htm,exact,,,,
2-0002-5-002,太平天国天王府遗址,太平天国天王府遗址,https://baike.baidu.com/view/418822.htm,exact,,,,
2-0003-5-003,义和团吕祖堂坛口遗址,义和团吕祖堂坛口遗址,https://baike.baidu.com/view/418829.htm,exact,义和团吕祖堂坛口遗址,https://zh.wikipedia.org/wiki/%E4%B9%89%E5%92%8C%E5%9B%A2%E5%90%95%E7%A5%96%E5%A0%82%E5%9D%9B%E5%8F%A3%E9%81%97%E5%9D%80,exact,
2-0004-5-004,安源路矿工人俱乐部旧址,安源路矿工人俱乐部旧址,https://baike.baidu.com/view/197921.htm,exact,,,,
2-0005-5-005,八七会议会址,八七会议会址,https://baike.baidu.com/view/418832.htm,exact,八七会议会址,https://zh.wikipedia.org/wiki/%E5%85%AB%E4%B8%83%E4%BC%9A%E8%AE%AE%E4%BC%9A%E5%9D%80,exact,
2-0006-5-006,西安事变旧址,西安事变旧址,https://baike.baidu.com/view/85680.htm,exact,,,,
2-0007-5-007,白求恩模范病室旧址,白求恩模范病室旧址,https://baike.baidu.com/view/51578.htm,exact,,,,
2-0008-5-008,西柏坡中共中央旧址,西柏坡中共中央旧址,https://baike.baidu.com/view/55944.htm,exact,,,,
2-0009-5-009,北京宋庆龄故居,北京宋庆龄故居,https://baike.baidu.com/view/682565.htm,exact,北京宋庆龄故居,https://zh.wikipedia.org/wiki/%E5%8C%97%E4%BA%AC%E5%AE%8B%E5%BA%86%E9%BE%84%E6%95%85%E5%B1%85,exact,
2-0010-5-010,宋庆龄墓,宋庆龄墓,https://baike.baidu.com/view/64479.htm,exact,宋庆龄墓,https://zh.wikipedia.org/wiki/%E5%AE%8B%E5%BA%86%E9%BE%84%E5%A2%93,exact,
2-0011-4-001,巩县石窟,巩县石窟,https://baike.baidu.com/subview/418838/418838.htm,exact,巩县石窟,https://zh.wikipedia.org/wiki/%E5%B7%A9%E5%8E%BF%E7%9F%B3%E7%AA%9F,exact,
2-0012-4-002,须弥山石窟,须弥山石窟,https://baike.baidu.com/subview/6506/6506.htm,exact,,,,
2-0013-4-003,乐山大佛,乐山大佛,https://baike.baidu.com/subview/3425/3425.htm,exact,乐山大佛,https://zh.wikipedia.org/wiki/%E4%B9%90%E5%B1%B1%E5%A4%A7%E4%BD%9B,exact,
2-0014-4-004,柏孜克里克千佛洞,柏孜克里克千佛洞,https://baike.baidu.com/view/67424.htm,exact,柏孜克里克千佛洞,https://zh.wikipedia.org/wiki/%E6%9F%8F%E5%AD%9C%E5%85%8B%E9%87%8C%E5%85%8B%E5%8D%83%E4%BD%9B%E6%B4%9E,exact,
2-0015-4-005,飞来峰造像,飞来峰造像,https://baike.baidu.com/view/328441.htm,exact,,,,
2-0016-3-001,修定寺塔,修定寺塔,https://baike.baidu.com/view/399508.htm,exact,修定寺塔,https://zh.wikipedia.org/wiki/%E4%BF%AE%E5%AE%9A%E5%AF%BA%E5%A1%94,exact,
2-0017-3-002,玉泉寺及铁塔,玉泉寺及铁塔,https://baike.baidu.com/view/418847.htm,exact,,,,
2-0018-3-003,万部华严经塔,万部华严经塔,https://baike.baidu.com/view/164982.htm,exact,万部华严经塔,https://zh.wikipedia.org/wiki/%E4%B8%87%E9%83%A8%E5%8D%8E%E4%B8%A5%E7%BB%8F%E5%A1%94,exact,
2-0019-3-004,华林寺大殿,华林寺大殿,https://baike.baidu.com/view/37275.htm,exact,,,,
2-0020-3-005,开元寺,开元寺,https://baike.baidu.com/subview/28982/5732809.htm,exact,开元寺,https://zh.wikipedia.org/wiki/%E5%BC%80%E5%85%83%E5%AF%BA,exact,
2-0021-3-006,灵岩寺,,,,灵岩寺 (长清),https://zh.wikipedia.org/wiki/%E7%81%B5%E5%B2%A9%E5%AF%BA_(%E9%95%BF%E6%B8%85),search-related-location,灵岩寺及千佛塔 | https://baike.baidu.com/subview/12643002/13114410.htm | related-unconfirmed
2-0022-3-007,玄妙观三清殿,玄妙观三清殿,https://baike.baidu.com/view/1391951.htm,exact,,,,
2-0023-3-008,岩山寺,岩山寺,https://baike.baidu.com/subview/418858/20060170.htm,exact,岩山寺,https://zh.wikipedia.org/wiki/%E5%B2%A9%E5%B1%B1%E5%AF%BA,exact,
2-0024-3-009,北岳庙,北岳庙,https://baike.baidu.com/subview/543711/6143860.htm,exact,北岳庙,https://zh.wikipedia.org/wiki/%E5%8C%97%E5%B2%B3%E5%BA%99,exact,
2-0025-3-010,紫霄宫,紫霄宫,https://baike.baidu.com/subview/195578/13591814.htm,exact,,,,
2-0026-3-011,五台山古建筑群,五台山古建筑群,https://baike.baidu.com/view/11579822.htm,exact,,,,
2-0027-3-012,哲蚌寺,哲蚌寺,https://baike.baidu.com/view/45437.htm,exact,哲蚌寺,https://zh.wikipedia.org/wiki/%E5%93%B2%E8%9A%8C%E5%AF%BA,exact,
2-0028-3-013,色拉寺,色拉寺,https://baike.baidu.com/view/45444.htm,exact,,,,
2-0029-3-014,皇史宬,皇史宬,https://baike.baidu.com/view/9969.htm,exact,皇史宬,https://zh.wikipedia.org/wiki/%E7%9A%87%E5%8F%B2%E5%AE%AC,exact,
2-0030-3-015,悬空寺,悬空寺,https://baike.baidu.com/subview/16483/5062508.htm,exact,悬空寺,https://zh.wikipedia.org/wiki/%E6%82%AC%E7%A9%BA%E5%AF%BA,exact,
2-0031-3-016,天一阁,天一阁,https://baike.baidu.com/subview/16659/16659.htm,exact,天一阁,https://zh.wikipedia.org/wiki/%E5%A4%A9%E4%B8%80%E9%98%81,exact,
2-0032-3-017,古观象台,古观象台,https://baike.baidu.com/view/9503.htm,exact,,,,
2-0033-3-018,经略台真武阁,经略台真武阁,https://baike.baidu.com/subview/981628/981628.htm,exact,,,,
2-0034-3-019,瞿昙寺,瞿昙寺,https://baike.baidu.com/subview/165098/165098.htm,exact,瞿昙寺,https://zh.wikipedia.org/wiki/%E7%9E%BF%E6%98%99%E5%AF%BA,exact,
2-0035-3-020,北京城东南角楼,北京城东南角楼,https://baike.baidu.com/view/894062.htm,exact,,,,
2-0036-3-021,都江堰,都江堰,https://baike.baidu.com/subview/2240/12000340.htm,exact,,,,
2-0037-3-022,蓬莱水城及蓬莱阁,蓬莱水城及蓬莱阁,https://baike.baidu.com/view/11619172.htm,exact,,,,
2-0038-3-023,太和宫金殿,太和宫金殿,https://baike.baidu.com/view/51279.htm,exact,太和宫金殿,https://zh.wikipedia.org/wiki/%E5%A4%AA%E5%92%8C%E5%AE%AB%E9%87%91%E6%AE%BF,exact,
2-0039-3-024,豫园,豫园,https://baike.baidu.com/subview/30252/30252.htm,exact,,,,
2-0040-3-025,恭王府及花园,恭王府及花园,https://baike.baidu.com/view/10748736.htm,exact,,,,
2-0041-3-026,网师园,网师园,https://baike.baidu.com/view/80726.htm,exact,,,,
2-0042-3-027,程阳永济桥,程阳永济桥,https://baike.baidu.com/view/192895.htm,exact,程阳永济桥,https://zh.wikipedia.org/wiki/%E7%A8%8B%E9%98%B3%E6%B0%B8%E6%B5%8E%E6%A1%A5,exact,
2-0043-3-028,拉卜楞寺,拉卜楞寺,https://baike.baidu.com/view/1662.htm,exact,拉卜楞寺,https://zh.wikipedia.org/wiki/%E6%8B%89%E5%8D%9C%E6%A5%9E%E5%AF%BA,exact,
2-0044-4-001,常德铁幢,常德铁幢,https://baike.baidu.com/view/1195051.htm,exact,常德铁幢,https://zh.wikipedia.org/wiki/%E5%B8%B8%E5%BE%B7%E9%93%81%E5%B9%A2,exact,
2-0045-4-002,地藏寺经幢,地藏寺经幢,https://baike.baidu.com/view/1070430.htm,exact,地藏寺经幢,https://zh.wikipedia.org/wiki/%E5%9C%B0%E8%97%8F%E5%AF%BA%E7%BB%8F%E5%B9%A2,exact,
2-0046-1-001,元谋猿人遗址,元谋猿人遗址,https://baike.baidu.com/view/1070425.htm,exact,,,,
2-0047-1-002,蓝田猿人遗址,蓝田猿人遗址,https://baike.baidu.com/view/50636.htm,exact,,,,
2-0048-1-003,大汶口遗址,大汶口遗址,https://baike.baidu.com/view/120834.htm,exact,大汶口遗址,https://zh.wikipedia.org/wiki/%E5%A4%A7%E6%B1%B6%E5%8F%A3%E9%81%97%E5%9D%80,exact,
2-0049-1-004,河姆渡遗址,河姆渡遗址,https://baike.baidu.com/subview/1395/1395.htm,exact,河姆渡遗址,https://zh.wikipedia.org/wiki/%E6%B2%B3%E5%A7%86%E6%B8%A1%E9%81%97%E5%9D%80,exact,
2-0050-1-005,周原遗址,周原遗址,https://baike.baidu.com/view/113459.htm,exact,,,,
2-0051-1-006,铜录山古铜矿遗址,铜录山古铜矿遗址,https://baike.baidu.com/view/192899.htm,exact,,,,
2-0052-1-007,丸都山城与国内城,丸都山城与国内城,https://baike.baidu.com/item/%E4%B8%B8%E9%83%BD%E5%B1%B1%E5%9F%8E%E4%B8%8E%E5%9B%BD%E5%86%85%E5%9F%8E,exact,,,,
2-0053-1-008,湖田古瓷窑址,湖田古瓷窑址,https://baike.baidu.com/view/1741815.htm,exact,,,,
2-0054-1-009,金上京会宁府遗址,金上京会宁府遗址,https://baike.baidu.com/view/984811.htm,exact,,,,
2-0055-1-010,明中都皇故城及皇陵石刻,明中都皇故城及皇陵石刻,https://baike.baidu.com/view/4412787.htm,exact,,,,
2-0056-2-001,司马迁墓和祠,司马迁墓和祠,https://baike.baidu.com/view/11585274.htm,exact,司马迁墓和祠,https://zh.wikipedia.org/wiki/%E5%8F%B8%E9%A9%AC%E8%BF%81%E5%A2%93%E5%92%8C%E7%A5%A0,exact,
2-0057-2-002,杨氏土司墓群,杨氏土司墓群,https://baike.baidu.com/item/%E6%9D%A8%E6%B0%8F%E5%9C%9F%E5%8F%B8%E5%A2%93%E7%BE%A4,exact,,,,
2-0058-2-003,宋陵,宋陵,https://baike.baidu.com/subview/43758/43758.htm,exact,宋陵,https://zh.wikipedia.org/wiki/%E5%AE%8B%E9%99%B5,exact,
2-0059-2-004,李时珍墓,李时珍墓,https://baike.baidu.com/view/985303.htm,exact,李时珍墓,https://zh.wikipedia.org/wiki/%E6%9D%8E%E6%97%B6%E7%8F%8D%E5%A2%93,exact,
2-0060-2-005,郑成功墓,郑成功墓,https://baike.baidu.com/view/767671.htm,exact,,,,
2-0061-2-006,清昭陵,清昭陵,https://baike.baidu.com/view/969868.htm,exact,清昭陵,https://zh.wikipedia.org/wiki/%E6%B8%85%E6%98%AD%E9%99%B5,exact,
2-0062-2-007,成吉思汗陵,成吉思汗陵,https://baike.baidu.com/subview/17074/5356127.htm,exact,成吉思汗陵,https://zh.wikipedia.org/wiki/%E6%88%90%E5%90%89%E6%80%9D%E6%B1%97%E9%99%B5,exact,
3-0001-5-001,洪秀全故居,洪秀全故居,https://baike.baidu.com/view/99210.htm,exact,洪秀全故居,https://zh.wikipedia.org/wiki/%E6%B4%AA%E7%A7%80%E5%85%A8%E6%95%85%E5%B1%85,exact,
3-0002-5-002,林则徐墓,林则徐墓,https://baike.baidu.com/view/536096.htm,exact,,,,
3-0003-5-003,堂子街太平天国壁画,,,,堂子街太平天国壁画,https://zh.wikipedia.org/wiki/%E5%A0%82%E5%AD%90%E8%A1%97%E5%A4%AA%E5%B9%B3%E5%A4%A9%E5%9B%BD%E5%A3%81%E7%94%BB,exact,太平天国壁画艺术馆 | https://baike.baidu.com/item/%E5%A4%AA%E5%B9%B3%E5%A4%A9%E5%9B%BD%E5%A3%81%E7%94%BB%E8%89%BA%E6%9C%AF%E9%A6%86 | different-title
3-0004-5-004,大沽口炮台,大沽口炮台,https://baike.baidu.com/view/75474.htm,exact,大沽口炮台,https://zh.wikipedia.org/wiki/%E5%A4%A7%E6%B2%BD%E5%8F%A3%E7%82%AE%E5%8F%B0,exact,
3-0005-5-005,太平天国侍王府,太平天国侍王府,https://baike.baidu.com/view/210994.htm,exact,太平天国侍王府,https://zh.wikipedia.org/wiki/%E5%A4%AA%E5%B9%B3%E5%A4%A9%E5%9B%BD%E4%BE%8D%E7%8E%8B%E5%BA%9C,exact,
3-0006-5-006,望海楼教堂,望海楼教堂,https://baike.baidu.com/view/174825.htm,exact,,,,
3-0007-5-007,黄兴故居、墓,,,,黄兴故居,https://zh.wikipedia.org/wiki/%E9%BB%84%E5%85%B4%E6%95%85%E5%B1%85,manual,黄兴故居、墓 | https://baike.baidu.com/view/1804339.htm | empty
3-0008-5-008,绍兴鲁迅故居,绍兴鲁迅故居,https://baike.baidu.com/view/301678.htm,exact,,,,
3-0009-5-009,刘公岛甲午战争纪念地,刘公岛甲午战争纪念地,https://baike.baidu.com/view/4977081.htm,exact,,,,
3-0010-5-010,李大钊故居,李大钊故居,https://baike.baidu.com/subview/30899/30899.htm,exact,李大钊故居,https://zh.wikipedia.org/wiki/%E6%9D%8E%E5%A4%A7%E9%92%8A%E6%95%85%E5%B1%85,exact,
3-0011-5-011,孙中山故居,孙中山故居,https://baike.baidu.com/view/99150.htm,exact,,,,
3-0012-5-012,朱德故居,朱德故居,https://baike.baidu.com/view/116109.htm,exact,朱德故居,https://zh.wikipedia.org/wiki/%E6%9C%B1%E5%BE%B7%E6%95%85%E5%B1%85,exact,
3-0013-5-013,茅盾故居,茅盾故居,https://baike.baidu.com/subview/90351/13579960.htm,exact,茅盾故居,https://zh.wikipedia.org/wiki/%E8%8C%85%E7%9B%BE%E6%95%85%E5%B1%85,exact,
3-0014-5-014,周恩来故居,周恩来故居,https://baike.baidu.com/subview/557250/5128097.htm,exact,周恩来故居,https://zh.wikipedia.org/wiki/%E5%91%A8%E6%81%A9%E6%9D%A5%E6%95%85%E5%B1%85,exact,
3-0015-5-015,刘少奇故居,刘少奇故居,https://baike.baidu.com/view/48806.htm,exact,刘少奇故居,https://zh.wikipedia.org/wiki/%E5%88%98%E5%B0%91%E5%A5%87%E6%95%85%E5%B1%85,exact,
3-0016-5-016,任弼时故居,任弼时故居,https://baike.baidu.com/subview/482141/20527739.htm,exact,任弼时故居,https://zh.wikipedia.org/wiki/%E4%BB%BB%E5%BC%BC%E6%97%B6%E6%95%85%E5%B1%85,exact,
3-0017-5-017,秋瑾故居,秋瑾故居,https://baike.baidu.com/subview/19802/7981064.htm,exact,秋瑾故居,https://zh.wikipedia.org/wiki/%E7%A7%8B%E7%91%BE%E6%95%85%E5%B1%85,exact,
3-0018-5-018,云南陆军讲武堂旧址,云南陆军讲武堂旧址,https://baike.baidu.com/view/379854.htm,exact,,,,
3-0019-5-019,辛亥秋保路死事纪念碑,辛亥秋保路死事纪念碑,https://baike.baidu.com/view/1206076.htm,exact,,,,
3-0020-5-020,国民党“一大”旧址（包括革命广场）,中国国民党第一次全国代表大会旧址,https://baike.baidu.com/item/%E4%B8%AD%E5%9B%BD%E5%9B%BD%E6%B0%91%E5%85%9A%E7%AC%AC%E4%B8%80%E6%AC%A1%E5%85%A8%E5%9B%BD%E4%BB%A3%E8%A1%A8%E5%A4%A7%E4%BC%9A%E6%97%A7%E5%9D%80/15583638,manual,中国国民党第一次全国代表大会旧址,https://zh.wikipedia.org/wiki/%E4%B8%AD%E5%9C%8B%E5%9C%8B%E6%B0%91%E9%BB%A8%E7%AC%AC%E4%B8%80%E6%AC%A1%E5%85%A8%E5%9C%8B%E4%BB%A3%E8%A1%A8%E5%A4%A7%E6%9C%83%E8%88%8A%E5%9D%80,manual,中山陵 | https://zh.wikipedia.org/wiki/%E4%B8%AD%E5%B1%B1%E9%99%B5 | different-title
3-0021-5-021,黄埔军校旧址,黄埔军校旧址,https://baike.baidu.com/view/58694.htm,exact,,,,
3-0022-5-022,中华全国总工会旧址,中华全国总工会旧址,https://baike.baidu.com/view/99279.htm,exact,中华全国总工会旧址,https://zh.wikipedia.org/wiki/%E4%B8%AD%E5%8D%8E%E5%85%A8%E5%9B%BD%E6%80%BB%E5%B7%A5%E4%BC%9A%E6%97%A7%E5%9D%80,exact,
3-0023-5-023,北伐汀泗桥战役遗址,北伐汀泗桥战役遗址,https://baike.baidu.com/view/4433838.htm,exact,北伐汀泗桥战役遗址,https://zh.wikipedia.org/wiki/%E5%8C%97%E4%BC%90%E6%B1%80%E6%B3%97%E6%A1%A5%E6%88%98%E5%BD%B9%E9%81%97%E5%9D%80,exact,
3-0024-5-024,红安七里坪革命旧址,红安七里坪革命旧址,https://baike.baidu.com/view/1621702.htm,exact,红安七里坪革命旧址,https://zh.wikipedia.org/wiki/%E7%BA%A2%E5%AE%89%E4%B8%83%E9%87%8C%E5%9D%AA%E9%9D%A9%E5%91%BD%E6%97%A7%E5%9D%80,exact,
3-0025-5-025,龙华革命烈士纪念地,龙华革命烈士纪念地,https://baike.baidu.com/view/103954.htm,exact,,,,
3-0026-5-026,雨花台烈士陵园,雨花台烈士陵园,https://baike.baidu.com/view/253947.htm,exact,,,,
3-0027-5-027,平江起义旧址,平江起义旧址,https://baike.baidu.com/view/1200638.htm,exact,平江起义旧址,https://zh.wikipedia.org/wiki/%E5%B9%B3%E6%B1%9F%E8%B5%B7%E4%B9%89%E6%97%A7%E5%9D%80,exact,
3-0028-5-028,中国工农红军第七军、第八军军部旧址,中国工农红军第七军、第八军军部旧址,https://baike.baidu.com/view/10632895.htm,exact,中国工农红军第七军、第八军军部旧址,https://zh.wikipedia.org/wiki/%E4%B8%AD%E5%9B%BD%E5%B7%A5%E5%86%9C%E7%BA%A2%E5%86%9B%E7%AC%AC%E4%B8%83%E5%86%9B%E3%80%81%E7%AC%AC%E5%85%AB%E5%86%9B%E5%86%9B%E9%83%A8%E6%97%A7%E5%9D%80,exact,
3-0029-5-029,长汀革命旧址,长汀革命旧址,https://baike.baidu.com/view/4423049.htm,exact,,,,
3-0030-5-030,湘鄂西革命根据地旧址,湘鄂西革命根据地旧址,https://baike.baidu.com/view/1399192.htm,exact,,,,
3-0031-5-031,宁都起义指挥部旧址,宁都起义指挥部旧址,https://baike.baidu.com/view/117545.htm,exact,宁都起义指挥部旧址,https://zh.wikipedia.org/wiki/%E5%AE%81%E9%83%BD%E8%B5%B7%E4%B9%89%E6%8C%87%E6%8C%A5%E9%83%A8%E6%97%A7%E5%9D%80,exact,
3-0032-5-032,鄂豫皖革命根据地旧址,鄂豫皖革命根据地旧址,https://baike.baidu.com/view/9656797.htm,exact,,,,
3-0033-5-033,红四方面军总指挥部旧址,红四方面军总指挥部旧址,https://baike.baidu.com/view/1399193.htm,exact,,,,
3-0034-5-034,平顶山惨案遗址,平顶山惨案遗址,https://baike.baidu.com/view/1528221.htm,exact,,,,
3-0035-5-035,瓦窑堡革命旧址,瓦窑堡革命旧址,https://baike.baidu.com/view/518698.htm,exact,,,,
3-0036-5-036,八路军西安办事处旧址,八路军西安办事处旧址,https://baike.baidu.com/view/440539.htm,exact,八路军西安办事处旧址,https://zh.wikipedia.org/wiki/%E5%85%AB%E8%B7%AF%E5%86%9B%E8%A5%BF%E5%AE%89%E5%8A%9E%E4%BA%8B%E5%A4%84%E6%97%A7%E5%9D%80,exact,
3-0037-5-037,中共中央中原局旧址,中共中央中原局旧址,https://baike.baidu.com/view/5047983.htm,exact,,,,
3-0038-5-038,陈嘉庚墓,陈嘉庚墓,https://baike.baidu.com/view/1372605.htm,exact,,,,
3-0039-5-039,冯玉祥墓,冯玉祥墓,https://baike.baidu.com/view/268271.htm,exact,冯玉祥墓,https://zh.wikipedia.org/wiki/%E5%86%AF%E7%8E%89%E7%A5%A5%E5%A2%93,exact,
3-0040-5-040,郭沫若故居,郭沫若故居,https://baike.baidu.com/subview/17662/12860836.htm,exact,,,,
3-0041-5-041,聂耳墓,聂耳墓,https://baike.baidu.com/view/183257.htm,exact,聂耳墓,https://zh.wikipedia.org/wiki/%E8%81%82%E8%80%B3%E5%A2%93,exact,
3-0042-4-001,孔望山摩崖造像,孔望山摩崖造像,https://baike.baidu.com/view/897387.htm,exact,孔望山摩崖造像,https://zh.wikipedia.org/wiki/%E5%AD%94%E6%9C%9B%E5%B1%B1%E6%91%A9%E5%B4%96%E9%80%A0%E5%83%8F,exact,
3-0043-4-002,北石窟寺,北石窟寺,https://baike.baidu.com/view/113772.htm,exact,北石窟寺,https://zh.wikipedia.org/wiki/%E5%8C%97%E7%9F%B3%E7%AA%9F%E5%AF%BA,exact,
3-0044-4-003,南石窟寺,南石窟寺,https://baike.baidu.com/view/537121.htm,exact,南石窟寺,https://zh.wikipedia.org/wiki/%E5%8D%97%E7%9F%B3%E7%AA%9F%E5%AF%BA,exact,
3-0045-4-004,万佛堂石窟,万佛堂石窟,https://baike.baidu.com/view/60156.htm,exact,万佛堂石窟,https://zh.wikipedia.org/wiki/%E4%B8%87%E4%BD%9B%E5%A0%82%E7%9F%B3%E7%AA%9F,exact,
3-0046-4-005,驼山石窟,驼山石窟,https://baike.baidu.com/view/82921.htm,exact,,,,
3-0047-4-006,南龛摩崖造像,南龛摩崖造像,https://baike.baidu.com/view/602724.htm,exact,,,,
3-0048-4-007,千佛崖造像（包括龙虎塔、九顶塔）,,,,千佛崖造像（济南）,https://zh.wikipedia.org/wiki/%E5%8D%83%E4%BD%9B%E5%B4%96%E9%80%A0%E5%83%8F_%28%E6%B5%8E%E5%8D%97%29,manual,大足石刻 | https://zh.wikipedia.org/wiki/%E5%A4%A7%E8%B6%B3%E7%9F%B3%E5%88%BB | different-title
3-0049-4-008,大佛寺石窟,大佛寺石窟,https://baike.baidu.com/view/80675.htm,exact,大佛寺石窟,https://zh.wikipedia.org/wiki/%E5%A4%A7%E4%BD%9B%E5%AF%BA%E7%9F%B3%E7%AA%9F,exact,
3-0050-4-009,安岳石窟,安岳石窟,https://baike.baidu.com/subview/5088451/5103884.htm,exact,,,,
3-0051-4-010,钟山石窟,钟山石窟,https://baike.baidu.com/view/32142.htm,exact,,,,
3-0052-4-011,通天岩石窟,通天岩石窟,https://baike.baidu.com/view/494531.htm,exact,,,,
3-0053-3-001,安丰塘（芍陂）,,,,芍陂,https://zh.wikipedia.org/wiki/%E8%8A%8D%E9%99%82,search-related-location,
3-0054-3-002,灵渠,灵渠,https://baike.baidu.com/subview/32132/32132.htm,exact,灵渠,https://zh.wikipedia.org/wiki/%E7%81%B5%E6%B8%A0,exact,
3-0055-3-003,它山堰,它山堰,https://baike.baidu.com/subview/210573/18934258.htm,exact,它山堰,https://zh.wikipedia.org/wiki/%E5%AE%83%E5%B1%B1%E5%A0%B0,exact,
3-0056-3-004,木兰陂,木兰陂,https://baike.baidu.com/subview/47927/47927.htm,exact,木兰陂,https://zh.wikipedia.org/wiki/%E6%9C%A8%E5%85%B0%E9%99%82,exact,
3-0057-3-005,燊海井,燊海井,https://baike.baidu.com/subview/26794/26794.htm,exact,燊海井,https://zh.wikipedia.org/wiki/%E7%87%8A%E6%B5%B7%E4%BA%95,exact,
3-0058-3-006,金山岭长城,金山岭长城,https://baike.baidu.com/subview/15031/15031.htm,exact,,,,
3-0059-3-007,南京城墙,南京城墙,https://baike.baidu.com/subview/87386/87386.htm,exact,南京城墙,https://zh.wikipedia.org/wiki/%E5%8D%97%E4%BA%AC%E5%9F%8E%E5%A2%99,exact,
3-0060-3-008,平遥城墙,平遥城墙,https://baike.baidu.com/view/243754.htm,exact,平遥城墙,https://zh.wikipedia.org/wiki/%E5%B9%B3%E9%81%A5%E5%9F%8E%E5%A2%99,exact,
3-0061-3-009,崇武城墙,崇武城墙,https://baike.baidu.com/view/1372611.htm,exact,,,,
3-0062-3-010,兴城古城,兴城古城,https://baike.baidu.com/view/433260.htm,exact,兴城古城,https://zh.wikipedia.org/wiki/%E5%85%B4%E5%9F%8E%E5%8F%A4%E5%9F%8E,exact,
3-0063-3-011,正阳门,正阳门,https://baike.baidu.com/subview/81320/10774894.htm,exact,正阳门,https://zh.wikipedia.org/wiki/%E6%AD%A3%E9%98%B3%E9%97%A8,exact,
3-0064-3-012,宣化古城,宣化古城,https://baike.baidu.com/view/4407692.htm,exact,宣化古城,https://zh.wikipedia.org/wiki/%E5%AE%A3%E5%8C%96%E5%8F%A4%E5%9F%8E,exact,
3-0065-3-013,光岳楼,光岳楼,https://baike.baidu.com/subview/33091/33091.htm,exact,光岳楼,https://zh.wikipedia.org/wiki/%E5%85%89%E5%B2%B3%E6%A5%BC,exact,
3-0066-3-014,岳阳楼,岳阳楼,https://baike.baidu.com/subview/6358/8646947.htm,exact,岳阳楼,https://zh.wikipedia.org/wiki/%E5%B2%B3%E9%98%B3%E6%A5%BC,exact,
3-0067-3-015,观音桥,,,,观音桥 (庐山),https://zh.wikipedia.org/wiki/%E8%A7%82%E9%9F%B3%E6%A1%A5_(%E5%BA%90%E5%B1%B1),search-related-location,观音桥商圈都市旅游区 | https://baike.baidu.com/item/%E8%A7%82%E9%9F%B3%E6%A1%A5%E5%95%86%E5%9C%88%E9%83%BD%E5%B8%82%E6%97%85%E6%B8%B8%E5%8C%BA | related-unconfirmed
3-0068-3-016,洛阳桥,洛阳桥,https://baike.baidu.com/subview/23536/6534399.htm,exact,,,,
3-0069-3-017,广济桥,广济桥,https://baike.baidu.com/subview/75143/5121528.htm,exact,广济桥,https://zh.wikipedia.org/wiki/%E5%B9%BF%E6%B5%8E%E6%A1%A5,exact,
3-0070-3-018,古纤道,古纤道,https://baike.baidu.com/subview/28874/28874.htm,exact,,,,
3-0071-3-019,直隶总督署,直隶总督署,https://baike.baidu.com/view/5264.htm,exact,,,,
3-0072-3-020,卓克基土司官寨,卓克基土司官寨,https://baike.baidu.com/view/916577.htm,exact,卓克基土司官寨,https://zh.wikipedia.org/wiki/%E5%8D%93%E5%85%8B%E5%9F%BA%E5%9C%9F%E5%8F%B8%E5%AE%98%E5%AF%A8,exact,
3-0073-3-021,大屯土司庄园,大屯土司庄园,https://baike.baidu.com/view/365595.htm,exact,大屯土司庄园,https://zh.wikipedia.org/wiki/%E5%A4%A7%E5%B1%AF%E5%9C%9F%E5%8F%B8%E5%BA%84%E5%9B%AD,exact,
3-0074-3-022,白鹿书院,白鹿书院,https://baike.baidu.com/subview/369028/20269556.htm,exact,,,,
3-0075-3-023,岳麓书院,岳麓书院,https://baike.baidu.com/subview/7288/20459412.htm,exact,岳麓书院,https://zh.wikipedia.org/wiki/%E5%B2%B3%E9%BA%93%E4%B9%A6%E9%99%A2,exact,
3-0076-3-024,西秦会馆,西秦会馆,https://baike.baidu.com/view/92038.htm,exact,,,,
3-0077-3-025,聊城山陕会馆,聊城山陕会馆,https://baike.baidu.com/view/1853482.htm,exact,,,,
3-0078-3-026,社旗山陕会馆,社旗山陕会馆,https://baike.baidu.com/view/192173.htm,exact,社旗山陕会馆,https://zh.wikipedia.org/wiki/%E7%A4%BE%E6%97%97%E5%B1%B1%E9%99%95%E4%BC%9A%E9%A6%86,exact,
3-0079-3-027,胡庆余堂,胡庆余堂,https://baike.baidu.com/subview/31280/31280.htm,exact,,,,
3-0080-3-028,太庙,太庙,https://baike.baidu.com/subview/23989/23989.htm,exact,太庙,https://zh.wikipedia.org/wiki/%E5%A4%AA%E5%BA%99,exact,
3-0081-3-029,社稷坛,社稷坛,https://baike.baidu.com/subview/341889/16932110.htm,exact,,,,
3-0082-3-030,北京孔庙,北京孔庙,https://baike.baidu.com/view/23902.htm,exact,北京孔庙,https://zh.wikipedia.org/wiki/%E5%8C%97%E4%BA%AC%E5%AD%94%E5%BA%99,exact,
3-0083-3-031,孟庙、孟府和孟林,,,,孟府,https://zh.wikipedia.org/wiki/%E5%AD%9F%E5%BA%9C,search-related-location,孟庙及孟府 | https://baike.baidu.com/view/4441744.htm | different-title
3-0084-3-032,龙川胡氏宗祠,龙川胡氏宗祠,https://baike.baidu.com/view/342196.htm,exact,,,,
3-0085-3-033,陈家祠堂,陈家祠堂,https://baike.baidu.com/subview/951793/17032821.htm,exact,,,,
3-0086-3-034,泰宁尚书第建筑群,泰宁尚书第建筑群,https://baike.baidu.com/view/1079550.htm,exact,,,,
3-0087-3-035,丁村民宅,丁村民宅,https://baike.baidu.com/view/148918.htm,exact,,,,
3-0088-3-036,潜口民宅,潜口民宅,https://baike.baidu.com/view/710089.htm,exact,,,,
3-0089-3-037,东阳卢宅,卢宅,https://baike.baidu.com/view/460314.htm,related-location,东阳卢宅,https://zh.wikipedia.org/wiki/%E4%B8%9C%E9%98%B3%E5%8D%A2%E5%AE%85,exact,
3-0090-3-038,祥集弄民宅,祥集弄民宅,https://baike.baidu.com/view/938550.htm,exact,,,,
3-0091-3-039,崇礼住宅,崇礼住宅,https://baike.baidu.com/view/455775.htm,exact,崇礼住宅,https://zh.wikipedia.org/wiki/%E5%B4%87%E7%A4%BC%E4%BD%8F%E5%AE%85,exact,
3-0092-3-040,牟氏庄园,牟氏庄园,https://baike.baidu.com/subview/33948/17363434.htm,exact,,,,
3-0093-3-041,寄畅园,寄畅园,https://baike.baidu.com/view/51646.htm,exact,寄畅园,https://zh.wikipedia.org/wiki/%E5%AF%84%E7%95%85%E5%9B%AD,exact,
3-0094-3-042,环秀山庄,环秀山庄,https://baike.baidu.com/view/109305.htm,exact,,,,
3-0095-3-043,十笏园,十笏园,https://baike.baidu.com/view/42468.htm,exact,十笏园,https://zh.wikipedia.org/wiki/%E5%8D%81%E7%AC%8F%E5%9B%AD,exact,
3-0096-3-044,罗布林卡,罗布林卡,https://baike.baidu.com/subview/21796/21796.htm,exact,,,,
3-0097-3-045,何园,何园,https://baike.baidu.com/subview/83801/83801.htm,exact,何园,https://zh.wikipedia.org/wiki/%E4%BD%95%E5%9B%AD,exact,
3-0098-3-046,个园,个园,https://baike.baidu.com/subview/52103/52103.htm,exact,个园,https://zh.wikipedia.org/wiki/%E4%B8%AA%E5%9B%AD,exact,
3-0099-3-047,南通博物苑,南通博物苑,https://baike.baidu.com/subview/90273/90273.htm,exact,南通博物苑,https://zh.wikipedia.org/wiki/%E5%8D%97%E9%80%9A%E5%8D%9A%E7%89%A9%E8%8B%91,exact,
3-0100-3-048,樊敏阙及石刻,樊敏阙及石刻,https://baike.baidu.com/view/927458.htm,exact,,,,
3-0101-3-049,“治世玄岳”牌坊,“治世玄岳”牌坊,https://baike.baidu.com/item/%E2%80%9C%E6%B2%BB%E4%B8%96%E7%8E%84%E5%B2%B3%E2%80%9D%E7%89%8C%E5%9D%8A,exact,“治世玄岳”牌坊,https://zh.wikipedia.org/wiki/%E2%80%9C%E6%B2%BB%E4%B8%96%E7%8E%84%E5%B2%B3%E2%80%9D%E7%89%8C%E5%9D%8A,exact,
3-0102-3-050,许国石坊,许国石坊,https://baike.baidu.com/view/57703.htm,exact,,,,
3-0103-3-051,大士阁,大士阁,https://baike.baidu.com/subview/349753/19094556.htm,exact,大士阁,https://zh.wikipedia.org/wiki/%E5%A4%A7%E5%A3%AB%E9%98%81,exact,
3-0104-3-052,增冲鼓楼,增冲鼓楼,https://baike.baidu.com/view/379788.htm,exact,增冲鼓楼,https://zh.wikipedia.org/wiki/%E5%A2%9E%E5%86%B2%E9%BC%93%E6%A5%BC,exact,
3-0105-3-053,开元寺,开元寺,https://baike.baidu.com/subview/28982/5732809.htm,exact,开元寺,https://zh.wikipedia.org/wiki/%E5%BC%80%E5%85%83%E5%AF%BA,exact,
3-0106-3-054,法兴寺,法兴寺,https://baike.baidu.com/subview/99415/16021947.htm,exact,,,,
3-0107-3-055,天台庵,天台庵,https://baike.baidu.com/view/1094882.htm,exact,天台庵,https://zh.wikipedia.org/wiki/%E5%A4%A9%E5%8F%B0%E5%BA%B5,exact,
3-0108-3-056,风穴寺及塔林,风穴寺及塔林,https://baike.baidu.com/view/13342445.htm,exact,,,,
3-0109-3-057,昭仁寺大殿,昭仁寺大殿,https://baike.baidu.com/view/4257925.htm,exact,,,,
3-0110-3-058,青莲寺,,,,青莲寺,https://zh.wikipedia.org/wiki/%E9%9D%92%E8%8E%B2%E5%AF%BA,search-exact,超山青莲寺 | https://baike.baidu.com/item/%E8%B6%85%E5%B1%B1%E9%9D%92%E8%8E%B2%E5%AF%BA | related-unconfirmed
3-0111-3-059,镇国寺,镇国寺,https://baike.baidu.com/subview/150898/5921693.htm,exact,,,,
3-0112-3-060,大云院,大云院,https://baike.baidu.com/view/99416.htm,exact,大云院,https://zh.wikipedia.org/wiki/%E5%A4%A7%E4%BA%91%E9%99%A2,exact,
3-0113-3-061,玉皇庙,玉皇庙,https://baike.baidu.com/subview/157144/10674430.htm,exact,,,,
3-0114-3-062,大庙飞来殿,大庙飞来殿,https://baike.baidu.com/view/544968.htm,exact,大庙飞来殿,https://zh.wikipedia.org/wiki/%E5%A4%A7%E5%BA%99%E9%A3%9E%E6%9D%A5%E6%AE%BF,exact,
3-0115-3-063,云岩寺,云岩寺,https://baike.baidu.com/subview/1021833/8718915.htm,exact,云岩寺,https://zh.wikipedia.org/wiki/%E4%BA%91%E5%B2%A9%E5%AF%BA,exact,
3-0116-3-064,天宁寺大殿,天宁寺大殿,https://baike.baidu.com/view/328740.htm,exact,,,,
3-0117-3-065,崇福寺,崇福寺,https://baike.baidu.com/subview/67853/6137406.htm,exact,崇福寺,https://zh.wikipedia.org/wiki/%E5%B4%87%E7%A6%8F%E5%AF%BA,exact,
3-0118-3-066,夏鲁寺,夏鲁寺,https://baike.baidu.com/view/269624.htm,exact,夏鲁寺,https://zh.wikipedia.org/wiki/%E5%A4%8F%E9%B2%81%E5%AF%BA,exact,
3-0119-3-067,法海寺,法海寺,https://baike.baidu.com/subview/22420/5736789.htm,exact,,,,
3-0120-3-068,双林寺,双林寺,https://baike.baidu.com/subview/24101/5899180.htm,exact,双林寺,https://zh.wikipedia.org/wiki/%E5%8F%8C%E6%9E%97%E5%AF%BA,exact,
3-0121-3-069,殊像寺,殊像寺,https://baike.baidu.com/subview/366193/9861848.htm,exact,,,,
3-0122-3-070,安远庙,安远庙,https://baike.baidu.com/subview/273957/16213596.htm,exact,安远庙,https://zh.wikipedia.org/wiki/%E5%AE%89%E8%BF%9C%E5%BA%99,exact,
3-0123-3-071,广允缅寺,广允缅寺,https://baike.baidu.com/view/64292.htm,exact,广允缅寺,https://zh.wikipedia.org/wiki/%E5%B9%BF%E5%85%81%E7%BC%85%E5%AF%BA,exact,
3-0124-3-072,景真八角亭,景真八角亭,https://baike.baidu.com/view/183249.htm,exact,,,,
3-0125-3-073,岱庙,岱庙,https://baike.baidu.com/subview/31901/31901.htm,exact,岱庙,https://zh.wikipedia.org/wiki/%E5%B2%B1%E5%BA%99,exact,
3-0126-3-074,西岳庙,西岳庙,https://baike.baidu.com/subview/314386/314386.htm,exact,,,,
3-0127-3-075,北镇庙,北镇庙,https://baike.baidu.com/view/883453.htm,exact,北镇庙,https://zh.wikipedia.org/wiki/%E5%8C%97%E9%95%87%E5%BA%99,exact,
3-0128-3-076,玄贞观,玄贞观,https://baike.baidu.com/view/958113.htm,exact,,,,
3-0129-3-077,万荣东岳庙,万荣东岳庙,https://baike.baidu.com/view/4431777.htm,exact,万荣东岳庙,https://zh.wikipedia.org/wiki/%E4%B8%87%E8%8D%A3%E4%B8%9C%E5%B2%B3%E5%BA%99,exact,
3-0130-3-078,解州关帝庙,解州关帝庙,https://baike.baidu.com/item/%E8%A7%A3%E5%B7%9E%E5%85%B3%E5%B8%9D%E5%BA%99/62119505,exact,,,,
3-0131-3-079,花戏楼,花戏楼,https://baike.baidu.com/subview/4784/6985317.htm,exact,,,,
3-0132-3-080,青龙洞,青龙洞,https://baike.baidu.com/subview/113605/11026045.htm,exact,,,,
3-0133-3-081,泉州天后宫,泉州天后宫,https://baike.baidu.com/view/479905.htm,exact,泉州天后宫,https://zh.wikipedia.org/wiki/%E6%B3%89%E5%B7%9E%E5%A4%A9%E5%90%8E%E5%AE%AB,exact,
3-0134-3-082,牛街礼拜寺,牛街礼拜寺,https://baike.baidu.com/view/87939.htm,exact,,,,
3-0135-3-083,西安清真寺,西安清真寺,https://baike.baidu.com/view/9722538.htm,exact,,,,
3-0136-3-084,同心清真大寺,同心清真大寺,https://baike.baidu.com/view/47371.htm,exact,同心清真大寺,https://zh.wikipedia.org/wiki/%E5%90%8C%E5%BF%83%E6%B8%85%E7%9C%9F%E5%A4%A7%E5%AF%BA,exact,
3-0137-3-085,净藏禅师塔,净藏禅师塔,https://baike.baidu.com/view/1646598.htm,exact,净藏禅师塔,https://zh.wikipedia.org/wiki/%E5%87%80%E8%97%8F%E7%A6%85%E5%B8%88%E5%A1%94,exact,
3-0138-3-086,云龙寺塔,云龙寺塔,https://baike.baidu.com/view/1349488.htm,exact,云龙寺塔,https://zh.wikipedia.org/wiki/%E4%BA%91%E9%BE%99%E5%AF%BA%E5%A1%94,exact,
3-0139-3-087,凌霄塔,凌霄塔,https://baike.baidu.com/subview/518671/13614095.htm,exact,凌霄塔,https://zh.wikipedia.org/wiki/%E5%87%8C%E9%9C%84%E5%A1%94,exact,
3-0140-3-088,朝阳北塔,朝阳北塔,https://baike.baidu.com/subview/252409/252409.htm,exact,朝阳北塔,https://zh.wikipedia.org/wiki/%E6%9C%9D%E9%98%B3%E5%8C%97%E5%A1%94,exact,
3-0141-3-089,灵光塔,灵光塔,https://baike.baidu.com/view/482913.htm,exact,,,,
3-0142-3-090,闸口白塔,闸口白塔,https://baike.baidu.com/view/1339739.htm,exact,,,,
3-0143-3-091,栖霞寺舍利塔,栖霞寺舍利塔,https://baike.baidu.com/view/987552.htm,exact,栖霞寺舍利塔,https://zh.wikipedia.org/wiki/%E6%A0%96%E9%9C%9E%E5%AF%BA%E8%88%8D%E5%88%A9%E5%A1%94,exact,
3-0144-3-092,三影塔,三影塔,https://baike.baidu.com/view/243746.htm,exact,三影塔,https://zh.wikipedia.org/wiki/%E4%B8%89%E5%BD%B1%E5%A1%94,exact,
3-0145-3-093,广教寺双塔,广教寺双塔,https://baike.baidu.com/view/1349461.htm,exact,广教寺双塔,https://zh.wikipedia.org/wiki/%E5%B9%BF%E6%95%99%E5%AF%BA%E5%8F%8C%E5%A1%94,exact,
3-0146-3-094,崇觉寺铁塔,崇觉寺铁塔,https://baike.baidu.com/view/1353150.htm,exact,崇觉寺铁塔,https://zh.wikipedia.org/wiki/%E5%B4%87%E8%A7%89%E5%AF%BA%E9%93%81%E5%A1%94,exact,
3-0147-3-095,瑞光塔,瑞光塔,https://baike.baidu.com/subview/191796/12481084.htm,exact,,,,
3-0148-3-096,飞英塔,飞英塔,https://baike.baidu.com/view/18344.htm,exact,,,,
3-0149-3-097,释迦文佛塔,释迦文佛塔,https://baike.baidu.com/view/999621.htm,exact,,,,
3-0150-3-098,天宁寺塔,,,,天宁寺塔,https://zh.wikipedia.org/wiki/%E5%A4%A9%E5%AE%81%E5%AF%BA%E5%A1%94,exact,文峰塔 | https://baike.baidu.com/subview/13980/6159109.htm | different-title
3-0151-3-099,崇兴寺双塔,崇兴寺双塔,https://baike.baidu.com/view/298781.htm,exact,崇兴寺双塔,https://zh.wikipedia.org/wiki/%E5%B4%87%E5%85%B4%E5%AF%BA%E5%8F%8C%E5%A1%94,exact,
3-0152-3-100,辽阳白塔,辽阳白塔,https://baike.baidu.com/view/83687.htm,exact,,,,
3-0153-3-101,银山塔林,银山塔林,https://baike.baidu.com/view/80479.htm,exact,,,,
3-0154-3-102,拜寺口双塔,拜寺口双塔,https://baike.baidu.com/view/113807.htm,exact,拜寺口双塔,https://zh.wikipedia.org/wiki/%E6%8B%9C%E5%AF%BA%E5%8F%A3%E5%8F%8C%E5%A1%94,exact,
3-0155-3-103,一百零八塔,一百零八塔,https://baike.baidu.com/view/177740.htm,exact,一百零八塔,https://zh.wikipedia.org/wiki/%E4%B8%80%E7%99%BE%E9%9B%B6%E5%85%AB%E5%A1%94,exact,
3-0156-3-104,广德寺多宝塔,广德寺多宝塔,https://baike.baidu.com/view/4339846.htm,exact,,,,
3-0157-3-105,曼飞龙塔,曼飞龙塔,https://baike.baidu.com/view/48739.htm,exact,曼飞龙塔,https://zh.wikipedia.org/wiki/%E6%9B%BC%E9%A3%9E%E9%BE%99%E5%A1%94,exact,
3-0158-3-106,金刚座舍利宝塔,金刚座舍利宝塔,https://baike.baidu.com/view/56542.htm,exact,,,,
3-0159-3-107,苏公塔,苏公塔,https://baike.baidu.com/subview/21643/14526829.htm,exact,,,,
3-0160-3-108,旅顺监狱旧址,旅顺监狱旧址,https://baike.baidu.com/view/4419519.htm,exact,旅顺监狱旧址,https://zh.wikipedia.org/wiki/%E6%97%85%E9%A1%BA%E7%9B%91%E7%8B%B1%E6%97%A7%E5%9D%80,exact,
3-0161-3-109,息烽集中营旧址,息烽集中营旧址,https://baike.baidu.com/view/497438.htm,exact,息烽集中营旧址,https://zh.wikipedia.org/wiki/%E6%81%AF%E7%83%BD%E9%9B%86%E4%B8%AD%E8%90%A5%E6%97%A7%E5%9D%80,exact,
3-0162-3-110,上饶集中营旧址,上饶集中营旧址,https://baike.baidu.com/view/1618755.htm,exact,,,,
3-0163-3-111,“中美合作所”集中营旧址,“中美合作所”集中营旧址,https://baike.baidu.com/view/67257.htm,exact,,,,
3-0164-4-001,将军崖岩画,将军崖岩画,https://baike.baidu.com/view/162044.htm,exact,将军崖岩画,https://zh.wikipedia.org/wiki/%E5%B0%86%E5%86%9B%E5%B4%96%E5%B2%A9%E7%94%BB,exact,
3-0165-4-002,花山岩画,花山岩画,https://baike.baidu.com/view/21596.htm,exact,,,,
3-0166-4-003,亚沟石刻,亚沟石刻,https://baike.baidu.com/view/434670.htm,exact,亚沟石刻,https://zh.wikipedia.org/wiki/%E4%BA%9A%E6%B2%9F%E7%9F%B3%E5%88%BB,exact,
3-0167-4-004,南京南朝陵墓石刻,南京南朝陵墓石刻,https://baike.baidu.com/view/4430602.htm,exact,,,,
3-0168-4-005,丹阳南朝陵墓石刻,丹阳南朝陵墓石刻,https://baike.baidu.com/view/1875546.htm,exact,,,,
3-0169-4-006,清源山石造像,清源山石造像,https://baike.baidu.com/view/11807652.htm,exact,清源山石造像,https://zh.wikipedia.org/wiki/%E6%B8%85%E6%BA%90%E5%B1%B1%E7%9F%B3%E9%80%A0%E5%83%8F,exact,
3-0170-4-007,云峰山、天柱山摩崖石刻,云峰山、天柱山摩崖石刻,https://baike.baidu.com/view/4441706.htm,exact,云峰山、天柱山摩崖石刻,https://zh.wikipedia.org/wiki/%E4%BA%91%E5%B3%B0%E5%B1%B1%E3%80%81%E5%A4%A9%E6%9F%B1%E5%B1%B1%E6%91%A9%E5%B4%96%E7%9F%B3%E5%88%BB,exact,
3-0171-4-008,铁山、岗山摩崖石刻,铁山、岗山摩崖石刻,https://baike.baidu.com/view/3797290.htm,exact,,,,
3-0172-4-009,白鹤梁题刻,白鹤梁题刻,https://baike.baidu.com/subview/1137752/1137752.htm,exact,,,,
3-0173-4-010,浯溪摩崖石刻,浯溪摩崖石刻,https://baike.baidu.com/subview/436182/436182.htm,exact,浯溪摩崖石刻,https://zh.wikipedia.org/wiki/%E6%B5%AF%E6%BA%AA%E6%91%A9%E5%B4%96%E7%9F%B3%E5%88%BB,exact,
3-0174-4-011,袁滋题记摩崖石刻,袁滋题记摩崖石刻,https://baike.baidu.com/view/472550.htm,exact,,,,
3-0175-4-012,怡亭铭摩崖石刻,怡亭铭摩崖石刻,https://baike.baidu.com/view/477375.htm,exact,,,,
3-0176-4-013,九日山摩崖石刻,九日山摩崖石刻,https://baike.baidu.com/view/432413.htm,exact,,,,
3-0177-4-014,焦山碑林,焦山碑林,https://baike.baidu.com/subview/432434/432434.htm,exact,,,,
3-0178-4-015,大金得胜陀颂碑,大金得胜陀颂碑,https://baike.baidu.com/view/70114.htm,exact,大金得胜陀颂碑,https://zh.wikipedia.org/wiki/%E5%A4%A7%E9%87%91%E5%BE%97%E8%83%9C%E9%99%80%E9%A2%82%E7%A2%91,exact,
3-0179-4-016,松江唐经幢,松江唐经幢,https://baike.baidu.com/view/60599.htm,exact,松江唐经幢,https://zh.wikipedia.org/wiki/%E6%9D%BE%E6%B1%9F%E5%94%90%E7%BB%8F%E5%B9%A2,exact,
3-0180-4-017,南诏铁柱,南诏铁柱,https://baike.baidu.com/view/494874.htm,exact,南诏铁柱,https://zh.wikipedia.org/wiki/%E5%8D%97%E8%AF%8F%E9%93%81%E6%9F%B1,exact,
3-0181-1-001,腊玛古猿化石地点,腊玛古猿化石地点,https://baike.baidu.com/view/1070414.htm,exact,,,,
3-0182-1-002,西侯度遗址,西侯度遗址,https://baike.baidu.com/view/154898.htm,exact,,,,
3-0183-1-003,金牛山遗址,金牛山遗址,https://baike.baidu.com/view/170069.htm,exact,,,,
3-0184-1-004,和县猿人遗址,和县猿人遗址,https://baike.baidu.com/view/539875.htm,exact,和县猿人遗址,https://zh.wikipedia.org/wiki/%E5%92%8C%E5%8E%BF%E7%8C%BF%E4%BA%BA%E9%81%97%E5%9D%80,exact,
3-0185-1-005,水洞沟遗址,水洞沟遗址,https://baike.baidu.com/view/31536.htm,exact,水洞沟遗址,https://zh.wikipedia.org/wiki/%E6%B0%B4%E6%B4%9E%E6%B2%9F%E9%81%97%E5%9D%80,exact,
3-0186-1-006,穿洞遗址,穿洞遗址,https://baike.baidu.com/view/432172.htm,exact,,,,
3-0187-1-007,大窑遗址,大窑遗址,https://baike.baidu.com/view/836584.htm,exact,大窑遗址,https://zh.wikipedia.org/wiki/%E5%A4%A7%E7%AA%91%E9%81%97%E5%9D%80,exact,
3-0188-1-008,磁山遗址,磁山遗址,https://baike.baidu.com/view/787432.htm,exact,磁山遗址,https://zh.wikipedia.org/wiki/%E7%A3%81%E5%B1%B1%E9%81%97%E5%9D%80,exact,
3-0189-1-009,大地湾遗址,大地湾遗址,https://baike.baidu.com/view/73023.htm,exact,大地湾遗址,https://zh.wikipedia.org/wiki/%E5%A4%A7%E5%9C%B0%E6%B9%BE%E9%81%97%E5%9D%80,exact,
3-0190-1-010,马家窑遗址,马家窑遗址,https://baike.baidu.com/view/387566.htm,exact,,,,
3-0191-1-011,马厂塬遗址,马厂塬遗址,https://baike.baidu.com/view/1227671.htm,exact,,,,
3-0192-1-012,陶寺遗址,陶寺遗址,https://baike.baidu.com/view/148224.htm,exact,,,,
3-0193-1-013,平粮台古城遗址,平粮台古城遗址,https://baike.baidu.com/view/1646576.htm,exact,,,,
3-0194-1-014,屈家岭遗址,屈家岭遗址,https://baike.baidu.com/view/191866.htm,exact,,,,
3-0195-1-015,牛河梁遗址,牛河梁遗址,https://baike.baidu.com/view/37151.htm,exact,牛河梁遗址,https://zh.wikipedia.org/wiki/%E7%89%9B%E6%B2%B3%E6%A2%81%E9%81%97%E5%9D%80,exact,
3-0196-1-016,昂昂溪遗址,昂昂溪遗址,https://baike.baidu.com/view/452153.htm,exact,昂昂溪遗址,https://zh.wikipedia.org/wiki/%E6%98%82%E6%98%82%E6%BA%AA%E9%81%97%E5%9D%80,exact,
3-0197-1-017,二里头遗址,二里头遗址,https://baike.baidu.com/view/22373.htm,exact,二里头遗址,https://zh.wikipedia.org/wiki/%E4%BA%8C%E9%87%8C%E5%A4%B4%E9%81%97%E5%9D%80,exact,
3-0198-1-018,尸乡沟商城遗址,,,,偃师商城遗址,https://zh.wikipedia.org/wiki/%E5%81%83%E5%B8%88%E5%95%86%E5%9F%8E%E9%81%97%E5%9D%80,manual,偃师商城遗址 | https://baike.baidu.com/view/107323.htm | different-title；郑州商城遗址 | https://zh.wikipedia.org/wiki/%E9%83%91%E5%B7%9E%E5%95%86%E5%9F%8E%E9%81%97%E5%9D%80 | different-title
3-0199-1-019,盘龙城遗址,盘龙城遗址,https://baike.baidu.com/view/31760.htm,exact,盘龙城遗址,https://zh.wikipedia.org/wiki/%E7%9B%98%E9%BE%99%E5%9F%8E%E9%81%97%E5%9D%80,exact,
3-0200-1-020,三星堆遗址,三星堆遗址,https://baike.baidu.com/subview/15213/15213.htm,exact,三星堆遗址,https://zh.wikipedia.org/wiki/%E4%B8%89%E6%98%9F%E5%A0%86%E9%81%97%E5%9D%80,exact,
3-0201-1-021,琉璃河遗址,琉璃河遗址,https://baike.baidu.com/view/137766.htm,exact,琉璃河遗址,https://zh.wikipedia.org/wiki/%E7%90%89%E7%92%83%E6%B2%B3%E9%81%97%E5%9D%80,exact,
3-0202-1-022,薛城遗址,薛城遗址,https://baike.baidu.com/subview/1227666/1227666.htm,exact,,,,
3-0203-1-023,淹城遗址,淹城遗址,https://baike.baidu.com/subview/1354690/18938065.htm,exact,,,,
3-0204-1-024,秦雍城遗址,秦雍城遗址,https://baike.baidu.com/view/10901546.htm,exact,,,,
3-0205-1-025,禹王城遗址,禹王城遗址,https://baike.baidu.com/subview/463647/18116220.htm,exact,,,,
3-0206-1-026,中山古城遗址,中山古城遗址,https://baike.baidu.com/view/3916923.htm,exact,,,,
3-0207-1-027,秦咸阳城遗址,秦咸阳城遗址,https://baike.baidu.com/view/79680.htm,exact,秦咸阳城遗址,https://zh.wikipedia.org/wiki/%E7%A7%A6%E5%92%B8%E9%98%B3%E5%9F%8E%E9%81%97%E5%9D%80,exact,
3-0208-1-028,姜女石遗址,姜女石遗址,https://baike.baidu.com/view/1434589.htm,exact,姜女石遗址,https://zh.wikipedia.org/wiki/%E5%A7%9C%E5%A5%B3%E7%9F%B3%E9%81%97%E5%9D%80,exact,
3-0209-1-029,居延遗址,居延遗址,https://baike.baidu.com/view/193092.htm,exact,,,,
3-0210-1-030,玉门关及长城烽燧遗址,玉门关及长城烽燧遗址,https://baike.baidu.com/view/989214.htm,exact,,,,
3-0211-1-031,楼兰故城遗址,楼兰,https://baike.baidu.com/view/13635.htm,related-location,楼兰故城遗址,https://zh.wikipedia.org/wiki/%E6%A5%BC%E5%85%B0%E6%95%85%E5%9F%8E%E9%81%97%E5%9D%80,exact,
3-0212-1-032,西海郡故城遗址,西海郡故城遗址,https://baike.baidu.com/view/4948503.htm,exact,西海郡故城遗址,https://zh.wikipedia.org/wiki/%E8%A5%BF%E6%B5%B7%E9%83%A1%E6%95%85%E5%9F%8E%E9%81%97%E5%9D%80,exact,
3-0213-1-033,邺城遗址,邺城遗址,https://baike.baidu.com/view/461282.htm,exact,,,,
3-0214-1-034,嘎仙洞遗址,嘎仙洞遗址,https://baike.baidu.com/view/1354673.htm,exact,,,,
3-0215-1-035,平城遗址,平城遗址,https://baike.baidu.com/view/27774.htm,exact,平城遗址,https://zh.wikipedia.org/wiki/%E5%B9%B3%E5%9F%8E%E9%81%97%E5%9D%80,exact,
3-0216-1-036,隋唐洛阳城遗址,隋唐洛阳城遗址,https://baike.baidu.com/view/387169.htm,exact,,,,
3-0217-1-037,北庭故城遗址,北庭故城遗址,https://baike.baidu.com/view/357105.htm,exact,北庭故城遗址,https://zh.wikipedia.org/wiki/%E5%8C%97%E5%BA%AD%E6%95%85%E5%9F%8E%E9%81%97%E5%9D%80,exact,
3-0218-1-038,北宋东京城遗址,北宋东京城遗址,https://baike.baidu.com/view/431959.htm,exact,北宋东京城遗址,https://zh.wikipedia.org/wiki/%E5%8C%97%E5%AE%8B%E4%B8%9C%E4%BA%AC%E5%9F%8E%E9%81%97%E5%9D%80,exact,
3-0219-1-039,蒲与路故城遗址,,,,蒲与路故城遗址,https://zh.wikipedia.org/wiki/%E8%92%B2%E4%B8%8E%E8%B7%AF%E6%95%85%E5%9F%8E%E9%81%97%E5%9D%80,exact,蒲峪路故城遗址 | https://baike.baidu.com/view/5268603.htm | different-title
3-0220-1-040,元上都遗址,元上都遗址,https://baike.baidu.com/subview/52978/52978.htm,exact,,,,
3-0221-1-041,圆明园遗址,圆明园遗址,https://baike.baidu.com/view/7032.htm,exact,,,,
3-0222-1-042,上林湖越窑遗址,上林湖越窑遗址,https://baike.baidu.com/view/328737.htm,exact,上林湖越窑遗址,https://zh.wikipedia.org/wiki/%E4%B8%8A%E6%9E%97%E6%B9%96%E8%B6%8A%E7%AA%91%E9%81%97%E5%9D%80,exact,
3-0223-1-043,什邡堂邛窑遗址,什邡堂邛窑遗址,https://baike.baidu.com/view/1154654.htm,exact,什邡堂邛窑遗址,https://zh.wikipedia.org/wiki/%E4%BB%80%E9%82%A1%E5%A0%82%E9%82%9B%E7%AA%91%E9%81%97%E5%9D%80,exact,
3-0224-1-044,长沙铜官窑遗址,长沙铜官窑遗址,https://baike.baidu.com/view/2313668.htm,exact,,,,
3-0225-1-045,涧磁村定窑遗址,涧磁村定窑遗址,https://baike.baidu.com/view/1361142.htm,exact,,,,
3-0226-1-046,黄堡镇耀州窑遗址,黄堡镇耀州窑遗址,https://baike.baidu.com/item/%E9%BB%84%E5%A0%A1%E9%95%87%E8%80%80%E5%B7%9E%E7%AA%91%E9%81%97%E5%9D%80,exact,,,,
3-0227-1-047,禹县钧窑址,禹县钧窑址,https://baike.baidu.com/item/%E7%A6%B9%E5%8E%BF%E9%92%A7%E7%AA%91%E5%9D%80,exact,,,,
3-0228-1-048,大窑龙泉窑遗址,大窑龙泉窑遗址,https://baike.baidu.com/view/328741.htm,exact,大窑龙泉窑遗址,https://zh.wikipedia.org/wiki/%E5%A4%A7%E7%AA%91%E9%BE%99%E6%B3%89%E7%AA%91%E9%81%97%E5%9D%80,exact,
3-0229-1-049,屈斗宫德化窑遗址（包括浔中、盖德、三班）,屈斗宫德化窑遗址,https://baike.baidu.com/view/1354699.htm,manual,,,,第三批全国重点文物保护单位 | https://zh.wikipedia.org/wiki/%E7%AC%AC%E4%B8%89%E6%89%B9%E5%85%A8%E5%9B%BD%E9%87%8D%E7%82%B9%E6%96%87%E7%89%A9%E4%BF%9D%E6%8A%A4%E5%8D%95%E4%BD%8D | different-title
3-0230-2-001,八岭山古墓群,八岭山古墓群,https://baike.baidu.com/view/230735.htm,exact,八岭山古墓群,https://zh.wikipedia.org/wiki/%E5%85%AB%E5%B2%AD%E5%B1%B1%E5%8F%A4%E5%A2%93%E7%BE%A4,exact,
3-0231-2-002,擂鼓墩古墓群,擂鼓墩古墓群,https://baike.baidu.com/view/1632085.htm,exact,擂鼓墩古墓群,https://zh.wikipedia.org/wiki/%E6%93%82%E9%BC%93%E5%A2%A9%E5%8F%A4%E5%A2%93%E7%BE%A4,exact,
3-0232-2-003,田齐王陵,田齐王陵,https://baike.baidu.com/view/368606.htm,exact,田齐王陵,https://zh.wikipedia.org/wiki/%E7%94%B0%E9%BD%90%E7%8E%8B%E9%99%B5,exact,
3-0233-2-004,长陵,长陵,https://baike.baidu.com/subview/79720/6443936.htm,exact,,,,
3-0234-2-005,杜陵,杜陵,https://baike.baidu.com/subview/622773/622773.htm,exact,杜陵,https://zh.wikipedia.org/wiki/%E6%9D%9C%E9%99%B5,exact,
3-0235-2-006,中山靖王墓,,,,中山靖王墓,https://zh.wikipedia.org/wiki/%E4%B8%AD%E5%B1%B1%E9%9D%96%E7%8E%8B%E5%A2%93,exact,满城汉墓 | https://baike.baidu.com/view/5219.htm | different-title
3-0236-2-007,广武汉墓群,广武汉墓群,https://baike.baidu.com/view/160405.htm,exact,,,,
3-0237-2-008,张衡墓,张衡墓,https://baike.baidu.com/view/83730.htm,exact,张衡墓,https://zh.wikipedia.org/wiki/%E5%BC%A0%E8%A1%A1%E5%A2%93,exact,
3-0238-2-009,麻浩崖墓,麻浩崖墓,https://baike.baidu.com/view/54304.htm,exact,,,,
3-0239-2-010,打虎亭汉墓,打虎亭汉墓,https://baike.baidu.com/view/230941.htm,exact,打虎亭汉墓,https://zh.wikipedia.org/wiki/%E6%89%93%E8%99%8E%E4%BA%AD%E6%B1%89%E5%A2%93,exact,
3-0240-2-011,张仲景墓及祠,张仲景墓,https://baike.baidu.com/view/6689525.htm,manual,医圣祠,https://zh.wikipedia.org/wiki/%E5%8C%BB%E5%9C%A3%E7%A5%A0,manual,张仲景博物院 | https://baike.baidu.com/item/%E5%BC%A0%E4%BB%B2%E6%99%AF%E5%8D%9A%E7%89%A9%E9%99%A2 | different-title；医圣祠 | https://zh.wikipedia.org/wiki/%E5%8C%BB%E5%9C%A3%E7%A5%A0 | different-title
3-0241-2-012,阿斯塔那古墓群,阿斯塔那古墓群,https://baike.baidu.com/view/191078.htm,exact,,,,
3-0242-2-013,磁县北朝墓群,磁县北朝墓群,https://baike.baidu.com/view/3916948.htm,exact,磁县北朝墓群,https://zh.wikipedia.org/wiki/%E7%A3%81%E5%8E%BF%E5%8C%97%E6%9C%9D%E5%A2%93%E7%BE%A4,exact,
3-0243-2-014,桥陵,桥陵,https://baike.baidu.com/view/894205.htm,exact,,,,
3-0244-2-015,龙头山古墓群,龙头山古墓群,https://baike.baidu.com/subview/1366626/1366626.htm,exact,,,,
3-0245-2-016,南唐二陵,南唐二陵,https://baike.baidu.com/subview/122353/122353.htm,exact,南唐二陵,https://zh.wikipedia.org/wiki/%E5%8D%97%E5%94%90%E4%BA%8C%E9%99%B5,exact,
3-0246-2-017,司马光墓,司马光墓,https://baike.baidu.com/view/766890.htm,exact,司马光墓,https://zh.wikipedia.org/wiki/%E5%8F%B8%E9%A9%AC%E5%85%89%E5%A2%93,exact,
3-0247-2-018,辽陵及奉陵邑（包括祖陵及祖州城、庆陵及庆州城）,辽陵及奉陵邑,https://baike.baidu.com/view/1099624.htm,related-location,,,,
3-0248-2-019,西夏陵,西夏陵,https://baike.baidu.com/subview/177659/19161090.htm,exact,,,,
3-0249-2-020,僰人悬棺葬（墓）,僰人悬棺葬,https://baike.baidu.com/item/%E5%83%B0%E4%BA%BA%E6%82%AC%E6%A3%BA%E8%91%AC,related-location,,,,
3-0250-2-021,伊斯兰教圣墓,伊斯兰教圣墓,https://baike.baidu.com/view/23797.htm,exact,,,,
3-0251-2-022,奢香墓,奢香墓,https://baike.baidu.com/view/862324.htm,exact,奢香墓,https://zh.wikipedia.org/wiki/%E5%A5%A2%E9%A6%99%E5%A2%93,exact,
3-0252-2-023,苏禄王墓,苏禄王墓,https://baike.baidu.com/view/43257.htm,exact,,,,
3-0253-2-024,显陵,显陵,https://baike.baidu.com/subview/672028/15934130.htm,exact,显陵,https://zh.wikipedia.org/wiki/%E6%98%BE%E9%99%B5,exact,
3-0254-2-025,徐光启墓,徐光启墓,https://baike.baidu.com/view/60611.htm,exact,徐光启墓,https://zh.wikipedia.org/wiki/%E5%BE%90%E5%85%89%E5%90%AF%E5%A2%93,exact,
3-0255-2-026,李自成墓,李自成墓,https://baike.baidu.com/view/412300.htm,exact,李自成墓,https://zh.wikipedia.org/wiki/%E6%9D%8E%E8%87%AA%E6%88%90%E5%A2%93,exact,
3-0256-2-027,永陵,永陵,https://baike.baidu.com/subview/76860/10938580.htm,exact,永陵,https://zh.wikipedia.org/wiki/%E6%B0%B8%E9%99%B5,exact,
3-0257-2-028,福陵,福陵,https://baike.baidu.com/subview/128783/128783.htm,exact,福陵,https://zh.wikipedia.org/wiki/%E7%A6%8F%E9%99%B5,exact,
3-0258-2-029,阿巴和加麻札（墓）,,,,阿巴和加麻札,https://zh.wikipedia.org/wiki/%E9%98%BF%E5%B7%B4%E5%92%8C%E5%8A%A0%E9%BA%BB%E6%9C%AD,search-related-location,
4-0001-1-001,龙骨坡遗址,龙骨坡遗址,https://baike.baidu.com/view/1807643.htm,exact,,,,
4-0002-1-002,许家窑—侯家窑遗址,许家窑—侯家窑遗址,https://baike.baidu.com/item/%E8%AE%B8%E5%AE%B6%E7%AA%91%E2%80%94%E4%BE%AF%E5%AE%B6%E7%AA%91%E9%81%97%E5%9D%80,exact,,,,
4-0003-1-003,鸡公山遗址,鸡公山遗址,https://baike.baidu.com/subview/190700/190700.htm,exact,,,,
4-0004-1-004,大洞遗址,大洞遗址,https://baike.baidu.com/view/1276294.htm,exact,大洞遗址,https://zh.wikipedia.org/wiki/%E5%A4%A7%E6%B4%9E%E9%81%97%E5%9D%80,exact,
4-0005-1-005,西阴村遗址,西阴村遗址,https://baike.baidu.com/view/3472877.htm,exact,,,,
4-0006-1-006,兴隆洼遗址,兴隆洼遗址,https://baike.baidu.com/view/387727.htm,exact,兴隆洼遗址,https://zh.wikipedia.org/wiki/%E5%85%B4%E9%9A%86%E6%B4%BC%E9%81%97%E5%9D%80,exact,
4-0007-1-007,查海遗址,查海遗址,https://baike.baidu.com/view/582934.htm,exact,,,,
4-0008-1-008,良渚遗址,良渚遗址,https://baike.baidu.com/subview/192897/192897.htm,exact,良渚遗址,https://zh.wikipedia.org/wiki/%E8%89%AF%E6%B8%9A%E9%81%97%E5%9D%80,exact,
4-0009-1-009,薛家岗遗址,薛家岗遗址,https://baike.baidu.com/view/836545.htm,exact,,,,
4-0010-1-010,北庄遗址,北庄遗址,https://baike.baidu.com/subview/362189/19103646.htm,exact,北庄遗址,https://zh.wikipedia.org/wiki/%E5%8C%97%E5%BA%84%E9%81%97%E5%9D%80,exact,
4-0011-1-011,丹土遗址,丹土遗址,https://baike.baidu.com/view/969006.htm,exact,丹土遗址,https://zh.wikipedia.org/wiki/%E4%B8%B9%E5%9C%9F%E9%81%97%E5%9D%80,exact,
4-0012-1-012,西山遗址,西山遗址,https://baike.baidu.com/item/%E8%A5%BF%E5%B1%B1%E9%81%97%E5%9D%80/19143632,exact,,,,
4-0013-1-013,王城岗及阳城遗址,王城岗及阳城遗址,https://baike.baidu.com/view/11608902.htm,exact,王城岗及阳城遗址,https://zh.wikipedia.org/wiki/%E7%8E%8B%E5%9F%8E%E5%B2%97%E5%8F%8A%E9%98%B3%E5%9F%8E%E9%81%97%E5%9D%80,exact,
4-0014-1-014,羑里城遗址,羑里城遗址,https://baike.baidu.com/view/65276.htm,exact,羑里城遗址,https://zh.wikipedia.org/wiki/%E7%BE%91%E9%87%8C%E5%9F%8E%E9%81%97%E5%9D%80,exact,
4-0015-1-015,石家河遗址,石家河遗址,https://baike.baidu.com/view/1466092.htm,exact,石家河遗址,https://zh.wikipedia.org/wiki/%E7%9F%B3%E5%AE%B6%E6%B2%B3%E9%81%97%E5%9D%80,exact,
4-0016-1-016,雕龙碑遗址,雕龙碑遗址,https://baike.baidu.com/view/4007704.htm,exact,,,,
4-0017-1-017,城头山遗址,,,,城头山遗址,https://zh.wikipedia.org/wiki/%E5%9F%8E%E5%A4%B4%E5%B1%B1%E9%81%97%E5%9D%80,exact,城头山古文化遗址 | https://baike.baidu.com/subview/280750/12099857.htm | different-title
4-0018-1-018,石佛洞遗址,石佛洞遗址,https://baike.baidu.com/view/1070411.htm,exact,石佛洞遗址,https://zh.wikipedia.org/wiki/%E7%9F%B3%E4%BD%9B%E6%B4%9E%E9%81%97%E5%9D%80,exact,
4-0019-1-019,卡若遗址,卡若遗址,https://baike.baidu.com/view/111856.htm,exact,卡若遗址,https://zh.wikipedia.org/wiki/%E5%8D%A1%E8%8B%A5%E9%81%97%E5%9D%80,exact,
4-0020-1-020,姜寨遗址,姜寨遗址,https://baike.baidu.com/view/167407.htm,exact,姜寨遗址,https://zh.wikipedia.org/wiki/%E5%A7%9C%E5%AF%A8%E9%81%97%E5%9D%80,exact,
4-0021-1-021,齐家坪遗址,齐家坪遗址,https://baike.baidu.com/view/387538.htm,exact,,,,
4-0022-1-022,大甸子遗址,大甸子遗址,https://baike.baidu.com/item/%E5%A4%A7%E7%94%B8%E5%AD%90%E9%81%97%E5%9D%80,exact,,,,
4-0023-1-023,白金宝遗址,白金宝遗址,https://baike.baidu.com/view/4059932.htm,exact,,,,
4-0024-1-024,旌介遗址,旌介遗址,https://baike.baidu.com/view/4449988.htm,exact,,,,
4-0025-1-025,吴城遗址,吴城遗址,https://baike.baidu.com/subview/375106/11515143.htm,exact,吴城遗址,https://zh.wikipedia.org/wiki/%E5%90%B4%E5%9F%8E%E9%81%97%E5%9D%80,exact,
4-0026-1-026,曲村—天马遗址,曲村—天马遗址,https://baike.baidu.com/item/%E6%9B%B2%E6%9D%91%E2%80%94%E5%A4%A9%E9%A9%AC%E9%81%97%E5%9D%80,exact,,,,
4-0027-1-027,大工山—凤凰山铜矿遗址,大工山-凤凰山铜矿遗址,https://baike.baidu.com/item/%E5%A4%A7%E5%B7%A5%E5%B1%B1-%E5%87%A4%E5%87%B0%E5%B1%B1%E9%93%9C%E7%9F%BF%E9%81%97%E5%9D%80,manual,,,,铜陵市 | https://zh.wikipedia.org/wiki/%E9%93%9C%E9%99%B5%E5%B8%82 | different-title
4-0028-1-028,蔡国故城,蔡国故城,https://baike.baidu.com/view/260397.htm,exact,蔡国故城,https://zh.wikipedia.org/wiki/%E8%94%A1%E5%9B%BD%E6%95%85%E5%9F%8E,exact,
4-0029-1-029,酒店冶铁遗址,酒店冶铁遗址,https://baike.baidu.com/view/13351479.htm,exact,,,,
4-0030-1-030,戚城遗址,戚城遗址,https://baike.baidu.com/view/343496.htm,exact,戚城遗址,https://zh.wikipedia.org/wiki/%E6%88%9A%E5%9F%8E%E9%81%97%E5%9D%80,exact,
4-0031-1-031,郑国渠首遗址,郑国渠首遗址,https://baike.baidu.com/view/79685.htm,exact,,,,
4-0032-1-032,魏长城遗址,魏长城遗址,https://baike.baidu.com/item/%E9%AD%8F%E9%95%BF%E5%9F%8E%E9%81%97%E5%9D%80/64070749,exact,,,,
4-0033-1-033,北戴河秦行宫遗址,北戴河秦行宫遗址,https://baike.baidu.com/view/3893554.htm,exact,北戴河秦行宫遗址,https://zh.wikipedia.org/wiki/%E5%8C%97%E6%88%B4%E6%B2%B3%E7%A7%A6%E8%A1%8C%E5%AE%AB%E9%81%97%E5%9D%80,exact,
4-0034-1-034,固阳秦长城遗址,固阳秦长城遗址,https://baike.baidu.com/view/4448668.htm,exact,,,,
4-0035-1-035,秦代造船遗址、南越国宫署遗址及南越文王墓,秦代造船遗址、南越国宫署遗址及南越文王墓,https://baike.baidu.com/item/%E7%A7%A6%E4%BB%A3%E9%80%A0%E8%88%B9%E9%81%97%E5%9D%80%E3%80%81%E5%8D%97%E8%B6%8A%E5%9B%BD%E5%AE%AB%E7%BD%B2%E9%81%97%E5%9D%80%E5%8F%8A%E5%8D%97%E8%B6%8A%E6%96%87%E7%8E%8B%E5%A2%93,exact,,,,
4-0036-1-036,五女山山城,五女山山城,https://baike.baidu.com/view/112738.htm,exact,,,,
4-0037-1-037,凤凰山山城,凤凰山山城,https://baike.baidu.com/view/1339526.htm,exact,凤凰山山城,https://zh.wikipedia.org/wiki/%E5%87%A4%E5%87%B0%E5%B1%B1%E5%B1%B1%E5%9F%8E,exact,
4-0038-1-038,城村汉城遗址,城村汉城遗址,https://baike.baidu.com/view/488223.htm,exact,城村汉城遗址,https://zh.wikipedia.org/wiki/%E5%9F%8E%E6%9D%91%E6%B1%89%E5%9F%8E%E9%81%97%E5%9D%80,exact,
4-0039-1-039,甘泉宫遗址,甘泉宫遗址,https://baike.baidu.com/view/79714.htm,exact,甘泉宫遗址,https://zh.wikipedia.org/wiki/%E7%94%98%E6%B3%89%E5%AE%AB%E9%81%97%E5%9D%80,exact,
4-0040-1-040,骆驼城遗址,骆驼城遗址,https://baike.baidu.com/view/1152110.htm,exact,,,,
4-0041-1-041,尼雅遗址,,,,尼雅,https://zh.wikipedia.org/wiki/%E5%B0%BC%E9%9B%85,search-related-location,
4-0042-1-042,洪州窑遗址,,,,洪州窑,https://zh.wikipedia.org/wiki/%E6%B4%AA%E5%B7%9E%E7%AA%91,search-related-location,
4-0043-1-043,统万城遗址,统万城遗址,https://baike.baidu.com/view/55370.htm,exact,,,,
4-0044-1-044,磁州窑遗址,磁州窑遗址,https://baike.baidu.com/view/379990.htm,exact,磁州窑遗址,https://zh.wikipedia.org/wiki/%E7%A3%81%E5%B7%9E%E7%AA%91%E9%81%97%E5%9D%80,exact,
4-0045-1-045,苏巴什佛寺遗址,苏巴什佛寺遗址,https://baike.baidu.com/view/11617563.htm,exact,苏巴什佛寺遗址,https://zh.wikipedia.org/wiki/%E8%8B%8F%E5%B7%B4%E4%BB%80%E4%BD%9B%E5%AF%BA%E9%81%97%E5%9D%80,exact,
4-0046-1-046,邢窑遗址,邢窑遗址,https://baike.baidu.com/view/758587.htm,exact,,,,
4-0047-1-047,隋大兴唐长安城遗址（包括青龙寺遗址）,,,,唐长安城,https://zh.wikipedia.org/wiki/%E5%94%90%E9%95%BF%E5%AE%89%E5%9F%8E,search-related-location,
4-0048-1-048,隋仁寿宫唐九成宫遗址,隋仁寿宫唐九成宫遗址,https://baike.baidu.com/view/11623414.htm,exact,,,,
4-0049-1-049,灞桥遗址,灞桥遗址,https://baike.baidu.com/view/9724029.htm,exact,灞桥遗址,https://zh.wikipedia.org/wiki/%E7%81%9E%E6%A1%A5%E9%81%97%E5%9D%80,exact,
4-0050-1-050,锁阳城遗址,锁阳城遗址,https://baike.baidu.com/view/9474150.htm,exact,,,,
4-0051-1-051,渤海中京城遗址,渤海中京城遗址,https://baike.baidu.com/view/4419041.htm,exact,渤海中京城遗址,https://zh.wikipedia.org/wiki/%E6%B8%A4%E6%B5%B7%E4%B8%AD%E4%BA%AC%E5%9F%8E%E9%81%97%E5%9D%80,exact,
4-0052-1-052,扬州城遗址,扬州城遗址,https://baike.baidu.com/view/4440239.htm,exact,,,,
4-0053-1-053,华清宫遗址,华清宫遗址,https://baike.baidu.com/view/763937.htm,exact,华清宫遗址,https://zh.wikipedia.org/wiki/%E5%8D%8E%E6%B8%85%E5%AE%AB%E9%81%97%E5%9D%80,exact,
4-0054-1-054,缸瓦窑遗址,缸瓦窑遗址,https://baike.baidu.com/view/4448663.htm,exact,,,,
4-0055-1-055,钓鱼城遗址,,,,钓鱼城遗址,https://zh.wikipedia.org/wiki/%E9%92%93%E9%B1%BC%E5%9F%8E%E9%81%97%E5%9D%80,search-exact,合川钓鱼城 | https://baike.baidu.com/view/68813.htm | different-title
4-0056-1-056,敖伦苏木城遗址,敖伦苏木城遗址,https://baike.baidu.com/view/14534675.htm,exact,,,,
4-0057-2-001,大伊山石棺墓,大伊山石棺墓,https://baike.baidu.com/view/437480.htm,exact,大伊山石棺墓,https://zh.wikipedia.org/wiki/%E5%A4%A7%E4%BC%8A%E5%B1%B1%E7%9F%B3%E6%A3%BA%E5%A2%93,exact,
4-0058-2-002,石棚山石棚,石棚山石棚,https://baike.baidu.com/view/4456865.htm,exact,石棚山石棚,https://zh.wikipedia.org/wiki/%E7%9F%B3%E6%A3%9A%E5%B1%B1%E7%9F%B3%E6%A3%9A,exact,
4-0059-2-003,虢国墓地,虢国墓地,https://baike.baidu.com/view/470661.htm,exact,虢国墓地,https://zh.wikipedia.org/wiki/%E8%99%A2%E5%9B%BD%E5%A2%93%E5%9C%B0,exact,
4-0060-2-004,纪山楚墓群,纪山楚墓群,https://baike.baidu.com/view/3625649.htm,exact,纪山楚墓群,https://zh.wikipedia.org/wiki/%E7%BA%AA%E5%B1%B1%E6%A5%9A%E5%A2%93%E7%BE%A4,exact,
4-0061-2-005,献县汉墓群,献县汉墓群,https://baike.baidu.com/view/236762.htm,exact,献县汉墓群,https://zh.wikipedia.org/wiki/%E7%8C%AE%E5%8E%BF%E6%B1%89%E5%A2%93%E7%BE%A4,exact,
4-0062-2-006,帽儿山墓地,帽儿山墓地,https://baike.baidu.com/view/4419108.htm,exact,帽儿山墓地,https://zh.wikipedia.org/wiki/%E5%B8%BD%E5%84%BF%E5%B1%B1%E5%A2%93%E5%9C%B0,exact,
4-0063-2-007,汉楚王墓群,汉楚王墓群,https://baike.baidu.com/view/11604109.htm,exact,,,,
4-0064-2-008,汉梁王墓群,汉梁王墓群,https://baike.baidu.com/view/11604107.htm,exact,汉梁王墓群,https://zh.wikipedia.org/wiki/%E6%B1%89%E6%A2%81%E7%8E%8B%E5%A2%93%E7%BE%A4,exact,
4-0065-2-009,合浦汉墓群,合浦汉墓群,https://baike.baidu.com/view/8325839.htm,exact,合浦汉墓群,https://zh.wikipedia.org/wiki/%E5%90%88%E6%B5%A6%E6%B1%89%E5%A2%93%E7%BE%A4,exact,
4-0066-2-010,郪江崖墓群,郪江崖墓群,https://baike.baidu.com/view/136804.htm,exact,,,,
4-0067-2-011,曹植墓,曹植墓,https://baike.baidu.com/subview/57859/57859.htm,exact,曹植墓,https://zh.wikipedia.org/wiki/%E6%9B%B9%E6%A4%8D%E5%A2%93,exact,
4-0068-2-012,武侯墓,武侯墓,https://baike.baidu.com/view/167638.htm,exact,武侯墓,https://zh.wikipedia.org/wiki/%E6%AD%A6%E4%BE%AF%E5%A2%93,exact,
4-0069-2-013,泰陵,清泰陵,https://baike.baidu.com/subview/82364/82364.htm,related-location,泰陵,https://zh.wikipedia.org/wiki/%E6%B3%B0%E9%99%B5,exact,
4-0070-2-014,永陵,永陵,https://baike.baidu.com/subview/76860/10938580.htm,exact,永陵,https://zh.wikipedia.org/wiki/%E6%B0%B8%E9%99%B5,exact,
4-0071-2-015,热水墓群,热水墓群,https://baike.baidu.com/view/2036465.htm,exact,,,,
4-0072-2-016,下八里墓群,下八里墓群,https://baike.baidu.com/view/3917020.htm,exact,下八里墓群,https://zh.wikipedia.org/wiki/%E4%B8%8B%E5%85%AB%E9%87%8C%E5%A2%93%E7%BE%A4,exact,
4-0073-2-017,明祖陵,明祖陵,https://baike.baidu.com/view/113933.htm,exact,明祖陵,https://zh.wikipedia.org/wiki/%E6%98%8E%E7%A5%96%E9%99%B5,exact,
4-0074-2-018,潞简王墓,潞简王墓,https://baike.baidu.com/view/1036269.htm,exact,,,,
4-0075-2-019,海瑞墓,海瑞墓,https://baike.baidu.com/view/48669.htm,exact,,,,
4-0076-2-020,明蜀王陵,明蜀王陵,https://baike.baidu.com/view/923228.htm,exact,明蜀王陵,https://zh.wikipedia.org/wiki/%E6%98%8E%E8%9C%80%E7%8E%8B%E9%99%B5,exact,
4-0077-2-021,大禹陵,大禹陵,https://baike.baidu.com/view/19566.htm,exact,大禹陵,https://zh.wikipedia.org/wiki/%E5%A4%A7%E7%A6%B9%E9%99%B5,exact,
4-0078-2-022,炎帝陵,炎帝陵,https://baike.baidu.com/subview/80520/5772136.htm,exact,,,,
4-0079-3-001,龙脑桥,龙脑桥,https://baike.baidu.com/view/63150.htm,exact,,,,
4-0080-3-002,仙游寺法王塔,仙游寺法王塔,https://baike.baidu.com/view/763928.htm,exact,仙游寺法王塔,https://zh.wikipedia.org/wiki/%E4%BB%99%E6%B8%B8%E5%AF%BA%E6%B3%95%E7%8E%8B%E5%A1%94,exact,
4-0081-3-003,治平寺石塔,治平寺石塔,https://baike.baidu.com/view/3917062.htm,exact,治平寺石塔,https://zh.wikipedia.org/wiki/%E6%B2%BB%E5%B9%B3%E5%AF%BA%E7%9F%B3%E5%A1%94,exact,
4-0082-3-004,开福寺舍利塔,开福寺舍利塔,https://baike.baidu.com/view/1016653.htm,exact,,,,
4-0083-3-005,兴圣教寺塔,兴圣教寺塔,https://baike.baidu.com/view/64484.htm,exact,兴圣教寺塔,https://zh.wikipedia.org/wiki/%E5%85%B4%E5%9C%A3%E6%95%99%E5%AF%BA%E5%A1%94,exact,
4-0084-3-006,罗汉院双塔及正殿遗址,罗汉院双塔及正殿遗址,https://baike.baidu.com/view/11798289.htm,exact,,,,
4-0085-3-007,怀圣寺光塔,怀圣寺光塔,https://baike.baidu.com/view/327084.htm,exact,,,,
4-0086-3-008,美榔双塔,美榔双塔,https://baike.baidu.com/view/761623.htm,exact,,,,
4-0087-3-009,妙湛寺金刚塔,妙湛寺金刚塔,https://baike.baidu.com/view/1069052.htm,exact,妙湛寺金刚塔,https://zh.wikipedia.org/wiki/%E5%A6%99%E6%B9%9B%E5%AF%BA%E9%87%91%E5%88%9A%E5%A1%94,exact,
4-0088-3-010,娲皇宫及石刻,娲皇宫及石刻,https://baike.baidu.com/view/4407933.htm,exact,娲皇宫及石刻,https://zh.wikipedia.org/wiki/%E5%A8%B2%E7%9A%87%E5%AE%AB%E5%8F%8A%E7%9F%B3%E5%88%BB,exact,
4-0089-3-011,初祖庵及少林寺塔林,初祖庵及少林寺塔林,https://baike.baidu.com/item/%E5%88%9D%E7%A5%96%E5%BA%B5%E5%8F%8A%E5%B0%91%E6%9E%97%E5%AF%BA%E5%A1%94%E6%9E%97,exact,,,,
4-0090-3-012,桑耶寺,桑耶寺,https://baike.baidu.com/view/84722.htm,exact,桑耶寺,https://zh.wikipedia.org/wiki/%E6%A1%91%E8%80%B6%E5%AF%BA,exact,
4-0091-3-013,正定文庙大成殿,正定文庙大成殿,https://baike.baidu.com/view/858794.htm,exact,,,,
4-0092-3-014,龙门寺,龙门寺,https://baike.baidu.com/subview/99396/10815216.htm,exact,,,,
4-0093-3-015,府州城,府州城,https://baike.baidu.com/view/7200664.htm,exact,府州城,https://zh.wikipedia.org/wiki/%E5%BA%9C%E5%B7%9E%E5%9F%8E,exact,
4-0094-3-016,戒台寺,戒台寺,https://baike.baidu.com/subview/22385/22385.htm,exact,戒台寺,https://zh.wikipedia.org/wiki/%E6%88%92%E5%8F%B0%E5%AF%BA,exact,
4-0095-3-017,阁院寺,阁院寺,https://baike.baidu.com/view/177158.htm,exact,,,,
4-0096-3-018,开善寺,开善寺,https://baike.baidu.com/subview/344718/6183167.htm,exact,开善寺,https://zh.wikipedia.org/wiki/%E5%BC%80%E5%96%84%E5%AF%BA,exact,
4-0097-3-019,晋城二仙庙,晋城二仙庙,https://baike.baidu.com/view/344711.htm,exact,晋城二仙庙,https://zh.wikipedia.org/wiki/%E6%99%8B%E5%9F%8E%E4%BA%8C%E4%BB%99%E5%BA%99,exact,
4-0098-3-020,崇庆寺,崇庆寺,https://baike.baidu.com/subview/344706/6190643.htm,exact,崇庆寺,https://zh.wikipedia.org/wiki/%E5%B4%87%E5%BA%86%E5%AF%BA,exact,
4-0099-3-021,关王庙,关王庙,https://baike.baidu.com/item/%E5%85%B3%E7%8E%8B%E5%BA%99/19144694,exact,,,,
4-0100-3-022,则天庙,则天庙,https://baike.baidu.com/view/157111.htm,exact,则天庙,https://zh.wikipedia.org/wiki/%E5%88%99%E5%A4%A9%E5%BA%99,exact,
4-0101-3-023,南、北吉祥寺,南、北吉祥寺,https://baike.baidu.com/item/%E5%8D%97%E3%80%81%E5%8C%97%E5%90%89%E7%A5%A5%E5%AF%BA,exact,,,,
4-0102-3-024,孔氏南宗家庙,孔氏南宗家庙,https://baike.baidu.com/view/344681.htm,exact,孔氏南宗家庙,https://zh.wikipedia.org/wiki/%E5%AD%94%E6%B0%8F%E5%8D%97%E5%AE%97%E5%AE%B6%E5%BA%99,exact,
4-0103-3-025,元妙观三清殿,元妙观三清殿,https://baike.baidu.com/view/344666.htm,exact,,,,
4-0104-3-026,青、白礁慈济宫,青、白礁慈济宫,https://baike.baidu.com/view/4423532.htm,exact,,,,
4-0105-3-027,赣州城墙,赣州城墙,https://baike.baidu.com/view/4440127.htm,exact,,,,
4-0106-3-028,广饶关帝庙大殿,广饶关帝庙大殿,https://baike.baidu.com/view/344647.htm,exact,广饶关帝庙大殿,https://zh.wikipedia.org/wiki/%E5%B9%BF%E9%A5%B6%E5%85%B3%E5%B8%9D%E5%BA%99%E5%A4%A7%E6%AE%BF,exact,
4-0107-3-029,济渎庙,济渎庙,https://baike.baidu.com/subview/83498/20361404.htm,exact,,,,
4-0108-3-030,龙兴寺,龙兴寺,https://baike.baidu.com/subview/159151/8458785.htm,exact,,,,
4-0109-3-031,梅庵,梅庵,https://baike.baidu.com/subview/342358/342358.htm,exact,梅庵,https://zh.wikipedia.org/wiki/%E6%A2%85%E5%BA%B5,exact,
4-0110-3-032,托林寺,托林寺,https://baike.baidu.com/view/210027.htm,exact,托林寺,https://zh.wikipedia.org/wiki/%E6%89%98%E6%9E%97%E5%AF%BA,exact,
4-0111-3-033,扎塘寺,扎塘寺,https://baike.baidu.com/view/1095043.htm,exact,扎塘寺,https://zh.wikipedia.org/wiki/%E6%89%8E%E5%A1%98%E5%AF%BA,exact,
4-0112-3-034,张掖大佛寺,张掖大佛寺,https://baike.baidu.com/view/196063.htm,exact,张掖大佛寺,https://zh.wikipedia.org/wiki/%E5%BC%A0%E6%8E%96%E5%A4%A7%E4%BD%9B%E5%AF%BA,exact,
4-0113-3-035,北京东岳庙,北京东岳庙,https://baike.baidu.com/view/3162046.htm,exact,北京东岳庙,https://zh.wikipedia.org/wiki/%E5%8C%97%E4%BA%AC%E4%B8%9C%E5%B2%B3%E5%BA%99,exact,
4-0114-3-036,慈云阁,慈云阁,https://baike.baidu.com/subview/37847/37847.htm,exact,慈云阁,https://zh.wikipedia.org/wiki/%E6%85%88%E4%BA%91%E9%98%81,exact,
4-0115-3-037,姬氏民居,姬氏民居,https://baike.baidu.com/view/2119809.htm,exact,姬氏民居,https://zh.wikipedia.org/wiki/%E5%A7%AC%E6%B0%8F%E6%B0%91%E5%B1%85,exact,
4-0116-3-038,牛王庙戏台,牛王庙戏台,https://baike.baidu.com/view/99440.htm,exact,,,,
4-0117-3-039,绛州大堂,绛州大堂,https://baike.baidu.com/view/921863.htm,exact,,,,
4-0118-3-040,榆次城隍庙,榆次城隍庙,https://baike.baidu.com/view/2024096.htm,exact,榆次城隍庙,https://zh.wikipedia.org/wiki/%E6%A6%86%E6%AC%A1%E5%9F%8E%E9%9A%8D%E5%BA%99,exact,
4-0119-3-041,霍州州署大堂,霍州州署大堂,https://baike.baidu.com/view/2020816.htm,exact,,,,
4-0120-3-042,真如寺大殿,真如寺大殿,https://baike.baidu.com/view/11611198.htm,exact,,,,
4-0121-3-043,延福寺,延福寺,https://baike.baidu.com/subview/193079/5922007.htm,exact,延福寺,https://zh.wikipedia.org/wiki/%E5%BB%B6%E7%A6%8F%E5%AF%BA,exact,
4-0122-3-044,南阳武侯祠,南阳武侯祠,https://baike.baidu.com/view/42416.htm,exact,,,,
4-0123-3-045,南岩宫,南岩宫,https://baike.baidu.com/view/488424.htm,exact,南岩宫,https://zh.wikipedia.org/wiki/%E5%8D%97%E5%B2%A9%E5%AE%AB,exact,
4-0124-3-046,德庆学宫,德庆学宫,https://baike.baidu.com/view/485393.htm,exact,德庆学宫,https://zh.wikipedia.org/wiki/%E5%BE%B7%E5%BA%86%E5%AD%A6%E5%AE%AB,exact,
4-0125-3-047,七曲山大庙,七曲山大庙,https://baike.baidu.com/view/67786.htm,exact,七曲山大庙,https://zh.wikipedia.org/wiki/%E4%B8%83%E6%9B%B2%E5%B1%B1%E5%A4%A7%E5%BA%99,exact,
4-0126-3-048,韩城大禹庙,韩城大禹庙,https://baike.baidu.com/view/11843372.htm,exact,,,,
4-0127-3-049,兴国寺,兴国寺,https://baike.baidu.com/subview/460409/5921746.htm,exact,兴国寺,https://zh.wikipedia.org/wiki/%E5%85%B4%E5%9B%BD%E5%AF%BA,exact,
4-0128-3-050,大高玄殿,大高玄殿,https://baike.baidu.com/view/178580.htm,exact,大高玄殿,https://zh.wikipedia.org/wiki/%E5%A4%A7%E9%AB%98%E7%8E%84%E6%AE%BF,exact,
4-0129-3-051,历代帝王庙,历代帝王庙,https://baike.baidu.com/subview/180522/180522.htm,exact,历代帝王庙,https://zh.wikipedia.org/wiki/%E5%8E%86%E4%BB%A3%E5%B8%9D%E7%8E%8B%E5%BA%99,exact,
4-0130-3-052,北京鼓楼、钟楼,北京鼓楼、钟楼,https://baike.baidu.com/item/%E5%8C%97%E4%BA%AC%E9%BC%93%E6%A5%BC%E3%80%81%E9%92%9F%E6%A5%BC,exact,,,,
4-0131-3-053,蔚州玉皇阁,蔚州玉皇阁,https://baike.baidu.com/view/585905.htm,exact,,,,
4-0132-3-054,万里长城—紫荆关,万里长城-紫荆关,https://baike.baidu.com/item/%E4%B8%87%E9%87%8C%E9%95%BF%E5%9F%8E%EF%BC%8D%E7%B4%AB%E8%8D%86%E5%85%B3/64182545,manual,紫荆关,https://zh.wikipedia.org/wiki/%E7%B4%AB%E8%8D%86%E5%85%B3,manual,万里长城-紫荆关 | https://baike.baidu.com/item/%E4%B8%87%E9%87%8C%E9%95%BF%E5%9F%8E-%E7%B4%AB%E8%8D%86%E5%85%B3 | different-title
4-0133-3-055,毗卢寺,毗卢寺,https://baike.baidu.com/subview/303801/6170945.htm,exact,,,,
4-0134-3-056,千佛庵,千佛庵,https://baike.baidu.com/subview/2020829/12403653.htm,exact,千佛庵,https://zh.wikipedia.org/wiki/%E5%8D%83%E4%BD%9B%E5%BA%B5,exact,
4-0135-3-057,美岱召,美岱召,https://baike.baidu.com/view/56752.htm,exact,,,,
4-0136-3-058,万里长城—九门口,,,,九门口,https://zh.wikipedia.org/wiki/%E4%B9%9D%E9%97%A8%E5%8F%A3,search-related-location,万里长城-九门口 | https://baike.baidu.com/item/%E4%B8%87%E9%87%8C%E9%95%BF%E5%9F%8E-%E4%B9%9D%E9%97%A8%E5%8F%A3 | different-title
4-0137-3-059,䌽衣堂,,,,常熟翁氏故居,https://zh.wikipedia.org/wiki/%E5%B8%B8%E7%86%9F%E7%BF%81%E6%B0%8F%E6%95%85%E5%B1%85,manual,常熟翁氏故居 | https://zh.wikipedia.org/wiki/%E5%B8%B8%E7%86%9F%E7%BF%81%E6%B0%8F%E6%95%85%E5%B1%85 | different-title
4-0138-3-060,诸葛、长乐村民居,诸葛、长乐村民居,https://baike.baidu.com/item/%E8%AF%B8%E8%91%9B%E3%80%81%E9%95%BF%E4%B9%90%E6%9D%91%E6%B0%91%E5%B1%85,exact,,,,
4-0139-3-061,蒲壮所城,蒲壮所城,https://baike.baidu.com/view/267629.htm,exact,,,,
4-0140-3-062,镇海口海防遗址,镇海口海防遗址,https://baike.baidu.com/view/709178.htm,exact,,,,
4-0141-3-063,棠樾石牌坊群,棠樾牌坊群,https://baike.baidu.com/view/388417.htm,manual,,,,棠樾牌坊群 | https://baike.baidu.com/view/388417.htm | different-title；棠樾村 | https://zh.wikipedia.org/wiki/%E6%A3%A0%E6%A8%BE%E6%9D%91 | different-title
4-0142-3-064,老屋阁及绿绕亭,老屋阁及绿绕亭,https://baike.baidu.com/view/4412569.htm,exact,,,,
4-0143-3-065,罗东舒祠,罗东舒祠,https://baike.baidu.com/view/3884707.htm,exact,,,,
4-0144-3-066,东山关帝庙,东山关帝庙,https://baike.baidu.com/subview/543217/543217.htm,exact,东山关帝庙,https://zh.wikipedia.org/wiki/%E4%B8%9C%E5%B1%B1%E5%85%B3%E5%B8%9D%E5%BA%99,exact,
4-0145-3-067,漳州石牌坊,漳州石牌坊,https://baike.baidu.com/view/4423496.htm,exact,,,,
4-0146-3-068,归德府城墙,归德府城墙,https://baike.baidu.com/view/988089.htm,exact,归德府城墙,https://zh.wikipedia.org/wiki/%E5%BD%92%E5%BE%B7%E5%BA%9C%E5%9F%8E%E5%A2%99,exact,
4-0147-3-069,太昊陵庙,太昊陵庙,https://baike.baidu.com/view/6469336.htm,exact,太昊陵庙,https://zh.wikipedia.org/wiki/%E5%A4%AA%E6%98%8A%E9%99%B5%E5%BA%99,exact,
4-0148-3-070,比干庙,比干庙,https://baike.baidu.com/view/25072.htm,exact,比干庙,https://zh.wikipedia.org/wiki/%E6%AF%94%E5%B9%B2%E5%BA%99,exact,
4-0149-3-071,襄阳“古隆中”,襄阳“古隆中”,https://baike.baidu.com/item/%E8%A5%84%E9%98%B3%E2%80%9C%E5%8F%A4%E9%9A%86%E4%B8%AD%E2%80%9D,exact,,,,
4-0150-3-072,荆州城墙,荆州城墙,https://baike.baidu.com/view/1226635.htm,exact,,,,
4-0151-3-073,许驸马府,许驸马府,https://baike.baidu.com/view/75676.htm,exact,,,,
4-0152-3-074,佛山祖庙,佛山祖庙,https://baike.baidu.com/subview/25381/11096728.htm,exact,佛山祖庙,https://zh.wikipedia.org/wiki/%E4%BD%9B%E5%B1%B1%E7%A5%96%E5%BA%99,exact,
4-0153-3-075,莫土司衙署,莫土司衙署,https://baike.baidu.com/view/6912586.htm,exact,,,,
4-0154-3-076,靖江王府及王陵,靖江王府及王陵,https://baike.baidu.com/view/10632837.htm,exact,,,,
4-0155-3-077,丘浚故居及墓,丘浚故居及墓,https://baike.baidu.com/view/11578855.htm,exact,,,,
4-0156-3-078,平武报恩寺,平武报恩寺,https://baike.baidu.com/subview/1381949/1381949.htm,exact,,,,
4-0157-3-079,真武山古建筑群,真武山古建筑群,https://baike.baidu.com/view/288292.htm,exact,真武山古建筑群,https://zh.wikipedia.org/wiki/%E7%9C%9F%E6%AD%A6%E5%B1%B1%E5%8F%A4%E5%BB%BA%E7%AD%91%E7%BE%A4,exact,
4-0158-3-080,张桓侯祠,张桓侯祠,https://baike.baidu.com/view/11593899.htm,exact,张桓侯祠,https://zh.wikipedia.org/wiki/%E5%BC%A0%E6%A1%93%E4%BE%AF%E7%A5%A0,exact,
4-0159-3-081,大宝积宫与琉璃殿,大宝积宫与琉璃殿,https://baike.baidu.com/view/1069058.htm,exact,,,,
4-0160-3-082,白居寺,白居寺,https://baike.baidu.com/view/47690.htm,exact,白居寺,https://zh.wikipedia.org/wiki/%E7%99%BD%E5%B1%85%E5%AF%BA,exact,
4-0161-3-083,西安钟楼、鼓楼,西安钟楼、鼓楼,https://baike.baidu.com/item/%E8%A5%BF%E5%AE%89%E9%92%9F%E6%A5%BC%E3%80%81%E9%BC%93%E6%A5%BC,exact,,,,
4-0162-3-084,水陆庵,水陆庵,https://baike.baidu.com/subview/92649/92649.htm,exact,水陆庵,https://zh.wikipedia.org/wiki/%E6%B0%B4%E9%99%86%E5%BA%B5,exact,
4-0163-3-085,武威文庙,武威文庙,https://baike.baidu.com/view/154500.htm,exact,武威文庙,https://zh.wikipedia.org/wiki/%E6%AD%A6%E5%A8%81%E6%96%87%E5%BA%99,exact,
4-0164-3-086,鲁土司衙门旧址,鲁土司衙门旧址,https://baike.baidu.com/view/928784.htm,exact,,,,
4-0165-3-087,南堂,南堂,https://baike.baidu.com/subview/122347/12538103.htm,exact,,,,
4-0166-3-088,觉生寺,觉生寺,https://baike.baidu.com/view/442333.htm,exact,,,,
4-0167-3-089,万荣后土庙,万荣后土庙,https://baike.baidu.com/view/11576108.htm,exact,万荣后土庙,https://zh.wikipedia.org/wiki/%E4%B8%87%E8%8D%A3%E5%90%8E%E5%9C%9F%E5%BA%99,exact,
4-0168-3-090,祆神楼,祆神楼,https://baike.baidu.com/item/%E7%A5%86%E7%A5%9E%E6%A5%BC,exact,,,,
4-0169-3-091,五当召,五当召,https://baike.baidu.com/view/50184.htm,exact,,,,
4-0170-3-092,盂城驿,盂城驿,https://baike.baidu.com/view/163131.htm,exact,盂城驿,https://zh.wikipedia.org/wiki/%E7%9B%82%E5%9F%8E%E9%A9%BF,exact,
4-0171-3-093,玉海楼,玉海楼,https://baike.baidu.com/view/20573.htm,exact,玉海楼,https://zh.wikipedia.org/wiki/%E7%8E%89%E6%B5%B7%E6%A5%BC,exact,
4-0172-3-094,福建土楼,福建土楼,https://baike.baidu.com/subview/1329839/17725756.htm,exact,,,,
4-0173-3-095,魏氏庄园,魏氏庄园,https://baike.baidu.com/item/%E9%AD%8F%E6%B0%8F%E5%BA%84%E5%9B%AD/16378206,exact,,,,
4-0174-3-096,丁氏故宅,丁氏故宅,https://baike.baidu.com/view/81130.htm,exact,丁氏故宅,https://zh.wikipedia.org/wiki/%E4%B8%81%E6%B0%8F%E6%95%85%E5%AE%85,exact,
4-0175-3-097,开封城墙,开封城墙,https://baike.baidu.com/view/759783.htm,exact,开封城墙,https://zh.wikipedia.org/wiki/%E5%BC%80%E5%B0%81%E5%9F%8E%E5%A2%99,exact,
4-0176-3-098,周口关帝庙,周口关帝庙,https://baike.baidu.com/view/480094.htm,exact,周口关帝庙,https://zh.wikipedia.org/wiki/%E5%91%A8%E5%8F%A3%E5%85%B3%E5%B8%9D%E5%BA%99,exact,
4-0177-3-099,内乡县衙,内乡县衙,https://baike.baidu.com/subview/21547/21547.htm,exact,内乡县衙,https://zh.wikipedia.org/wiki/%E5%86%85%E4%B9%A1%E5%8E%BF%E8%A1%99,exact,
4-0178-3-100,马田鼓楼,马田鼓楼,https://baike.baidu.com/view/343679.htm,exact,,,,
4-0179-3-101,宁远文庙,宁远文庙,https://baike.baidu.com/view/478017.htm,exact,宁远文庙,https://zh.wikipedia.org/wiki/%E5%AE%81%E8%BF%9C%E6%96%87%E5%BA%99,exact,
4-0180-3-102,满堂围,满堂围,https://baike.baidu.com/view/3210588.htm,exact,满堂围,https://zh.wikipedia.org/wiki/%E6%BB%A1%E5%A0%82%E5%9B%B4,exact,
4-0181-3-103,雷祖祠,雷祖祠,https://baike.baidu.com/view/465628.htm,exact,,,,
4-0182-3-104,东坡书院,东坡书院,https://baike.baidu.com/item/%E4%B8%9C%E5%9D%A1%E4%B9%A6%E9%99%A2/23138231,exact,东坡书院,https://zh.wikipedia.org/wiki/%E4%B8%9C%E5%9D%A1%E4%B9%A6%E9%99%A2,exact,
4-0183-3-105,德格印经院,德格印经院,https://baike.baidu.com/view/892187.htm,exact,德格印经院,https://zh.wikipedia.org/wiki/%E5%BE%B7%E6%A0%BC%E5%8D%B0%E7%BB%8F%E9%99%A2,exact,
4-0184-3-106,夕佳山民居,夕佳山民居,https://baike.baidu.com/view/3474440.htm,exact,夕佳山民居,https://zh.wikipedia.org/wiki/%E5%A4%95%E4%BD%B3%E5%B1%B1%E6%B0%91%E5%B1%85,exact,
4-0185-3-107,杨升庵祠及桂湖,杨升庵祠及桂湖,https://baike.baidu.com/view/5096557.htm,exact,,,,
4-0186-3-108,中心镇公堂,中心镇公堂,https://baike.baidu.com/view/786040.htm,exact,中心镇公堂,https://zh.wikipedia.org/wiki/%E4%B8%AD%E5%BF%83%E9%95%87%E5%85%AC%E5%A0%82,exact,
4-0187-3-109,隆务寺,隆务寺,https://baike.baidu.com/view/139671.htm,exact,,,,
4-0188-3-110,伊犁将军府,伊犁将军府,https://baike.baidu.com/view/1904161.htm,exact,伊犁将军府,https://zh.wikipedia.org/wiki/%E4%BC%8A%E7%8A%81%E5%B0%86%E5%86%9B%E5%BA%9C,exact,
4-0189-4-001,森木塞姆千佛洞,森木塞姆千佛洞,https://baike.baidu.com/view/342316.htm,exact,森木塞姆千佛洞,https://zh.wikipedia.org/wiki/%E6%A3%AE%E6%9C%A8%E5%A1%9E%E5%A7%86%E5%8D%83%E4%BD%9B%E6%B4%9E,exact,
4-0190-4-002,马蹄寺石窟群,马蹄寺石窟群,https://baike.baidu.com/view/342249.htm,exact,,,,
4-0191-4-003,灵泉寺石窟,灵泉寺石窟,https://baike.baidu.com/view/342241.htm,exact,灵泉寺石窟,https://zh.wikipedia.org/wiki/%E7%81%B5%E6%B3%89%E5%AF%BA%E7%9F%B3%E7%AA%9F,exact,
4-0192-4-004,龙山石窟,龙山石窟,https://baike.baidu.com/subview/161862/20330814.htm,exact,,,,
4-0193-4-005,贺兰山岩画,贺兰山岩画,https://baike.baidu.com/subview/31524/31524.htm,exact,,,,
4-0194-4-006,龙兴观道德经幢,龙兴观道德经幢,https://baike.baidu.com/view/344621.htm,exact,,,,
4-0195-4-007,天护陀罗尼经幢,天护陀罗尼经幢,https://baike.baidu.com/view/341991.htm,exact,天护陀罗尼经幢,https://zh.wikipedia.org/wiki/%E5%A4%A9%E6%8A%A4%E9%99%80%E7%BD%97%E5%B0%BC%E7%BB%8F%E5%B9%A2,exact,
4-0196-4-008,瑞岩弥勒造像,瑞岩弥勒造像,https://baike.baidu.com/view/341618.htm,exact,瑞岩弥勒造像,https://zh.wikipedia.org/wiki/%E7%91%9E%E5%B2%A9%E5%BC%A5%E5%8B%92%E9%80%A0%E5%83%8F,exact,
4-0197-4-009,千唐志斋石刻,千唐志斋石刻,https://baike.baidu.com/view/341677.htm,exact,,,,
4-0198-4-010,草庵石刻,草庵石刻,https://baike.baidu.com/view/341716.htm,exact,,,,
4-0199-5-001,天津利顺德饭店旧址,天津利顺德饭店旧址,https://baike.baidu.com/view/1095547.htm,exact,,,,
4-0200-5-002,南开学校旧址,南开学校旧址,https://baike.baidu.com/subview/4456728/15452664.htm,exact,,,,
4-0201-5-003,大连俄国建筑,大连俄国建筑,https://baike.baidu.com/view/4419490.htm,exact,大连俄国建筑,https://zh.wikipedia.org/wiki/%E5%A4%A7%E8%BF%9E%E4%BF%84%E5%9B%BD%E5%BB%BA%E7%AD%91,exact,
4-0202-5-004,瞿秋白故居,瞿秋白故居,https://baike.baidu.com/view/138842.htm,exact,瞿秋白故居,https://zh.wikipedia.org/wiki/%E7%9E%BF%E7%A7%8B%E7%99%BD%E6%95%85%E5%B1%85,exact,
4-0203-5-005,马江海战炮台、烈士墓及昭忠祠,马江海战炮台、烈士墓及昭忠祠,https://baike.baidu.com/item/%E9%A9%AC%E6%B1%9F%E6%B5%B7%E6%88%98%E7%82%AE%E5%8F%B0%E3%80%81%E7%83%88%E5%A3%AB%E5%A2%93%E5%8F%8A%E6%98%AD%E5%BF%A0%E7%A5%A0,exact,,,,
4-0204-5-006,胡里山炮台,胡里山炮台,https://baike.baidu.com/view/47747.htm,exact,胡里山炮台,https://zh.wikipedia.org/wiki/%E8%83%A1%E9%87%8C%E5%B1%B1%E7%82%AE%E5%8F%B0,exact,
4-0205-5-007,烟台福建会馆,烟台福建会馆,https://baike.baidu.com/view/144511.htm,exact,,,,
4-0206-5-008,青岛德国建筑,青岛德国建筑,https://baike.baidu.com/item/%E9%9D%92%E5%B2%9B%E5%BE%B7%E5%9B%BD%E5%BB%BA%E7%AD%91,exact,,,,
4-0207-5-009,谭嗣同故居及墓祠,谭嗣同故居及墓祠,https://baike.baidu.com/item/%E8%B0%AD%E5%97%A3%E5%90%8C%E6%95%85%E5%B1%85%E5%8F%8A%E5%A2%93%E7%A5%A0,exact,,,,
4-0208-5-010,魏源故居,魏源故居,https://baike.baidu.com/subview/481982/19635699.htm,exact,,,,
4-0209-5-011,广州沙面建筑群,广州沙面建筑群,https://baike.baidu.com/view/11824047.htm,exact,,,,
4-0210-5-012,康有为故居,康有为故居,https://baike.baidu.com/subview/114098/114098.htm,exact,康有为故居,https://zh.wikipedia.org/wiki/%E5%BA%B7%E6%9C%89%E4%B8%BA%E6%95%85%E5%B1%85,exact,
4-0211-5-013,梁启超故居,梁启超故居,https://baike.baidu.com/item/%E6%A2%81%E5%90%AF%E8%B6%85%E6%95%85%E5%B1%85/49746975,exact,梁启超故居,https://zh.wikipedia.org/wiki/%E6%A2%81%E5%90%AF%E8%B6%85%E6%95%85%E5%B1%85,exact,
4-0212-5-014,大邑刘氏庄园,大邑刘氏庄园,https://baike.baidu.com/view/8591582.htm,exact,大邑刘氏庄园,https://zh.wikipedia.org/wiki/%E5%A4%A7%E9%82%91%E5%88%98%E6%B0%8F%E5%BA%84%E5%9B%AD,exact,
4-0213-5-015,纳楼长官司署,纳楼长官司署,https://baike.baidu.com/view/1070405.htm,exact,纳楼长官司署,https://zh.wikipedia.org/wiki/%E7%BA%B3%E6%A5%BC%E9%95%BF%E5%AE%98%E5%8F%B8%E7%BD%B2,exact,
4-0214-5-016,南甸宣抚司署,南甸宣抚司署,https://baike.baidu.com/view/806341.htm,exact,南甸宣抚司署,https://zh.wikipedia.org/wiki/%E5%8D%97%E7%94%B8%E5%AE%A3%E6%8A%9A%E5%8F%B8%E7%BD%B2,exact,
4-0215-5-017,广州圣心大教堂,广州圣心大教堂,https://baike.baidu.com/view/4261066.htm,exact,,,,
4-0216-5-018,镇江英国领事馆旧址,,,,镇江英国领事馆旧址,https://zh.wikipedia.org/wiki/%E9%95%87%E6%B1%9F%E8%8B%B1%E5%9B%BD%E9%A2%86%E4%BA%8B%E9%A6%86%E6%97%A7%E5%9D%80,search-exact,镇江博物馆 | https://baike.baidu.com/view/90267.htm | different-title
4-0217-5-019,向警予故居,向警予故居,https://baike.baidu.com/view/792921.htm,exact,向警予故居,https://zh.wikipedia.org/wiki/%E5%90%91%E8%AD%A6%E4%BA%88%E6%95%85%E5%B1%85,exact,
4-0218-5-020,硇洲灯塔,硇洲灯塔,https://baike.baidu.com/view/368082.htm,exact,硇洲灯塔,https://zh.wikipedia.org/wiki/%E7%A1%87%E6%B4%B2%E7%81%AF%E5%A1%94,exact,
4-0219-5-021,庐山会议旧址及庐山别墅建筑群,庐山会议旧址及庐山别墅建筑群,https://baike.baidu.com/view/11593018.htm,exact,,,,
4-0220-5-022,上海外滩建筑群,上海外滩建筑群,https://baike.baidu.com/item/%E4%B8%8A%E6%B5%B7%E5%A4%96%E6%BB%A9%E5%BB%BA%E7%AD%91%E7%BE%A4,exact,,,,
4-0221-5-023,张学良旧居,张学良旧居,https://baike.baidu.com/view/11593791.htm,exact,张学良旧居,https://zh.wikipedia.org/wiki/%E5%BC%A0%E5%AD%A6%E8%89%AF%E6%97%A7%E5%B1%85,exact,
4-0222-5-024,蒋氏故居,蒋氏故居,https://baike.baidu.com/view/485015.htm,exact,,,,
4-0223-5-025,李宗仁故居（包括李宗仁官邸）,,,,李宗仁官邸,https://zh.wikipedia.org/wiki/%E6%9D%8E%E5%AE%97%E4%BB%81%E5%AE%98%E9%82%B8,search-related-location,
4-0224-5-026,李济深故居,李济深故居,https://baike.baidu.com/view/274810.htm,exact,李济深故居,https://zh.wikipedia.org/wiki/%E6%9D%8E%E6%B5%8E%E6%B7%B1%E6%95%85%E5%B1%85,exact,
4-0225-5-027,哈尔滨颐园街一号欧式建筑,哈尔滨颐园街一号欧式建筑,https://baike.baidu.com/view/10962047.htm,exact,哈尔滨颐园街一号欧式建筑,https://zh.wikipedia.org/wiki/%E5%93%88%E5%B0%94%E6%BB%A8%E9%A2%90%E5%9B%AD%E8%A1%97%E4%B8%80%E5%8F%B7%E6%AC%A7%E5%BC%8F%E5%BB%BA%E7%AD%91,exact,
4-0226-5-028,上海邮政总局,上海邮政总局,https://baike.baidu.com/view/64519.htm,exact,上海邮政总局,https://zh.wikipedia.org/wiki/%E4%B8%8A%E6%B5%B7%E9%82%AE%E6%94%BF%E6%80%BB%E5%B1%80,exact,
4-0227-5-029,圣索菲亚教堂,圣索菲亚教堂,https://baike.baidu.com/subview/69915/10319046.htm,exact,圣索菲亚教堂,https://zh.wikipedia.org/wiki/%E5%9C%A3%E7%B4%A2%E8%8F%B2%E4%BA%9A%E6%95%99%E5%A0%82,exact,
4-0228-5-030,哈尔滨文庙,哈尔滨文庙,https://baike.baidu.com/view/256153.htm,exact,哈尔滨文庙,https://zh.wikipedia.org/wiki/%E5%93%88%E5%B0%94%E6%BB%A8%E6%96%87%E5%BA%99,exact,
4-0229-5-031,武汉国民政府旧址,武汉国民政府旧址,https://baike.baidu.com/view/99687.htm,exact,,,,
4-0230-5-032,湘南年关暴动指挥部旧址,湘南年关暴动指挥部旧址,https://baike.baidu.com/view/11607033.htm,exact,湘南年关暴动指挥部旧址,https://zh.wikipedia.org/wiki/%E6%B9%98%E5%8D%97%E5%B9%B4%E5%85%B3%E6%9A%B4%E5%8A%A8%E6%8C%87%E6%8C%A5%E9%83%A8%E6%97%A7%E5%9D%80,exact,
4-0231-5-033,右江工农民主政府旧址,右江工农民主政府旧址,https://baike.baidu.com/item/%E5%8F%B3%E6%B1%9F%E5%B7%A5%E5%86%9C%E6%B0%91%E4%B8%BB%E6%94%BF%E5%BA%9C%E6%97%A7%E5%9D%80,exact,,,,
4-0232-5-034,广州大元帅府旧址,广州大元帅府旧址,https://baike.baidu.com/view/11823568.htm,exact,,,,
4-0233-5-035,国立紫金山天文台旧址,国立紫金山天文台旧址,https://baike.baidu.com/view/4430885.htm,exact,国立紫金山天文台旧址,https://zh.wikipedia.org/wiki/%E5%9B%BD%E7%AB%8B%E7%B4%AB%E9%87%91%E5%B1%B1%E5%A4%A9%E6%96%87%E5%8F%B0%E6%97%A7%E5%9D%80,exact,
4-0234-5-036,湘赣省委机关旧址,湘赣省委机关旧址,https://baike.baidu.com/view/10623848.htm,exact,,,,
4-0235-5-037,闽浙赣省委机关旧址,闽浙赣省委机关旧址,https://baike.baidu.com/view/2345331.htm,exact,,,,
4-0236-5-038,红二十五军长征出发地,红二十五军长征出发地,https://baike.baidu.com/item/%E7%BA%A2%E4%BA%8C%E5%8D%81%E4%BA%94%E5%86%9B%E9%95%BF%E5%BE%81%E5%87%BA%E5%8F%91%E5%9C%B0,exact,,,,
4-0237-5-039,会宁红军会师旧址,会宁红军会师旧址,https://baike.baidu.com/view/8287747.htm,exact,会宁红军会师旧址,https://zh.wikipedia.org/wiki/%E4%BC%9A%E5%AE%81%E7%BA%A2%E5%86%9B%E4%BC%9A%E5%B8%88%E6%97%A7%E5%9D%80,exact,
4-0238-5-040,晋察冀边区政府及军区司令部旧址,晋察冀边区政府及军区司令部旧址,https://baike.baidu.com/view/4407675.htm,exact,晋察冀边区政府及军区司令部旧址,https://zh.wikipedia.org/wiki/%E6%99%8B%E5%AF%9F%E5%86%80%E8%BE%B9%E5%8C%BA%E6%94%BF%E5%BA%9C%E5%8F%8A%E5%86%9B%E5%8C%BA%E5%8F%B8%E4%BB%A4%E9%83%A8%E6%97%A7%E5%9D%80,exact,
4-0239-5-041,南岳忠烈祠,南岳忠烈祠,https://baike.baidu.com/subview/908485/908485.htm,exact,南岳忠烈祠,https://zh.wikipedia.org/wiki/%E5%8D%97%E5%B2%B3%E5%BF%A0%E7%83%88%E7%A5%A0,exact,
4-0240-5-042,八路军桂林办事处旧址,八路军桂林办事处旧址,https://baike.baidu.com/view/301197.htm,exact,八路军桂林办事处旧址,https://zh.wikipedia.org/wiki/%E5%85%AB%E8%B7%AF%E5%86%9B%E6%A1%82%E6%9E%97%E5%8A%9E%E4%BA%8B%E5%A4%84%E6%97%A7%E5%9D%80,exact,
4-0241-5-043,晋绥边区政府及军区司令部旧址,晋绥边区政府及军区司令部旧址,https://baike.baidu.com/view/2020802.htm,exact,晋绥边区政府及军区司令部旧址,https://zh.wikipedia.org/wiki/%E6%99%8B%E7%BB%A5%E8%BE%B9%E5%8C%BA%E6%94%BF%E5%BA%9C%E5%8F%8A%E5%86%9B%E5%8C%BA%E5%8F%B8%E4%BB%A4%E9%83%A8%E6%97%A7%E5%9D%80,exact,
4-0242-5-044,八路军一二九师司令部旧址,八路军一二九师司令部旧址,https://baike.baidu.com/subview/167356/167356.htm,exact,八路军一二九师司令部旧址,https://zh.wikipedia.org/wiki/%E5%85%AB%E8%B7%AF%E5%86%9B%E4%B8%80%E4%BA%8C%E4%B9%9D%E5%B8%88%E5%8F%B8%E4%BB%A4%E9%83%A8%E6%97%A7%E5%9D%80,exact,
4-0243-5-045,八路军前方总部旧址,八路军前方总部旧址,https://baike.baidu.com/view/4413068.htm,exact,八路军前方总部旧址,https://zh.wikipedia.org/wiki/%E5%85%AB%E8%B7%AF%E5%86%9B%E5%89%8D%E6%96%B9%E6%80%BB%E9%83%A8%E6%97%A7%E5%9D%80,exact,
4-0244-5-046,八路军一一五师司令部旧址,八路军一一五师司令部旧址,https://baike.baidu.com/view/4434011.htm,exact,,,,
4-0245-5-047,新四军五师司令部旧址,新四军五师司令部旧址,https://baike.baidu.com/view/11597815.htm,exact,,,,
4-0246-5-048,国殇墓园,国殇墓园,https://baike.baidu.com/view/470231.htm,exact,国殇墓园,https://zh.wikipedia.org/wiki/%E5%9B%BD%E6%AE%87%E5%A2%93%E5%9B%AD,exact,
4-0247-5-049,中国共产党代表团办事处旧址（梅园新村）,梅园新村,https://baike.baidu.com/item/%E6%A2%85%E5%9B%AD%E6%96%B0%E6%9D%91/62656331,manual,,,,黄埔军校旧址 | https://zh.wikipedia.org/wiki/%E9%BB%84%E5%9F%94%E5%86%9B%E6%A0%A1%E6%97%A7%E5%9D%80 | different-title
4-0248-5-050,渡江战役总前委旧址,渡江战役总前委旧址,https://baike.baidu.com/subview/1127193/1127193.htm,exact,渡江战役总前委旧址,https://zh.wikipedia.org/wiki/%E6%B8%A1%E6%B1%9F%E6%88%98%E5%BD%B9%E6%80%BB%E5%89%8D%E5%A7%94%E6%97%A7%E5%9D%80,exact,
4-0249-6-001,泸州大曲老窖池,泸州大曲老窖池,https://baike.baidu.com/view/860814.htm,exact,泸州大曲老窖池,https://zh.wikipedia.org/wiki/%E6%B3%B8%E5%B7%9E%E5%A4%A7%E6%9B%B2%E8%80%81%E7%AA%96%E6%B1%A0,exact,
4-0250-6-002,延一井旧址,延一井旧址,https://baike.baidu.com/view/11506915.htm,exact,,,,
5-0001-1-001,金中都水关遗址,金中都水关遗址,https://baike.baidu.com/view/191831.htm,exact,,,,
5-0002-1-002,泥河湾遗址群,泥河湾遗址群,https://baike.baidu.com/view/585918.htm,exact,,,,
5-0003-1-003,南庄头遗址,南庄头遗址,https://baike.baidu.com/view/1096196.htm,exact,,,,
5-0004-1-004,西寨遗址,西寨遗址,https://baike.baidu.com/view/1093943.htm,exact,,,,
5-0005-1-005,代王城遗址,代王城遗址,https://baike.baidu.com/view/590353.htm,exact,代王城遗址,https://zh.wikipedia.org/wiki/%E4%BB%A3%E7%8E%8B%E5%9F%8E%E9%81%97%E5%9D%80,exact,
5-0006-1-006,井陉窑遗址,井陉窑遗址,https://baike.baidu.com/view/2513397.htm,exact,井陉窑遗址,https://zh.wikipedia.org/wiki/%E4%BA%95%E9%99%89%E7%AA%91%E9%81%97%E5%9D%80,exact,
5-0007-1-007,元中都遗址,元中都遗址,https://baike.baidu.com/view/590352.htm,exact,,,,
5-0008-1-008,柿子滩遗址,柿子滩遗址,https://baike.baidu.com/view/2020832.htm,exact,柿子滩遗址,https://zh.wikipedia.org/wiki/%E6%9F%BF%E5%AD%90%E6%BB%A9%E9%81%97%E5%9D%80,exact,
5-0009-1-009,东下冯遗址,东下冯遗址,https://baike.baidu.com/view/387492.htm,exact,东下冯遗址,https://zh.wikipedia.org/wiki/%E4%B8%9C%E4%B8%8B%E5%86%AF%E9%81%97%E5%9D%80,exact,
5-0010-1-010,晋阳古城遗址,晋阳古城遗址,https://baike.baidu.com/view/958777.htm,exact,晋阳古城遗址,https://zh.wikipedia.org/wiki/%E6%99%8B%E9%98%B3%E5%8F%A4%E5%9F%8E%E9%81%97%E5%9D%80,exact,
5-0011-1-011,蒲津渡与蒲州故城遗址,蒲津渡与蒲州故城遗址,https://baike.baidu.com/view/4450010.htm,exact,,,,
5-0012-1-012,曲回寺石像冢,曲回寺石像冢,https://baike.baidu.com/view/4449978.htm,exact,曲回寺石像冢,https://zh.wikipedia.org/wiki/%E6%9B%B2%E5%9B%9E%E5%AF%BA%E7%9F%B3%E5%83%8F%E5%86%A2,exact,
5-0013-1-013,萨拉乌苏遗址,萨拉乌苏遗址,https://baike.baidu.com/view/298115.htm,exact,,,,
5-0014-1-014,岱海遗址群,岱海遗址群,https://baike.baidu.com/view/1368403.htm,exact,,,,
5-0015-1-015,庙子沟遗址,庙子沟遗址,https://baike.baidu.com/view/422611.htm,exact,庙子沟遗址,https://zh.wikipedia.org/wiki/%E5%BA%99%E5%AD%90%E6%B2%9F%E9%81%97%E5%9D%80,exact,
5-0016-1-016,架子山遗址群,架子山遗址群,https://baike.baidu.com/view/4448632.htm,exact,,,,
5-0017-1-017,大井古铜矿遗址,大井古铜矿遗址,https://baike.baidu.com/view/881626.htm,exact,大井古铜矿遗址,https://zh.wikipedia.org/wiki/%E5%A4%A7%E4%BA%95%E5%8F%A4%E9%93%9C%E7%9F%BF%E9%81%97%E5%9D%80,exact,
5-0018-1-018,城子山遗址,城子山遗址,https://baike.baidu.com/subview/881660/881660.htm,exact,,,,
5-0019-1-019,和林格尔土城子遗址,和林格尔土城子遗址,https://baike.baidu.com/view/4448625.htm,exact,,,,
5-0020-1-020,黑山头城址,黑山头城址,https://baike.baidu.com/view/4448611.htm,exact,,,,
5-0021-1-021,金界壕遗址,金界壕遗址,https://baike.baidu.com/view/1070468.htm,exact,,,,
5-0022-1-022,应昌路故城遗址,应昌路故城遗址,https://baike.baidu.com/view/881668.htm,exact,,,,
5-0023-1-023,海城仙人洞遗址,海城仙人洞遗址,https://baike.baidu.com/view/483508.htm,exact,,,,
5-0024-1-024,新乐遗址,新乐遗址,https://baike.baidu.com/view/29976.htm,exact,新乐遗址,https://zh.wikipedia.org/wiki/%E6%96%B0%E4%B9%90%E9%81%97%E5%9D%80,exact,
5-0025-1-025,东山嘴遗址,东山嘴遗址,https://baike.baidu.com/view/928231.htm,exact,,,,
5-0026-1-026,汉书遗址,汉书遗址,https://baike.baidu.com/view/3288247.htm,exact,汉书遗址,https://zh.wikipedia.org/wiki/%E6%B1%89%E4%B9%A6%E9%81%97%E5%9D%80,exact,
5-0027-1-027,西团山遗址,西团山遗址,https://baike.baidu.com/view/2513518.htm,exact,,,,
5-0028-1-028,万发拨子遗址,万发拨子遗址,https://baike.baidu.com/view/975352.htm,exact,万发拨子遗址,https://zh.wikipedia.org/wiki/%E4%B8%87%E5%8F%91%E6%8B%A8%E5%AD%90%E9%81%97%E5%9D%80,exact,
5-0029-1-029,二龙湖古城遗址,二龙湖古城遗址,https://baike.baidu.com/view/3509455.htm,exact,二龙湖古城遗址,https://zh.wikipedia.org/wiki/%E4%BA%8C%E9%BE%99%E6%B9%96%E5%8F%A4%E5%9F%8E%E9%81%97%E5%9D%80,exact,
5-0030-1-030,罗通山城,罗通山城,https://baike.baidu.com/view/1058745.htm,exact,罗通山城,https://zh.wikipedia.org/wiki/%E7%BD%97%E9%80%9A%E5%B1%B1%E5%9F%8E,exact,
5-0031-1-031,八连城遗址,八连城遗址,https://baike.baidu.com/view/3265676.htm,exact,八连城遗址,https://zh.wikipedia.org/wiki/%E5%85%AB%E8%BF%9E%E5%9F%8E%E9%81%97%E5%9D%80,exact,
5-0032-1-032,宝山—六道沟冶铜遗址,,,,宝山—六道沟冶铜遗址,https://zh.wikipedia.org/wiki/%E5%AE%9D%E5%B1%B1%E2%80%94%E5%85%AD%E9%81%93%E6%B2%9F%E5%86%B6%E9%93%9C%E9%81%97%E5%9D%80,exact,
5-0033-1-033,塔虎城,塔虎城,https://baike.baidu.com/view/267520.htm,exact,塔虎城,https://zh.wikipedia.org/wiki/%E5%A1%94%E8%99%8E%E5%9F%8E,exact,
5-0034-1-034,三江平原汉魏时期遗址,三江平原汉魏时期遗址,https://baike.baidu.com/view/480558.htm,exact,三江平原汉魏时期遗址,https://zh.wikipedia.org/wiki/%E4%B8%89%E6%B1%9F%E5%B9%B3%E5%8E%9F%E6%B1%89%E9%AD%8F%E6%97%B6%E6%9C%9F%E9%81%97%E5%9D%80,exact,
5-0035-1-035,奥里米城址,奥里米城址,https://baike.baidu.com/view/4430204.htm,exact,奥里米城址,https://zh.wikipedia.org/wiki/%E5%A5%A5%E9%87%8C%E7%B1%B3%E5%9F%8E%E5%9D%80,exact,
5-0036-1-036,八里城遗址,八里城遗址,https://baike.baidu.com/view/4430188.htm,exact,八里城遗址,https://zh.wikipedia.org/wiki/%E5%85%AB%E9%87%8C%E5%9F%8E%E9%81%97%E5%9D%80,exact,
5-0037-1-037,福泉山遗址,福泉山遗址,https://baike.baidu.com/view/169580.htm,exact,福泉山遗址,https://zh.wikipedia.org/wiki/%E7%A6%8F%E6%B3%89%E5%B1%B1%E9%81%97%E5%9D%80,exact,
5-0038-1-038,龙虬庄遗址,龙虬庄遗址,https://baike.baidu.com/view/163127.htm,exact,,,,
5-0039-1-039,罗家角遗址,罗家角遗址,https://baike.baidu.com/view/994636.htm,exact,罗家角遗址,https://zh.wikipedia.org/wiki/%E7%BD%97%E5%AE%B6%E8%A7%92%E9%81%97%E5%9D%80,exact,
5-0040-1-040,马家浜遗址,马家浜遗址,https://baike.baidu.com/view/550259.htm,exact,,,,
5-0041-1-041,下菰城遗址,下菰城遗址,https://baike.baidu.com/view/364688.htm,exact,,,,
5-0042-1-042,临安城遗址,临安城遗址,https://baike.baidu.com/view/2715523.htm,exact,,,,
5-0043-1-043,铁店窑遗址,铁店窑遗址,https://baike.baidu.com/view/2739618.htm,exact,,,,
5-0044-1-044,陈山遗址,陈山遗址,https://baike.baidu.com/view/2658556.htm,exact,,,,
5-0045-1-045,凌家滩遗址,凌家滩遗址,https://baike.baidu.com/view/638631.htm,exact,,,,
5-0046-1-046,尉迟寺遗址,尉迟寺遗址,https://baike.baidu.com/view/476145.htm,exact,尉迟寺遗址,https://zh.wikipedia.org/wiki/%E5%B0%89%E8%BF%9F%E5%AF%BA%E9%81%97%E5%9D%80,exact,
5-0047-1-047,寿春城遗址,寿春城遗址,https://baike.baidu.com/view/718019.htm,exact,寿春城遗址,https://zh.wikipedia.org/wiki/%E5%AF%BF%E6%98%A5%E5%9F%8E%E9%81%97%E5%9D%80,exact,
5-0048-1-048,寿州窑遗址,寿州窑遗址,https://baike.baidu.com/view/4162556.htm,exact,,,,
5-0049-1-049,柳孜运河码头遗址,柳孜运河码头遗址,https://baike.baidu.com/view/4412714.htm,exact,柳孜运河码头遗址,https://zh.wikipedia.org/wiki/%E6%9F%B3%E5%AD%9C%E8%BF%90%E6%B2%B3%E7%A0%81%E5%A4%B4%E9%81%97%E5%9D%80,exact,
5-0050-1-050,繁昌窑遗址,繁昌窑遗址,https://baike.baidu.com/view/3509436.htm,exact,,,,
5-0051-1-051,万寿岩遗址,万寿岩遗址,https://baike.baidu.com/view/472013.htm,exact,万寿岩遗址,https://zh.wikipedia.org/wiki/%E4%B8%87%E5%AF%BF%E5%B2%A9%E9%81%97%E5%9D%80,exact,
5-0052-1-052,昙石山遗址,昙石山遗址,https://baike.baidu.com/view/4448433.htm,exact,昙石山遗址,https://zh.wikipedia.org/wiki/%E6%98%99%E7%9F%B3%E5%B1%B1%E9%81%97%E5%9D%80,exact,
5-0053-1-053,建窑遗址,建窑遗址,https://baike.baidu.com/view/606519.htm,exact,,,,
5-0054-1-054,仙人洞、吊桶环遗址,仙人洞、吊桶环遗址,https://baike.baidu.com/view/4422715.htm,exact,仙人洞、吊桶环遗址,https://zh.wikipedia.org/wiki/%E4%BB%99%E4%BA%BA%E6%B4%9E%E3%80%81%E5%90%8A%E6%A1%B6%E7%8E%AF%E9%81%97%E5%9D%80,exact,
5-0055-1-055,筑卫城遗址,筑卫城遗址,https://baike.baidu.com/view/592605.htm,exact,筑卫城遗址,https://zh.wikipedia.org/wiki/%E7%AD%91%E5%8D%AB%E5%9F%8E%E9%81%97%E5%9D%80,exact,
5-0056-1-056,铜岭铜矿遗址,铜岭铜矿遗址,https://baike.baidu.com/view/4440092.htm,exact,,,,
5-0057-1-057,吉州窑遗址,吉州窑遗址,https://baike.baidu.com/view/591111.htm,exact,,,,
5-0058-1-058,西河遗址,西河遗址,https://baike.baidu.com/view/799503.htm,exact,,,,
5-0059-1-059,桐林遗址,桐林遗址,https://baike.baidu.com/view/4085518.htm,exact,桐林遗址,https://zh.wikipedia.org/wiki/%E6%A1%90%E6%9E%97%E9%81%97%E5%9D%80,exact,
5-0060-1-060,丁公遗址,丁公遗址,https://baike.baidu.com/view/320375.htm,exact,丁公遗址,https://zh.wikipedia.org/wiki/%E4%B8%81%E5%85%AC%E9%81%97%E5%9D%80,exact,
5-0061-1-061,景阳岗遗址,景阳岗遗址,https://baike.baidu.com/view/4441839.htm,exact,景阳岗遗址,https://zh.wikipedia.org/wiki/%E6%99%AF%E9%98%B3%E5%B2%97%E9%81%97%E5%9D%80,exact,
5-0062-1-062,安邱堌堆遗址,安邱堌堆遗址,https://baike.baidu.com/view/486903.htm,exact,安邱堌堆遗址,https://zh.wikipedia.org/wiki/%E5%AE%89%E9%82%B1%E5%A0%8C%E5%A0%86%E9%81%97%E5%9D%80,exact,
5-0063-1-063,即墨故城遗址,即墨故城遗址,https://baike.baidu.com/view/511138.htm,exact,,,,
5-0064-1-064,裴李岗遗址,裴李岗遗址,https://baike.baidu.com/view/273899.htm,exact,,,,
5-0065-1-065,贾湖遗址,贾湖遗址,https://baike.baidu.com/view/304404.htm,exact,,,,
5-0066-1-066,八里岗遗址,八里岗遗址,https://baike.baidu.com/view/480058.htm,exact,八里岗遗址,https://zh.wikipedia.org/wiki/%E5%85%AB%E9%87%8C%E5%B2%97%E9%81%97%E5%9D%80,exact,
5-0067-1-067,北阳平遗址,北阳平遗址,https://baike.baidu.com/view/575453.htm,exact,北阳平遗址,https://zh.wikipedia.org/wiki/%E5%8C%97%E9%98%B3%E5%B9%B3%E9%81%97%E5%9D%80,exact,
5-0068-1-068,庙底沟遗址,庙底沟遗址,https://baike.baidu.com/view/387723.htm,exact,庙底沟遗址,https://zh.wikipedia.org/wiki/%E5%BA%99%E5%BA%95%E6%B2%9F%E9%81%97%E5%9D%80,exact,
5-0069-1-069,大河村遗址,大河村遗址,https://baike.baidu.com/view/156565.htm,exact,大河村遗址,https://zh.wikipedia.org/wiki/%E5%A4%A7%E6%B2%B3%E6%9D%91%E9%81%97%E5%9D%80,exact,
5-0070-1-070,孟庄遗址,孟庄遗址,https://baike.baidu.com/subview/4401629/15383907.htm,exact,孟庄遗址,https://zh.wikipedia.org/wiki/%E5%AD%9F%E5%BA%84%E9%81%97%E5%9D%80,exact,
5-0071-1-071,古城寨城址,古城寨城址,https://baike.baidu.com/subview/4419855/4419855.htm,exact,古城寨城址,https://zh.wikipedia.org/wiki/%E5%8F%A4%E5%9F%8E%E5%AF%A8%E5%9F%8E%E5%9D%80,exact,
5-0072-1-072,府城遗址,府城遗址,https://baike.baidu.com/view/4433939.htm,exact,府城遗址,https://zh.wikipedia.org/wiki/%E5%BA%9C%E5%9F%8E%E9%81%97%E5%9D%80,exact,
5-0073-1-073,番国故城遗址,番国故城遗址,https://baike.baidu.com/view/1506416.htm,exact,番国故城遗址,https://zh.wikipedia.org/wiki/%E7%95%AA%E5%9B%BD%E6%95%85%E5%9F%8E%E9%81%97%E5%9D%80,exact,
5-0074-1-074,城阳城址,城阳城址,https://baike.baidu.com/view/757244.htm,exact,,,,
5-0075-1-075,荥阳故城,荥阳故城,https://baike.baidu.com/view/11618123.htm,exact,,,,
5-0076-1-076,巩义窑址,巩义窑址,https://baike.baidu.com/view/1490823.htm,exact,巩义窑址,https://zh.wikipedia.org/wiki/%E5%B7%A9%E4%B9%89%E7%AA%91%E5%9D%80,exact,
5-0077-1-077,清凉寺汝官窑遗址,清凉寺汝官窑遗址,https://baike.baidu.com/view/1134972.htm,exact,,,,
5-0078-1-078,鹿邑太清宫遗址,鹿邑太清宫遗址,https://baike.baidu.com/view/1092154.htm,exact,,,,
5-0079-1-079,学堂梁子遗址,学堂梁子遗址,https://baike.baidu.com/view/1596092.htm,exact,,,,
5-0080-1-080,关庙山遗址,关庙山遗址,https://baike.baidu.com/view/2067626.htm,exact,关庙山遗址,https://zh.wikipedia.org/wiki/%E5%85%B3%E5%BA%99%E5%B1%B1%E9%81%97%E5%9D%80,exact,
5-0081-1-081,门板湾遗址,门板湾遗址,https://baike.baidu.com/view/436464.htm,exact,,,,
5-0082-1-082,走马岭遗址,走马岭遗址,https://baike.baidu.com/view/2082553.htm,exact,,,,
5-0083-1-083,阴湘城遗址,阴湘城遗址,https://baike.baidu.com/view/2082532.htm,exact,,,,
5-0084-1-084,磨盘山遗址,磨盘山遗址,https://baike.baidu.com/subview/1180839/1180839.htm,exact,,,,
5-0085-1-085,龙湾遗址,龙湾遗址,https://baike.baidu.com/view/835400.htm,exact,,,,
5-0086-1-086,鄂王城城址,鄂王城城址,https://baike.baidu.com/view/4433834.htm,exact,,,,
5-0087-1-087,季家湖城址,季家湖城址,https://baike.baidu.com/view/1180854.htm,exact,,,,
5-0088-1-088,楚皇城城址,楚皇城城址,https://baike.baidu.com/view/2336430.htm,exact,楚皇城城址,https://zh.wikipedia.org/wiki/%E6%A5%9A%E7%9A%87%E5%9F%8E%E5%9F%8E%E5%9D%80,exact,
5-0089-1-089,湖泗瓷窑址群,湖泗瓷窑址群,https://baike.baidu.com/view/11607022.htm,exact,湖泗瓷窑址群,https://zh.wikipedia.org/wiki/%E6%B9%96%E6%B3%97%E7%93%B7%E7%AA%91%E5%9D%80%E7%BE%A4,exact,
5-0090-1-090,玉虚宫遗址,玉虚宫遗址,https://baike.baidu.com/view/3912193.htm,exact,玉虚宫遗址,https://zh.wikipedia.org/wiki/%E7%8E%89%E8%99%9A%E5%AE%AB%E9%81%97%E5%9D%80,exact,
5-0091-1-091,玉蟾岩遗址,玉蟾岩遗址,https://baike.baidu.com/view/384237.htm,exact,玉蟾岩遗址,https://zh.wikipedia.org/wiki/%E7%8E%89%E8%9F%BE%E5%B2%A9%E9%81%97%E5%9D%80,exact,
5-0092-1-092,彭头山遗址,彭头山遗址,https://baike.baidu.com/view/119931.htm,exact,,,,
5-0093-1-093,八十垱遗址,八十垱遗址,https://baike.baidu.com/view/8277081.htm,exact,八十垱遗址,https://zh.wikipedia.org/wiki/%E5%85%AB%E5%8D%81%E5%9E%B1%E9%81%97%E5%9D%80,exact,
5-0094-1-094,老司城遗址,老司城遗址,https://baike.baidu.com/view/13356639.htm,exact,,,,
5-0095-1-095,石峡遗址,石峡遗址,https://baike.baidu.com/view/387521.htm,exact,石峡遗址,https://zh.wikipedia.org/wiki/%E7%9F%B3%E5%B3%A1%E9%81%97%E5%9D%80,exact,
5-0096-1-096,莲花山古采石场,莲花山古采石场,https://baike.baidu.com/view/104227.htm,exact,,,,
5-0097-1-097,笔架山潮州窑遗址,笔架山潮州窑遗址,https://baike.baidu.com/view/485209.htm,exact,,,,
5-0098-1-098,落笔洞遗址,落笔洞遗址,https://baike.baidu.com/view/3998613.htm,exact,,,,
5-0099-1-099,百谷和高岭坡遗址,百谷和高岭坡遗址,https://baike.baidu.com/view/1080945.htm,exact,,,,
5-0100-1-100,甑皮岩遗址,甑皮岩遗址,https://baike.baidu.com/view/147540.htm,exact,,,,
5-0101-1-101,顶蛳山遗址,顶蛳山遗址,https://baike.baidu.com/view/6870176.htm,exact,,,,
5-0102-1-102,高家镇遗址,高家镇遗址,https://baike.baidu.com/view/390198.htm,exact,,,,
5-0103-1-103,罗家坝遗址,罗家坝遗址,https://baike.baidu.com/view/599231.htm,exact,,,,
5-0104-1-104,成都平原史前城址,成都平原史前城址,https://baike.baidu.com/view/5104114.htm,exact,成都平原史前城址,https://zh.wikipedia.org/wiki/%E6%88%90%E9%83%BD%E5%B9%B3%E5%8E%9F%E5%8F%B2%E5%89%8D%E5%9F%8E%E5%9D%80,exact,
5-0105-1-105,十二桥遗址,十二桥遗址,https://baike.baidu.com/view/1145937.htm,exact,十二桥遗址,https://zh.wikipedia.org/wiki/%E5%8D%81%E4%BA%8C%E6%A1%A5%E9%81%97%E5%9D%80,exact,
5-0106-1-106,汉庄城址,汉庄城址,https://baike.baidu.com/view/1070390.htm,exact,汉庄城址,https://zh.wikipedia.org/wiki/%E6%B1%89%E5%BA%84%E5%9F%8E%E5%9D%80,exact,
5-0107-1-107,黔西观音洞遗址,黔西观音洞遗址,https://baike.baidu.com/view/6915861.htm,exact,,,,
5-0108-1-108,可乐遗址,可乐遗址,https://baike.baidu.com/view/818020.htm,exact,可乐遗址,https://zh.wikipedia.org/wiki/%E5%8F%AF%E4%B9%90%E9%81%97%E5%9D%80,exact,
5-0109-1-109,拉加里王宫遗址,拉加里王宫遗址,https://baike.baidu.com/view/2036459.htm,exact,拉加里王宫遗址,https://zh.wikipedia.org/wiki/%E6%8B%89%E5%8A%A0%E9%87%8C%E7%8E%8B%E5%AE%AB%E9%81%97%E5%9D%80,exact,
5-0110-1-110,甜水沟遗址,甜水沟遗址,https://baike.baidu.com/view/3998599.htm,exact,,,,
5-0111-1-111,花石浪遗址,花石浪遗址,https://baike.baidu.com/view/1967226.htm,exact,,,,
5-0112-1-112,元君庙—泉护村遗址,元君庙-泉护村遗址,https://baike.baidu.com/item/%E5%85%83%E5%90%9B%E5%BA%99-%E6%B3%89%E6%8A%A4%E6%9D%91%E9%81%97%E5%9D%80,manual,,,,秦咸阳城遗址 | https://zh.wikipedia.org/wiki/%E7%A7%A6%E5%92%B8%E9%98%B3%E5%9F%8E%E9%81%97%E5%9D%80 | different-title
5-0113-1-113,康家遗址,康家遗址,https://baike.baidu.com/view/4008590.htm,exact,康家遗址,https://zh.wikipedia.org/wiki/%E5%BA%B7%E5%AE%B6%E9%81%97%E5%9D%80,exact,
5-0114-1-114,老牛坡遗址,老牛坡遗址,https://baike.baidu.com/view/1004716.htm,exact,,,,
5-0115-1-115,栎阳城遗址,栎阳城遗址,https://baike.baidu.com/view/2992507.htm,exact,栎阳城遗址,https://zh.wikipedia.org/wiki/%E6%A0%8E%E9%98%B3%E5%9F%8E%E9%81%97%E5%9D%80,exact,
5-0116-1-116,京师仓遗址,京师仓遗址,https://baike.baidu.com/view/2682591.htm,exact,京师仓遗址,https://zh.wikipedia.org/wiki/%E4%BA%AC%E5%B8%88%E4%BB%93%E9%81%97%E5%9D%80,exact,
5-0117-1-117,良周遗址,良周遗址,https://baike.baidu.com/view/5317166.htm,exact,,,,
5-0118-1-118,东渭桥遗址,东渭桥遗址,https://baike.baidu.com/view/690243.htm,exact,东渭桥遗址,https://zh.wikipedia.org/wiki/%E4%B8%9C%E6%B8%AD%E6%A1%A5%E9%81%97%E5%9D%80,exact,
5-0119-1-119,玉华宫遗址,玉华宫遗址,https://baike.baidu.com/view/10606513.htm,exact,玉华宫遗址,https://zh.wikipedia.org/wiki/%E7%8E%89%E5%8D%8E%E5%AE%AB%E9%81%97%E5%9D%80,exact,
5-0120-1-120,南佐遗址,南佐遗址,https://baike.baidu.com/view/581752.htm,exact,南佐遗址,https://zh.wikipedia.org/wiki/%E5%8D%97%E4%BD%90%E9%81%97%E5%9D%80,exact,
5-0121-1-121,大堡子山遗址及墓群,大堡子山遗址及墓群,https://baike.baidu.com/view/581746.htm,exact,大堡子山遗址及墓群,https://zh.wikipedia.org/wiki/%E5%A4%A7%E5%A0%A1%E5%AD%90%E5%B1%B1%E9%81%97%E5%9D%80%E5%8F%8A%E5%A2%93%E7%BE%A4,exact,
5-0122-1-122,黑水国遗址,黑水国遗址,https://baike.baidu.com/view/5495629.htm,exact,,,,
5-0123-1-123,悬泉置遗址,悬泉置遗址,https://baike.baidu.com/view/479217.htm,exact,悬泉置遗址,https://zh.wikipedia.org/wiki/%E6%82%AC%E6%B3%89%E7%BD%AE%E9%81%97%E5%9D%80,exact,
5-0124-1-124,许三湾城及墓群,许三湾城及墓群,https://baike.baidu.com/view/583773.htm,exact,,,,
5-0125-1-125,白塔寺遗址,白塔寺遗址,https://baike.baidu.com/subview/581767/18542497.htm,exact,,,,
5-0126-1-126,喇家遗址,喇家遗址,https://baike.baidu.com/view/413725.htm,exact,喇家遗址,https://zh.wikipedia.org/wiki/%E5%96%87%E5%AE%B6%E9%81%97%E5%9D%80,exact,
5-0127-1-127,塔温搭里哈遗址,塔温搭里哈遗址,https://baike.baidu.com/view/4661768.htm,exact,,,,
5-0128-1-128,开城遗址,开城遗址,https://baike.baidu.com/view/8902956.htm,exact,开城遗址,https://zh.wikipedia.org/wiki/%E5%BC%80%E5%9F%8E%E9%81%97%E5%9D%80,exact,
5-0129-1-129,奴拉赛铜矿遗址,奴拉赛铜矿遗址,https://baike.baidu.com/view/1601280.htm,exact,奴拉赛铜矿遗址,https://zh.wikipedia.org/wiki/%E5%A5%B4%E6%8B%89%E8%B5%9B%E9%93%9C%E7%9F%BF%E9%81%97%E5%9D%80,exact,
5-0130-1-130,圆沙古城,圆沙古城,https://baike.baidu.com/view/868914.htm,exact,圆沙古城,https://zh.wikipedia.org/wiki/%E5%9C%86%E6%B2%99%E5%8F%A4%E5%9F%8E,exact,
5-0131-1-131,克孜尔尕哈烽燧,克孜尔尕哈烽燧,https://baike.baidu.com/view/10056554.htm,exact,克孜尔尕哈烽燧,https://zh.wikipedia.org/wiki/%E5%85%8B%E5%AD%9C%E5%B0%94%E5%B0%95%E5%93%88%E7%83%BD%E7%87%A7,exact,
5-0132-1-132,孔雀河烽燧群,孔雀河烽燧群,https://baike.baidu.com/view/857514.htm,exact,孔雀河烽燧群,https://zh.wikipedia.org/wiki/%E5%AD%94%E9%9B%80%E6%B2%B3%E7%83%BD%E7%87%A7%E7%BE%A4,exact,
5-0133-1-133,罗布泊南古城遗址,罗布泊南古城遗址,https://baike.baidu.com/item/%E7%BD%97%E5%B8%83%E6%B3%8A%E5%8D%97%E5%8F%A4%E5%9F%8E%E9%81%97%E5%9D%80,exact,,,,
5-0134-1-134,莫尔寺遗址,莫尔寺遗址,https://baike.baidu.com/view/11618261.htm,exact,,,,
5-0135-1-135,托库孜萨来遗址,托库孜萨来遗址,https://baike.baidu.com/view/11596117.htm,exact,,,,
5-0136-1-136,米兰遗址,米兰遗址,https://baike.baidu.com/view/320806.htm,exact,,,,
5-0137-1-137,安迪尔古城遗址,安迪尔古城遗址,https://baike.baidu.com/view/857529.htm,exact,安迪尔古城遗址,https://zh.wikipedia.org/wiki/%E5%AE%89%E8%BF%AA%E5%B0%94%E5%8F%A4%E5%9F%8E%E9%81%97%E5%9D%80,exact,
5-0138-1-138,石头城遗址,,,,石头城,https://zh.wikipedia.org/wiki/%E7%9F%B3%E5%A4%B4%E5%9F%8E,search-related-location,石头城 | https://baike.baidu.com/subview/83735/5072557.htm | related-unconfirmed
5-0139-1-139,七个星佛寺遗址,七个星佛寺遗址,https://baike.baidu.com/view/11499395.htm,exact,七个星佛寺遗址,https://zh.wikipedia.org/wiki/%E4%B8%83%E4%B8%AA%E6%98%9F%E4%BD%9B%E5%AF%BA%E9%81%97%E5%9D%80,exact,
5-0140-1-140,热瓦克佛寺遗址,热瓦克佛寺遗址,https://baike.baidu.com/view/355031.htm,exact,,,,
5-0141-1-141,白杨沟佛寺遗址,白杨沟佛寺遗址,https://baike.baidu.com/view/857535.htm,exact,,,,
5-0142-1-142,大河古城,大河古城,https://baike.baidu.com/view/555031.htm,exact,大河古城,https://zh.wikipedia.org/wiki/%E5%A4%A7%E6%B2%B3%E5%8F%A4%E5%9F%8E,exact,
5-0143-1-143,乌拉泊古城,乌拉泊古城,https://baike.baidu.com/view/509768.htm,exact,乌拉泊古城,https://zh.wikipedia.org/wiki/%E4%B9%8C%E6%8B%89%E6%B3%8A%E5%8F%A4%E5%9F%8E,exact,
5-0144-1-144,台藏塔遗址,台藏塔遗址,https://baike.baidu.com/view/11818259.htm,exact,台藏塔遗址,https://zh.wikipedia.org/wiki/%E5%8F%B0%E8%97%8F%E5%A1%94%E9%81%97%E5%9D%80,exact,
5-0145-2-001,景泰陵,景泰陵,https://baike.baidu.com/view/22533.htm,exact,景泰陵,https://zh.wikipedia.org/wiki/%E6%99%AF%E6%B3%B0%E9%99%B5,exact,
5-0146-2-002,赵王陵,赵王陵,https://baike.baidu.com/view/244573.htm,exact,,,,
5-0147-2-003,汉中山王墓,汉中山王墓,https://baike.baidu.com/view/1096202.htm,exact,,,,
5-0148-2-004,逯家庄壁画墓,逯家庄壁画墓,https://baike.baidu.com/view/4235841.htm,exact,,,,
5-0149-2-005,北齐高氏墓群,北齐高氏墓群,https://baike.baidu.com/view/1017717.htm,exact,北齐高氏墓群,https://zh.wikipedia.org/wiki/%E5%8C%97%E9%BD%90%E9%AB%98%E6%B0%8F%E5%A2%93%E7%BE%A4,exact,
5-0150-2-006,梳妆楼元墓,梳妆楼元墓,https://baike.baidu.com/view/1079293.htm,exact,,,,
5-0151-2-007,马茂庄墓群,马茂庄汉墓群,https://baike.baidu.com/view/2020790.htm,manual,,,,马茂庄汉墓群 | https://baike.baidu.com/view/2020790.htm | different-title；汉茂陵 | https://zh.wikipedia.org/wiki/%E6%B1%89%E8%8C%82%E9%99%B5 | different-title
5-0152-2-008,方山永固陵,方山永固陵,https://baike.baidu.com/view/1004205.htm,exact,方山永固陵,https://zh.wikipedia.org/wiki/%E6%96%B9%E5%B1%B1%E6%B0%B8%E5%9B%BA%E9%99%B5,exact,
5-0153-2-009,马村砖雕墓,马村砖雕墓,https://baike.baidu.com/view/4200660.htm,exact,,,,
5-0154-2-010,宝山、罕苏木墓群,宝山、罕苏木墓群,https://baike.baidu.com/item/%E5%AE%9D%E5%B1%B1%E3%80%81%E7%BD%95%E8%8B%8F%E6%9C%A8%E5%A2%93%E7%BE%A4,exact,,,,
5-0155-2-011,析木城石棚,析木城石棚,https://baike.baidu.com/view/37343.htm,exact,析木城石棚,https://zh.wikipedia.org/wiki/%E6%9E%90%E6%9C%A8%E5%9F%8E%E7%9F%B3%E6%A3%9A,exact,
5-0156-2-012,叶茂台辽墓,叶茂台辽墓,https://baike.baidu.com/view/2307844.htm,exact,叶茂台辽墓,https://zh.wikipedia.org/wiki/%E5%8F%B6%E8%8C%82%E5%8F%B0%E8%BE%BD%E5%A2%93,exact,
5-0157-2-013,干沟子墓群,干沟子墓群,https://baike.baidu.com/view/4227983.htm,exact,干沟子墓群,https://zh.wikipedia.org/wiki/%E5%B9%B2%E6%B2%9F%E5%AD%90%E5%A2%93%E7%BE%A4,exact,
5-0158-2-014,完颜希尹家族墓地,完颜希尹家族墓地,https://baike.baidu.com/view/49526.htm,exact,完颜希尹家族墓地,https://zh.wikipedia.org/wiki/%E5%AE%8C%E9%A2%9C%E5%B8%8C%E5%B0%B9%E5%AE%B6%E6%97%8F%E5%A2%93%E5%9C%B0,exact,
5-0159-2-015,普哈丁墓,普哈丁墓,https://baike.baidu.com/view/149487.htm,exact,普哈丁墓,https://zh.wikipedia.org/wiki/%E6%99%AE%E5%93%88%E4%B8%81%E5%A2%93,exact,
5-0160-2-016,浡泥国王墓,浡泥国王墓,https://baike.baidu.com/view/1255369.htm,exact,,,,
5-0161-2-017,浙南石棚墓群,浙南石棚墓群,https://baike.baidu.com/view/2728459.htm,exact,,,,
5-0162-2-018,印山越国王陵,印山越国王陵,https://baike.baidu.com/view/247245.htm,exact,印山越国王陵,https://zh.wikipedia.org/wiki/%E5%8D%B0%E5%B1%B1%E8%B6%8A%E5%9B%BD%E7%8E%8B%E9%99%B5,exact,
5-0163-2-019,吴越国王陵,吴越国王陵,https://baike.baidu.com/view/10035541.htm,exact,吴越国王陵,https://zh.wikipedia.org/wiki/%E5%90%B4%E8%B6%8A%E5%9B%BD%E7%8E%8B%E9%99%B5,exact,
5-0164-2-020,皖南土墩墓群,皖南土墩墓群,https://baike.baidu.com/view/652772.htm,exact,,,,
5-0165-2-021,曹氏家族墓群,曹氏家族墓群,https://baike.baidu.com/view/4225332.htm,exact,,,,
5-0166-2-022,朱然家族墓地,朱然家族墓地,https://baike.baidu.com/view/1958444.htm,exact,,,,
5-0167-2-023,仙水岩崖墓群,仙水岩崖墓群,https://baike.baidu.com/view/4233159.htm,exact,仙水岩崖墓群,https://zh.wikipedia.org/wiki/%E4%BB%99%E6%B0%B4%E5%B2%A9%E5%B4%96%E5%A2%93%E7%BE%A4,exact,
5-0168-2-024,汉济北王墓,汉济北王墓,https://baike.baidu.com/view/6247142.htm,exact,,,,
5-0169-2-025,北寨墓群,北寨墓群,https://baike.baidu.com/view/4225290.htm,exact,北寨墓群,https://zh.wikipedia.org/wiki/%E5%8C%97%E5%AF%A8%E5%A2%93%E7%BE%A4,exact,
5-0170-2-026,汉鲁王墓,汉鲁王墓,https://baike.baidu.com/view/1714827.htm,exact,,,,
5-0171-2-027,邙山陵墓群,邙山陵墓群,https://baike.baidu.com/view/1308246.htm,exact,,,,
5-0172-2-028,恭陵,恭陵,https://baike.baidu.com/subview/953824/18552082.htm,exact,恭陵,https://zh.wikipedia.org/wiki/%E6%81%AD%E9%99%B5,exact,
5-0173-2-029,后周皇陵,后周皇陵,https://baike.baidu.com/view/73033.htm,exact,后周皇陵,https://zh.wikipedia.org/wiki/%E5%90%8E%E5%91%A8%E7%9A%87%E9%99%B5,exact,
5-0174-2-030,朱载堉墓,朱载堉墓,https://baike.baidu.com/view/1307637.htm,exact,,,,
5-0175-2-031,明楚王墓,明楚王墓,https://baike.baidu.com/view/1858250.htm,exact,明楚王墓,https://zh.wikipedia.org/wiki/%E6%98%8E%E6%A5%9A%E7%8E%8B%E5%A2%93,exact,
5-0176-2-032,成都古蜀船棺合葬墓,成都古蜀船棺合葬墓,https://baike.baidu.com/view/4225430.htm,exact,成都古蜀船棺合葬墓,https://zh.wikipedia.org/wiki/%E6%88%90%E9%83%BD%E5%8F%A4%E8%9C%80%E8%88%B9%E6%A3%BA%E5%90%88%E8%91%AC%E5%A2%93,exact,
5-0177-2-033,江口崖墓,江口崖墓,https://baike.baidu.com/view/172611.htm,exact,,,,
5-0178-2-034,安丙家族墓地,安丙家族墓地,https://baike.baidu.com/view/5109640.htm,exact,,,,
5-0179-2-035,石寨山古墓群,石寨山古墓群,https://baike.baidu.com/view/1070383.htm,exact,,,,
5-0180-2-036,李家山古墓群,李家山古墓群,https://baike.baidu.com/view/1070379.htm,exact,李家山古墓群,https://zh.wikipedia.org/wiki/%E6%9D%8E%E5%AE%B6%E5%B1%B1%E5%8F%A4%E5%A2%93%E7%BE%A4,exact,
5-0181-2-037,烈山墓地,烈山墓地,https://baike.baidu.com/view/275001.htm,exact,,,,
5-0182-2-038,吉堆吐蕃墓群,吉堆吐蕃墓群,https://baike.baidu.com/view/413714.htm,exact,吉堆吐蕃墓群,https://zh.wikipedia.org/wiki/%E5%90%89%E5%A0%86%E5%90%90%E8%95%83%E5%A2%93%E7%BE%A4,exact,
5-0183-2-039,西汉帝陵,西汉帝陵,https://baike.baidu.com/view/616023.htm,exact,,,,
5-0184-2-040,唐代帝陵,唐代帝陵,https://baike.baidu.com/view/242224.htm,exact,,,,
5-0185-2-041,果园—新城墓群,果园—新城墓群,https://baike.baidu.com/view/14027620.htm,exact,果园—新城墓群,https://zh.wikipedia.org/wiki/%E6%9E%9C%E5%9B%AD%E2%80%94%E6%96%B0%E5%9F%8E%E5%A2%93%E7%BE%A4,exact,
5-0186-2-042,汪氏家族墓地,汪氏家族墓地,https://baike.baidu.com/view/11643196.htm,exact,汪氏家族墓地,https://zh.wikipedia.org/wiki/%E6%B1%AA%E6%B0%8F%E5%AE%B6%E6%97%8F%E5%A2%93%E5%9C%B0,exact,
5-0187-2-043,雷台汉墓,雷台汉墓,https://baike.baidu.com/view/701546.htm,exact,,,,
5-0188-2-044,三海子墓葬及鹿石,三海子墓葬及鹿石,https://baike.baidu.com/view/11820827.htm,exact,,,,
5-0189-2-045,焉不拉克古墓群,焉不拉克古墓群,https://baike.baidu.com/view/540531.htm,exact,,,,
5-0190-2-046,察吾乎古墓群,察吾乎古墓群,https://baike.baidu.com/view/850649.htm,exact,察吾乎古墓群,https://zh.wikipedia.org/wiki/%E5%AF%9F%E5%90%BE%E4%B9%8E%E5%8F%A4%E5%A2%93%E7%BE%A4,exact,
5-0191-2-047,切木尔切克石人及石棺墓群,切木尔切克石人及石棺墓群,https://baike.baidu.com/view/4236081.htm,exact,切木尔切克石人及石棺墓群,https://zh.wikipedia.org/wiki/%E5%88%87%E6%9C%A8%E5%B0%94%E5%88%87%E5%85%8B%E7%9F%B3%E4%BA%BA%E5%8F%8A%E7%9F%B3%E6%A3%BA%E5%A2%93%E7%BE%A4,exact,
5-0192-2-048,扎滚鲁克古墓群,扎滚鲁克古墓群,https://baike.baidu.com/view/1064353.htm,exact,扎滚鲁克古墓群,https://zh.wikipedia.org/wiki/%E6%89%8E%E6%BB%9A%E9%B2%81%E5%85%8B%E5%8F%A4%E5%A2%93%E7%BE%A4,exact,
5-0193-2-049,山普拉古墓群,山普拉古墓群,https://baike.baidu.com/view/857539.htm,exact,山普拉古墓群,https://zh.wikipedia.org/wiki/%E5%B1%B1%E6%99%AE%E6%8B%89%E5%8F%A4%E5%A2%93%E7%BE%A4,exact,
5-0194-2-050,吐虎鲁克·铁木尔汗麻扎,吐虎鲁克·铁木尔汗麻扎,https://baike.baidu.com/item/%E5%90%90%E8%99%8E%E9%B2%81%E5%85%8B%C2%B7%E9%93%81%E6%9C%A8%E5%B0%94%E6%B1%97%E9%BA%BB%E6%89%8E,exact,吐虎鲁克·铁木尔汗麻扎,https://zh.wikipedia.org/wiki/%E5%90%90%E8%99%8E%E9%B2%81%E5%85%8B%C2%B7%E9%93%81%E6%9C%A8%E5%B0%94%E6%B1%97%E9%BA%BB%E6%89%8E,exact,
5-0195-3-001,潭柘寺,潭柘寺,https://baike.baidu.com/view/33358.htm,exact,,,,
5-0196-3-002,可园,,,,可园,https://zh.wikipedia.org/wiki/%E5%8F%AF%E5%9B%AD,exact,东莞可园 | https://baike.baidu.com/subview/401774/9326129.htm | related-unconfirmed
5-0197-3-003,孚王府,孚王府,https://baike.baidu.com/view/442320.htm,exact,孚王府,https://zh.wikipedia.org/wiki/%E5%AD%9A%E7%8E%8B%E5%BA%9C,exact,
5-0198-3-004,景山,景山,https://baike.baidu.com/subview/16647/20357393.htm,exact,,,,
5-0199-3-005,白云观,白云观,https://baike.baidu.com/subview/9955/5759860.htm,exact,,,,
5-0200-3-006,万佛堂、孔水洞石刻及塔,万佛堂、孔水洞石刻及塔,https://baike.baidu.com/item/%E4%B8%87%E4%BD%9B%E5%A0%82%E3%80%81%E5%AD%94%E6%B0%B4%E6%B4%9E%E7%9F%B3%E5%88%BB%E5%8F%8A%E5%A1%94,exact,万佛堂、孔水洞石刻及塔,https://zh.wikipedia.org/wiki/%E4%B8%87%E4%BD%9B%E5%A0%82%E3%80%81%E5%AD%94%E6%B0%B4%E6%B4%9E%E7%9F%B3%E5%88%BB%E5%8F%8A%E5%A1%94,exact,
5-0201-3-007,法源寺,法源寺,https://baike.baidu.com/subview/88342/8907356.htm,exact,,,,
5-0202-3-008,先农坛,先农坛,https://baike.baidu.com/subview/116878/18760493.htm,exact,先农坛,https://zh.wikipedia.org/wiki/%E5%85%88%E5%86%9C%E5%9D%9B,exact,
5-0203-3-009,碧云寺,碧云寺,https://baike.baidu.com/subview/22863/10872561.htm,exact,,,,
5-0204-3-010,大慧寺,大慧寺,https://baike.baidu.com/view/22487.htm,exact,大慧寺,https://zh.wikipedia.org/wiki/%E5%A4%A7%E6%85%A7%E5%AF%BA,exact,
5-0205-3-011,十方普觉寺,十方普觉寺,https://baike.baidu.com/subview/137778/137778.htm,exact,十方普觉寺,https://zh.wikipedia.org/wiki/%E5%8D%81%E6%96%B9%E6%99%AE%E8%A7%89%E5%AF%BA,exact,
5-0206-3-012,清净化城塔,清净化城塔,https://baike.baidu.com/view/1059369.htm,exact,,,,
5-0207-3-013,天津广东会馆,天津广东会馆,https://baike.baidu.com/view/67597.htm,exact,天津广东会馆,https://zh.wikipedia.org/wiki/%E5%A4%A9%E6%B4%A5%E5%B9%BF%E4%B8%9C%E4%BC%9A%E9%A6%86,exact,
5-0208-3-014,临济寺澄灵塔,临济寺澄灵塔,https://baike.baidu.com/view/506418.htm,exact,,,,
5-0209-3-015,药王庙,药王庙,https://baike.baidu.com/subview/137592/5960990.htm,exact,,,,
5-0210-3-016,昭化寺,昭化寺,https://baike.baidu.com/subview/1238468/10815229.htm,exact,昭化寺,https://zh.wikipedia.org/wiki/%E6%98%AD%E5%8C%96%E5%AF%BA,exact,
5-0211-3-017,鸡鸣驿城,鸡鸣驿城,https://baike.baidu.com/view/4409443.htm,exact,,,,
5-0212-3-018,幽居寺塔,幽居寺塔,https://baike.baidu.com/view/328918.htm,exact,幽居寺塔,https://zh.wikipedia.org/wiki/%E5%B9%BD%E5%B1%85%E5%AF%BA%E5%A1%94,exact,
5-0213-3-019,定州贡院,定州贡院,https://baike.baidu.com/view/623519.htm,exact,定州贡院,https://zh.wikipedia.org/wiki/%E5%AE%9A%E5%B7%9E%E8%B4%A1%E9%99%A2,exact,
5-0214-3-020,溥仁寺,溥仁寺,https://baike.baidu.com/view/70546.htm,exact,,,,
5-0215-3-021,源影寺塔,源影寺塔,https://baike.baidu.com/view/594109.htm,exact,,,,
5-0216-3-022,泊头清真寺,泊头清真寺,https://baike.baidu.com/view/134008.htm,exact,,,,
5-0217-3-023,普利寺塔,普利寺塔,https://baike.baidu.com/view/531109.htm,exact,普利寺塔,https://zh.wikipedia.org/wiki/%E6%99%AE%E5%88%A9%E5%AF%BA%E5%A1%94,exact,
5-0218-3-024,涿州双塔,涿州双塔,https://baike.baidu.com/view/328972.htm,exact,,,,
5-0219-3-025,南安寺塔,南安寺塔,https://baike.baidu.com/view/305830.htm,exact,南安寺塔,https://zh.wikipedia.org/wiki/%E5%8D%97%E5%AE%89%E5%AF%BA%E5%A1%94,exact,
5-0220-3-026,释迦寺,释迦寺,https://baike.baidu.com/subview/2837956/19933674.htm,exact,,,,
5-0221-3-027,腰山王氏庄园,腰山王氏庄园,https://baike.baidu.com/view/512950.htm,exact,,,,
5-0222-3-028,古莲花池,古莲花池,https://baike.baidu.com/subview/60388/60388.htm,exact,古莲花池,https://zh.wikipedia.org/wiki/%E5%8F%A4%E8%8E%B2%E8%8A%B1%E6%B1%A0,exact,
5-0223-3-029,庆化寺花塔,庆化寺花塔,https://baike.baidu.com/view/593728.htm,exact,庆化寺花塔,https://zh.wikipedia.org/wiki/%E5%BA%86%E5%8C%96%E5%AF%BA%E8%8A%B1%E5%A1%94,exact,
5-0224-3-030,万荣稷王庙,万荣稷王庙,https://baike.baidu.com/view/11576109.htm,exact,万荣稷王庙,https://zh.wikipedia.org/wiki/%E4%B8%87%E8%8D%A3%E7%A8%B7%E7%8E%8B%E5%BA%99,exact,
5-0225-3-031,大同九龙壁,大同九龙壁,https://baike.baidu.com/view/41667.htm,exact,大同九龙壁,https://zh.wikipedia.org/wiki/%E5%A4%A7%E5%90%8C%E4%B9%9D%E9%BE%99%E5%A3%81,exact,
5-0226-3-032,广济寺大雄宝殿,广济寺大雄宝殿,https://baike.baidu.com/view/2242171.htm,exact,广济寺大雄宝殿,https://zh.wikipedia.org/wiki/%E5%B9%BF%E6%B5%8E%E5%AF%BA%E5%A4%A7%E9%9B%84%E5%AE%9D%E6%AE%BF,exact,
5-0227-3-033,介休后土庙,介休后土庙,https://baike.baidu.com/view/160074.htm,exact,介休后土庙,https://zh.wikipedia.org/wiki/%E4%BB%8B%E4%BC%91%E5%90%8E%E5%9C%9F%E5%BA%99,exact,
5-0228-3-034,正觉寺,,,,正觉寺,https://zh.wikipedia.org/wiki/%E6%AD%A3%E8%A7%89%E5%AF%BA,exact,圆明园正觉寺 | https://baike.baidu.com/subview/11586957/11935755.htm | related-unconfirmed
5-0229-3-035,龙岩寺,龙岩寺,https://baike.baidu.com/subview/2672541/9455394.htm,exact,,,,
5-0230-3-036,荆庄大云寺大雄宝殿,荆庄大云寺大雄宝殿,https://baike.baidu.com/view/2242144.htm,exact,,,,
5-0231-3-037,窦大夫祠,窦大夫祠,https://baike.baidu.com/view/158814.htm,exact,,,,
5-0232-3-038,观音堂,大同观音堂,https://baike.baidu.com/subview/11759650/12127602.htm,related-location,,,,
5-0233-3-039,潞安府城隍庙,潞安府城隍庙,https://baike.baidu.com/view/180237.htm,exact,,,,
5-0234-3-040,阿育王塔,,,,代县阿育王塔,https://zh.wikipedia.org/wiki/%E4%BB%A3%E5%8E%BF%E9%98%BF%E8%82%B2%E7%8E%8B%E5%A1%94,manual,海清寺塔 | https://baike.baidu.com/subview/667406/667406.htm | different-title
5-0235-3-041,边靖楼,边靖楼,https://baike.baidu.com/view/463749.htm,exact,,,,
5-0236-3-042,淳化寺,淳化寺,https://baike.baidu.com/view/11606595.htm,exact,,,,
5-0237-3-043,明惠大师塔,明惠大师塔,https://baike.baidu.com/view/1978006.htm,exact,明惠大师塔,https://zh.wikipedia.org/wiki/%E6%98%8E%E6%83%A0%E5%A4%A7%E5%B8%88%E5%A1%94,exact,
5-0238-3-044,九天圣母庙,九天圣母庙,https://baike.baidu.com/subview/139499/10834210.htm,exact,九天圣母庙,https://zh.wikipedia.org/wiki/%E4%B9%9D%E5%A4%A9%E5%9C%A3%E6%AF%8D%E5%BA%99,exact,
5-0239-3-045,慈相寺,慈相寺,https://baike.baidu.com/view/1144143.htm,exact,慈相寺,https://zh.wikipedia.org/wiki/%E6%85%88%E7%9B%B8%E5%AF%BA,exact,
5-0240-3-046,平遥文庙,平遥文庙,https://baike.baidu.com/view/630289.htm,exact,平遥文庙,https://zh.wikipedia.org/wiki/%E5%B9%B3%E9%81%A5%E6%96%87%E5%BA%99,exact,
5-0241-3-047,兴东垣东岳庙,兴东垣东岳庙,https://baike.baidu.com/view/2020804.htm,exact,兴东垣东岳庙,https://zh.wikipedia.org/wiki/%E5%85%B4%E4%B8%9C%E5%9E%A3%E4%B8%9C%E5%B2%B3%E5%BA%99,exact,
5-0242-3-048,大悲院,,,,大悲院,https://zh.wikipedia.org/wiki/%E5%A4%A7%E6%82%B2%E9%99%A2,exact,大悲禅院 | https://baike.baidu.com/subview/60552/60552.htm | different-title
5-0243-3-049,太符观,太符观,https://baike.baidu.com/view/13894.htm,exact,太符观,https://zh.wikipedia.org/wiki/%E5%A4%AA%E7%AC%A6%E8%A7%82,exact,
5-0244-3-050,沁县大云院,沁县大云院,https://baike.baidu.com/view/11604517.htm,exact,,,,
5-0245-3-051,觉山寺塔,觉山寺塔,https://baike.baidu.com/view/11620552.htm,exact,,,,
5-0246-3-052,资寿寺,资寿寺,https://baike.baidu.com/subview/1081079/1081079.htm,exact,,,,
5-0247-3-053,清凉寺,清凉寺,https://baike.baidu.com/subview/133453/8331182.htm,exact,,,,
5-0248-3-054,广仁王庙,广仁王庙,https://baike.baidu.com/view/463651.htm,exact,广仁王庙,https://zh.wikipedia.org/wiki/%E5%B9%BF%E4%BB%81%E7%8E%8B%E5%BA%99,exact,
5-0249-3-055,芮城城隍庙,芮城城隍庙,https://baike.baidu.com/view/11617365.htm,exact,,,,
5-0250-3-056,泛舟禅师塔,泛舟禅师塔,https://baike.baidu.com/view/417956.htm,exact,泛舟禅师塔,https://zh.wikipedia.org/wiki/%E6%B3%9B%E8%88%9F%E7%A6%85%E5%B8%88%E5%A1%94,exact,
5-0251-3-057,洪福寺,洪福寺,https://baike.baidu.com/subview/466121/6184187.htm,exact,,,,
5-0252-3-058,洪济院,洪济院,https://baike.baidu.com/view/11605681.htm,exact,,,,
5-0253-3-059,武乡县大云寺,武乡县大云寺,https://baike.baidu.com/view/9815642.htm,exact,,,,
5-0254-3-060,会仙观,会仙观,https://baike.baidu.com/view/176160.htm,exact,会仙观,https://zh.wikipedia.org/wiki/%E4%BC%9A%E4%BB%99%E8%A7%82,exact,
5-0255-3-061,大王庙,大王庙,https://baike.baidu.com/subview/99492/5788817.htm,exact,大王庙,https://zh.wikipedia.org/wiki/%E5%A4%A7%E7%8E%8B%E5%BA%99,exact,
5-0256-3-062,临晋县衙,临晋县衙,https://baike.baidu.com/view/154817.htm,exact,临晋县衙,https://zh.wikipedia.org/wiki/%E4%B8%B4%E6%99%8B%E5%8E%BF%E8%A1%99,exact,
5-0257-3-063,香严寺,仓房香严寺,https://baike.baidu.com/subview/11821332/12193832.htm,related-location,,,,
5-0258-3-064,洪洞玉皇庙,洪洞玉皇庙,https://baike.baidu.com/view/2020827.htm,exact,,,,
5-0259-3-065,浑源永安寺,浑源永安寺,https://baike.baidu.com/view/4305084.htm,exact,,,,
5-0260-3-066,太阴寺,太阴寺,https://baike.baidu.com/view/172415.htm,exact,太阴寺,https://zh.wikipedia.org/wiki/%E5%A4%AA%E9%98%B4%E5%AF%BA,exact,
5-0261-3-067,三嵕庙,三嵕庙,https://baike.baidu.com/subview/1823256/1823256.htm,exact,三嵕庙,https://zh.wikipedia.org/wiki/%E4%B8%89%E5%B5%95%E5%BA%99,exact,
5-0262-3-068,乔家大院,乔家大院,https://baike.baidu.com/subview/7616/5340651.htm,exact,乔家大院,https://zh.wikipedia.org/wiki/%E4%B9%94%E5%AE%B6%E5%A4%A7%E9%99%A2,exact,
5-0263-3-069,泽州岱庙,泽州岱庙,https://baike.baidu.com/view/11807230.htm,exact,,,,
5-0264-3-070,安国寺,陕县安国寺,https://baike.baidu.com/item/%E9%99%95%E5%8E%BF%E5%AE%89%E5%9B%BD%E5%AF%BA,related-location,,,,
5-0265-3-071,小会岭二仙庙,小会岭二仙庙,https://baike.baidu.com/view/2118960.htm,exact,小会岭二仙庙,https://zh.wikipedia.org/wiki/%E5%B0%8F%E4%BC%9A%E5%B2%AD%E4%BA%8C%E4%BB%99%E5%BA%99,exact,
5-0266-3-072,崔府君庙,崔府君庙,https://baike.baidu.com/view/176273.htm,exact,崔府君庙,https://zh.wikipedia.org/wiki/%E5%B4%94%E5%BA%9C%E5%90%9B%E5%BA%99,exact,
5-0267-3-073,西溪二仙庙,西溪二仙庙,https://baike.baidu.com/view/2119796.htm,exact,,,,
5-0268-3-074,崇明寺,崇明寺,https://baike.baidu.com/subview/2118952/2118952.htm,exact,崇明寺,https://zh.wikipedia.org/wiki/%E5%B4%87%E6%98%8E%E5%AF%BA,exact,
5-0269-3-075,开化寺,开化寺,https://baike.baidu.com/subview/170737/10007276.htm,exact,,,,
5-0270-3-076,游仙寺,游仙寺,https://baike.baidu.com/view/1855602.htm,exact,,,,
5-0271-3-077,定林寺,定林寺,https://baike.baidu.com/subview/9987/10833430.htm,exact,定林寺,https://zh.wikipedia.org/wiki/%E5%AE%9A%E6%9E%97%E5%AF%BA,exact,
5-0272-3-078,福胜寺,福胜寺,https://baike.baidu.com/subview/176138/14687595.htm,exact,,,,
5-0273-3-079,稷益庙,稷益庙,https://baike.baidu.com/view/172402.htm,exact,,,,
5-0274-3-080,柏山东岳庙,柏山东岳庙,https://baike.baidu.com/view/1569660.htm,exact,柏山东岳庙,https://zh.wikipedia.org/wiki/%E6%9F%8F%E5%B1%B1%E4%B8%9C%E5%B2%B3%E5%BA%99,exact,
5-0275-3-081,青龙寺,青龙寺,https://baike.baidu.com/subview/57614/5739343.htm,exact,,,,
5-0276-3-082,原起寺,原起寺,https://baike.baidu.com/view/729938.htm,exact,原起寺,https://zh.wikipedia.org/wiki/%E5%8E%9F%E8%B5%B7%E5%AF%BA,exact,
5-0277-3-083,汇宗寺,汇宗寺,https://baike.baidu.com/view/77450.htm,exact,,,,
5-0278-3-084,福会寺,福会寺,https://baike.baidu.com/view/4316639.htm,exact,,,,
5-0279-3-085,喀喇沁亲王府及家庙,喀喇沁亲王府及家庙,https://baike.baidu.com/view/9831631.htm,exact,喀喇沁亲王府及家庙,https://zh.wikipedia.org/wiki/%E5%96%80%E5%96%87%E6%B2%81%E4%BA%B2%E7%8E%8B%E5%BA%9C%E5%8F%8A%E5%AE%B6%E5%BA%99,exact,
5-0280-3-086,和硕恪靖公主府,和硕恪靖公主府,https://baike.baidu.com/view/1873424.htm,exact,和硕恪靖公主府,https://zh.wikipedia.org/wiki/%E5%92%8C%E7%A1%95%E6%81%AA%E9%9D%96%E5%85%AC%E4%B8%BB%E5%BA%9C,exact,
5-0281-3-087,开鲁县佛塔,开鲁县佛塔,https://baike.baidu.com/view/4448658.htm,exact,开鲁县佛塔,https://zh.wikipedia.org/wiki/%E5%BC%80%E9%B2%81%E5%8E%BF%E4%BD%9B%E5%A1%94,exact,
5-0282-3-088,广济寺古建筑群,广济寺古建筑群,https://baike.baidu.com/view/4419593.htm,exact,广济寺古建筑群,https://zh.wikipedia.org/wiki/%E5%B9%BF%E6%B5%8E%E5%AF%BA%E5%8F%A4%E5%BB%BA%E7%AD%91%E7%BE%A4,exact,
5-0283-3-089,徐霞客故居及晴山堂石刻,徐霞客故居及晴山堂石刻,https://baike.baidu.com/view/11810120.htm,exact,徐霞客故居及晴山堂石刻,https://zh.wikipedia.org/wiki/%E5%BE%90%E9%9C%9E%E5%AE%A2%E6%95%85%E5%B1%85%E5%8F%8A%E6%99%B4%E5%B1%B1%E5%A0%82%E7%9F%B3%E5%88%BB,exact,
5-0284-3-090,退思园,退思园,https://baike.baidu.com/view/23762.htm,exact,,,,
5-0285-3-091,宝带桥,宝带桥,https://baike.baidu.com/subview/218738/218738.htm,exact,宝带桥,https://zh.wikipedia.org/wiki/%E5%AE%9D%E5%B8%A6%E6%A1%A5,exact,
5-0286-3-092,耦园,耦园,https://baike.baidu.com/view/131414.htm,exact,,,,
5-0287-3-093,龙王庙行宫,龙王庙行宫,https://baike.baidu.com/view/2307865.htm,exact,,,,
5-0288-3-094,水绘园,水绘园,https://baike.baidu.com/subview/50788/50788.htm,exact,,,,
5-0289-3-095,古月桥,古月桥,https://baike.baidu.com/view/362771.htm,exact,古月桥,https://zh.wikipedia.org/wiki/%E5%8F%A4%E6%9C%88%E6%A1%A5,exact,
5-0290-3-096,黄山八面厅,黄山八面厅,https://baike.baidu.com/subview/362773/362773.htm,exact,,,,
5-0291-3-097,国清寺,国清寺,https://baike.baidu.com/subview/114007/10865914.htm,exact,,,,
5-0292-3-098,刘基庙及墓,刘基庙及墓,https://baike.baidu.com/view/3639572.htm,exact,,,,
5-0293-3-099,南阁牌楼群,南阁牌楼群,https://baike.baidu.com/view/649053.htm,exact,南阁牌楼群,https://zh.wikipedia.org/wiki/%E5%8D%97%E9%98%81%E7%89%8C%E6%A5%BC%E7%BE%A4,exact,
5-0294-3-100,庆安会馆,庆安会馆,https://baike.baidu.com/view/491696.htm,exact,庆安会馆,https://zh.wikipedia.org/wiki/%E5%BA%86%E5%AE%89%E4%BC%9A%E9%A6%86,exact,
5-0295-3-101,湖镇舍利塔,湖镇舍利塔,https://baike.baidu.com/view/373895.htm,exact,,,,
5-0296-3-102,处州廊桥,处州廊桥,https://baike.baidu.com/view/3655002.htm,exact,处州廊桥,https://zh.wikipedia.org/wiki/%E5%A4%84%E5%B7%9E%E5%BB%8A%E6%A1%A5,exact,
5-0297-3-103,通济堰,通济堰,https://baike.baidu.com/subview/368761/368761.htm,exact,,,,
5-0298-3-104,凤凰寺,凤凰寺,https://baike.baidu.com/subview/31466/6035836.htm,exact,凤凰寺,https://zh.wikipedia.org/wiki/%E5%87%A4%E5%87%B0%E5%AF%BA,exact,
5-0299-3-105,文澜阁,文澜阁,https://baike.baidu.com/subview/327047/327047.htm,exact,文澜阁,https://zh.wikipedia.org/wiki/%E6%96%87%E6%BE%9C%E9%98%81,exact,
5-0300-3-106,俞源村古建筑群,俞源村古建筑群,https://baike.baidu.com/view/2739897.htm,exact,,,,
5-0301-3-107,绍兴古桥群,绍兴古桥群,https://baike.baidu.com/item/%E7%BB%8D%E5%85%B4%E5%8F%A4%E6%A1%A5%E7%BE%A4,exact,绍兴古桥群,https://zh.wikipedia.org/wiki/%E7%BB%8D%E5%85%B4%E5%8F%A4%E6%A1%A5%E7%BE%A4,exact,
5-0302-3-108,吕府,吕府,https://baike.baidu.com/view/249238.htm,exact,吕府,https://zh.wikipedia.org/wiki/%E5%90%95%E5%BA%9C,exact,
5-0303-3-109,功臣塔及功臣寺遗址,,,,功臣塔,https://zh.wikipedia.org/wiki/%E5%8A%9F%E8%87%A3%E5%A1%94,search-related-location,
5-0304-3-110,台州府城墙,台州府城墙,https://baike.baidu.com/view/2758462.htm,exact,,,,
5-0305-3-111,桃渚城,桃渚城,https://baike.baidu.com/view/1458146.htm,exact,桃渚城,https://zh.wikipedia.org/wiki/%E6%A1%83%E6%B8%9A%E5%9F%8E,exact,
5-0306-3-112,郑义门古建筑群,郑义门古建筑群,https://baike.baidu.com/view/2739601.htm,exact,,,,
5-0307-3-113,盐官海塘及海神庙,盐官海塘及海神庙,https://baike.baidu.com/view/11610995.htm,exact,,,,
5-0308-3-114,绮园,绮园,https://baike.baidu.com/subview/474189/474189.htm,exact,,,,
5-0309-3-115,斯氏古民居建筑群,斯氏古民居建筑群,https://baike.baidu.com/view/2731810.htm,exact,斯氏古民居建筑群,https://zh.wikipedia.org/wiki/%E6%96%AF%E6%B0%8F%E5%8F%A4%E6%B0%91%E5%B1%85%E5%BB%BA%E7%AD%91%E7%BE%A4,exact,
5-0310-3-116,时思寺,时思寺,https://baike.baidu.com/view/992630.htm,exact,时思寺,https://zh.wikipedia.org/wiki/%E6%97%B6%E6%80%9D%E5%AF%BA,exact,
5-0311-3-117,永昌堡,永昌堡,https://baike.baidu.com/view/139155.htm,exact,永昌堡,https://zh.wikipedia.org/wiki/%E6%B0%B8%E6%98%8C%E5%A0%A1,exact,
5-0312-3-118,嘉业堂藏书楼及小莲庄,嘉业堂藏书楼及小莲庄,https://baike.baidu.com/view/2735261.htm,exact,,,,
5-0313-3-119,庙沟后、横省石牌坊,庙沟后、横省石牌坊,https://baike.baidu.com/view/491749.htm,exact,,,,
5-0314-3-120,水西双塔,水西双塔,https://baike.baidu.com/view/677930.htm,exact,水西双塔,https://zh.wikipedia.org/wiki/%E6%B0%B4%E8%A5%BF%E5%8F%8C%E5%A1%94,exact,
5-0315-3-121,亳州古地道,亳州古地道,https://baike.baidu.com/view/12134491.htm,exact,亳州古地道,https://zh.wikipedia.org/wiki/%E4%BA%B3%E5%B7%9E%E5%8F%A4%E5%9C%B0%E9%81%93,exact,
5-0316-3-122,白崖寨,白崖寨,https://baike.baidu.com/view/35888.htm,exact,白崖寨,https://zh.wikipedia.org/wiki/%E7%99%BD%E5%B4%96%E5%AF%A8,exact,
5-0317-3-123,程氏三宅,程氏三宅,https://baike.baidu.com/view/57608.htm,exact,程氏三宅,https://zh.wikipedia.org/wiki/%E7%A8%8B%E6%B0%8F%E4%B8%89%E5%AE%85,exact,
5-0318-3-124,呈坎村古建筑群,呈坎村古建筑群,https://baike.baidu.com/view/2909956.htm,exact,,,,
5-0319-3-125,渔梁坝,渔梁坝,https://baike.baidu.com/view/93946.htm,exact,渔梁坝,https://zh.wikipedia.org/wiki/%E6%B8%94%E6%A2%81%E5%9D%9D,exact,
5-0320-3-126,宏村古建筑群,宏村古建筑群,https://baike.baidu.com/view/4412895.htm,exact,,,,
5-0321-3-127,西递村古建筑群,西递村古建筑群,https://baike.baidu.com/view/4412872.htm,exact,,,,
5-0322-3-128,寿县古城墙,寿县古城墙,https://baike.baidu.com/view/161720.htm,exact,寿县古城墙,https://zh.wikipedia.org/wiki/%E5%AF%BF%E5%8E%BF%E5%8F%A4%E5%9F%8E%E5%A2%99,exact,
5-0323-3-129,查济古建筑群,查济古建筑群,https://baike.baidu.com/view/4412485.htm,exact,,,,
5-0324-3-130,天中万寿塔,天中万寿塔,https://baike.baidu.com/view/998126.htm,exact,天中万寿塔,https://zh.wikipedia.org/wiki/%E5%A4%A9%E4%B8%AD%E4%B8%87%E5%AF%BF%E5%A1%94,exact,
5-0325-3-131,安贞堡,安贞堡,https://baike.baidu.com/view/1074621.htm,exact,安贞堡,https://zh.wikipedia.org/wiki/%E5%AE%89%E8%B4%9E%E5%A0%A1,exact,
5-0326-3-132,陈太尉宫,陈太尉宫,https://baike.baidu.com/view/927860.htm,exact,,,,
5-0327-3-133,蔡氏古民居建筑群,蔡氏古民居建筑群,https://baike.baidu.com/view/162924.htm,exact,,,,
5-0328-3-134,泉州府文庙,泉州府文庙,https://baike.baidu.com/view/4279875.htm,exact,泉州府文庙,https://zh.wikipedia.org/wiki/%E6%B3%89%E5%B7%9E%E5%BA%9C%E6%96%87%E5%BA%99,exact,
5-0329-3-135,宝山寺大殿,宝山寺大殿,https://baike.baidu.com/view/4423435.htm,exact,,,,
5-0330-3-136,崇妙保圣坚牢塔,崇妙保圣坚牢塔,https://baike.baidu.com/view/813396.htm,exact,崇妙保圣坚牢塔,https://zh.wikipedia.org/wiki/%E5%B4%87%E5%A6%99%E4%BF%9D%E5%9C%A3%E5%9D%9A%E7%89%A2%E5%A1%94,exact,
5-0331-3-137,漳州府文庙大成殿,漳州府文庙大成殿,https://baike.baidu.com/view/4423391.htm,exact,,,,
5-0332-3-138,江东桥,江东桥,https://baike.baidu.com/subview/23111/23111.htm,exact,,,,
5-0333-3-139,赵家堡—诒安堡,,,,赵家堡,https://zh.wikipedia.org/wiki/%E8%B5%B5%E5%AE%B6%E5%A0%A1,search-related-location,
5-0334-3-140,流坑村古建筑群,流坑村古建筑群,https://baike.baidu.com/view/4444292.htm,exact,,,,
5-0335-3-141,关西新围、燕翼围,关西新围、燕翼围,https://baike.baidu.com/view/4444270.htm,exact,,,,
5-0336-3-142,颜庙,颜庙,https://baike.baidu.com/subview/67873/18901671.htm,exact,,,,
5-0337-3-143,临清运河钞关,临清运河钞关,https://baike.baidu.com/view/459317.htm,exact,临清运河钞关,https://zh.wikipedia.org/wiki/%E4%B8%B4%E6%B8%85%E8%BF%90%E6%B2%B3%E9%92%9E%E5%85%B3,exact,
5-0338-3-144,宝轮寺塔,宝轮寺塔,https://baike.baidu.com/view/381273.htm,exact,宝轮寺塔,https://zh.wikipedia.org/wiki/%E5%AE%9D%E8%BD%AE%E5%AF%BA%E5%A1%94,exact,
5-0339-3-145,山陕甘会馆,山陕甘会馆,https://baike.baidu.com/view/61836.htm,exact,山陕甘会馆,https://zh.wikipedia.org/wiki/%E5%B1%B1%E9%99%95%E7%94%98%E4%BC%9A%E9%A6%86,exact,
5-0340-3-146,康百万庄园,康百万庄园,https://baike.baidu.com/subview/230949/230949.htm,exact,,,,
5-0341-3-147,天宁寺三圣塔,天宁寺三圣塔,https://baike.baidu.com/view/1099970.htm,exact,天宁寺三圣塔,https://zh.wikipedia.org/wiki/%E5%A4%A9%E5%AE%81%E5%AF%BA%E4%B8%89%E5%9C%A3%E5%A1%94,exact,
5-0342-3-148,妙乐寺塔,妙乐寺塔,https://baike.baidu.com/view/484050.htm,exact,妙乐寺塔,https://zh.wikipedia.org/wiki/%E5%A6%99%E4%B9%90%E5%AF%BA%E5%A1%94,exact,
5-0343-3-149,嘉应观,嘉应观,https://baike.baidu.com/view/239563.htm,exact,嘉应观,https://zh.wikipedia.org/wiki/%E5%98%89%E5%BA%94%E8%A7%82,exact,
5-0344-3-150,小商桥,小商桥,https://baike.baidu.com/subview/41297/41297.htm,exact,小商桥,https://zh.wikipedia.org/wiki/%E5%B0%8F%E5%95%86%E6%A1%A5,exact,
5-0345-3-151,南阳知府衙门,南阳知府衙门,https://baike.baidu.com/view/480069.htm,exact,南阳知府衙门,https://zh.wikipedia.org/wiki/%E5%8D%97%E9%98%B3%E7%9F%A5%E5%BA%9C%E8%A1%99%E9%97%A8,exact,
5-0346-3-152,潞泽会馆,潞泽会馆,https://baike.baidu.com/view/355271.htm,exact,,,,
5-0347-3-153,大明寺,,,,大明寺,https://zh.wikipedia.org/wiki/%E5%A4%A7%E6%98%8E%E5%AF%BA,exact,扬州大明寺 | https://baike.baidu.com/subview/47405/47405.htm | related-unconfirmed
5-0348-3-154,奉仙观,奉仙观,https://baike.baidu.com/view/968466.htm,exact,奉仙观,https://zh.wikipedia.org/wiki/%E5%A5%89%E4%BB%99%E8%A7%82,exact,
5-0349-3-155,荆紫关古建筑群,荆紫关古建筑群,https://baike.baidu.com/view/2843278.htm,exact,,,,
5-0350-3-156,慈胜寺,慈胜寺,https://baike.baidu.com/subview/484049/10287189.htm,exact,,,,
5-0351-3-157,汤阴岳飞庙,汤阴岳飞庙,https://baike.baidu.com/view/11604393.htm,exact,,,,
5-0352-3-158,安阳天宁寺塔,安阳天宁寺塔,https://baike.baidu.com/view/6329823.htm,exact,,,,
5-0353-3-159,明福寺塔,明福寺塔,https://baike.baidu.com/view/167727.htm,exact,,,,
5-0354-3-160,会善寺,会善寺,https://baike.baidu.com/view/724700.htm,exact,,,,
5-0355-3-161,永泰寺塔,永泰寺塔,https://baike.baidu.com/view/6329834.htm,exact,,,,
5-0356-3-162,法王寺塔,法王寺塔,https://baike.baidu.com/view/105130.htm,exact,,,,
5-0357-3-163,中岳庙,中岳庙,https://baike.baidu.com/view/65249.htm,exact,中岳庙,https://zh.wikipedia.org/wiki/%E4%B8%AD%E5%B2%B3%E5%BA%99,exact,
5-0358-3-164,百泉,百泉,https://baike.baidu.com/subview/18140/5961565.htm,exact,,,,
5-0359-3-165,四祖寺塔,四祖寺塔,https://baike.baidu.com/view/10623881.htm,exact,四祖寺塔,https://zh.wikipedia.org/wiki/%E5%9B%9B%E7%A5%96%E5%AF%BA%E5%A1%94,exact,
5-0360-3-166,大水井古建筑群,大水井古建筑群,https://baike.baidu.com/view/1426747.htm,exact,大水井古建筑群,https://zh.wikipedia.org/wiki/%E5%A4%A7%E6%B0%B4%E4%BA%95%E5%8F%A4%E5%BB%BA%E7%AD%91%E7%BE%A4,exact,
5-0361-3-167,襄阳城墙,,,,襄阳城,https://zh.wikipedia.org/wiki/%E8%A5%84%E9%98%B3%E5%9F%8E,search-related-location,襄阳古城墙 | https://baike.baidu.com/view/4892331.htm | different-title
5-0362-3-168,襄阳王府绿影壁,襄阳王府绿影壁,https://baike.baidu.com/view/9094269.htm,exact,,,,
5-0363-3-169,柳子庙,柳子庙,https://baike.baidu.com/view/100366.htm,exact,,,,
5-0364-3-170,屈子祠,屈子祠,https://baike.baidu.com/view/33893.htm,exact,屈子祠,https://zh.wikipedia.org/wiki/%E5%B1%88%E5%AD%90%E7%A5%A0,exact,
5-0365-3-171,邵阳北塔,邵阳北塔,https://baike.baidu.com/view/2293596.htm,exact,,,,
5-0366-3-172,岳阳文庙,岳阳文庙,https://baike.baidu.com/view/479354.htm,exact,岳阳文庙,https://zh.wikipedia.org/wiki/%E5%B2%B3%E9%98%B3%E6%96%87%E5%BA%99,exact,
5-0367-3-173,张谷英村古建筑群,张谷英村古建筑群,https://baike.baidu.com/view/11811252.htm,exact,,,,
5-0368-3-174,芋头侗寨古建筑群,芋头侗寨古建筑群,https://baike.baidu.com/view/11617233.htm,exact,,,,
5-0369-3-175,东莞可园,东莞可园,https://baike.baidu.com/subview/401774/9326129.htm,exact,东莞可园,https://zh.wikipedia.org/wiki/%E4%B8%9C%E8%8E%9E%E5%8F%AF%E5%9B%AD,exact,
5-0370-3-176,南华寺,南华寺,https://baike.baidu.com/view/53014.htm,exact,南华寺,https://zh.wikipedia.org/wiki/%E5%8D%97%E5%8D%8E%E5%AF%BA,exact,
5-0371-3-177,东华里古建筑群,东华里古建筑群,https://baike.baidu.com/view/7992828.htm,exact,东华里古建筑群,https://zh.wikipedia.org/wiki/%E4%B8%9C%E5%8D%8E%E9%87%8C%E5%8F%A4%E5%BB%BA%E7%AD%91%E7%BE%A4,exact,
5-0372-3-178,元山寺,元山寺,https://baike.baidu.com/view/1110545.htm,exact,元山寺,https://zh.wikipedia.org/wiki/%E5%85%83%E5%B1%B1%E5%AF%BA,exact,
5-0373-3-179,大鹏所城,大鹏所城,https://baike.baidu.com/subview/598120/16520750.htm,exact,大鹏所城,https://zh.wikipedia.org/wiki/%E5%A4%A7%E9%B9%8F%E6%89%80%E5%9F%8E,exact,
5-0374-3-180,悦城龙母祖庙,悦城龙母祖庙,https://baike.baidu.com/view/440851.htm,exact,,,,
5-0375-3-181,肇庆古城墙,肇庆古城墙,https://baike.baidu.com/view/1943085.htm,exact,,,,
5-0376-3-182,潮州开元寺,潮州开元寺,https://baike.baidu.com/view/75133.htm,exact,,,,
5-0377-3-183,己略黄公祠,己略黄公祠,https://baike.baidu.com/view/379589.htm,exact,,,,
5-0378-3-184,岜团桥,岜团桥,https://baike.baidu.com/view/971093.htm,exact,岜团桥,https://zh.wikipedia.org/wiki/%E5%B2%9C%E5%9B%A2%E6%A1%A5,exact,
5-0379-3-185,临贺故城,临贺故城,https://baike.baidu.com/view/536036.htm,exact,临贺故城,https://zh.wikipedia.org/wiki/%E4%B8%B4%E8%B4%BA%E6%95%85%E5%9F%8E,exact,
5-0380-3-186,张桓侯庙,张桓侯庙,https://baike.baidu.com/subview/1906225/1906225.htm,exact,张桓侯庙,https://zh.wikipedia.org/wiki/%E5%BC%A0%E6%A1%93%E4%BE%AF%E5%BA%99,exact,
5-0381-3-187,石宝寨,石宝寨,https://baike.baidu.com/subview/24320/24320.htm,exact,,,,
5-0382-3-188,丁房阙—无铭阙,丁房阙—无铭阙,https://baike.baidu.com/item/%E4%B8%81%E6%88%BF%E9%98%99%E2%80%94%E6%97%A0%E9%93%AD%E9%98%99,exact,,,,
5-0383-3-189,宝光寺,宝光寺,https://baike.baidu.com/subview/51199/10809595.htm,exact,宝光寺,https://zh.wikipedia.org/wiki/%E5%AE%9D%E5%85%89%E5%AF%BA,exact,
5-0384-3-190,直波碉楼,直波碉楼,https://baike.baidu.com/view/4432458.htm,exact,,,,
5-0385-3-191,石塔寺石塔,石塔寺石塔,https://baike.baidu.com/view/5109676.htm,exact,,,,
5-0386-3-192,松潘古城墙,松潘古城墙,https://baike.baidu.com/view/5109719.htm,exact,松潘古城墙,https://zh.wikipedia.org/wiki/%E6%9D%BE%E6%BD%98%E5%8F%A4%E5%9F%8E%E5%A2%99,exact,
5-0387-3-193,觉苑寺,觉苑寺,https://baike.baidu.com/view/651869.htm,exact,,,,
5-0388-3-194,阆中永安寺,阆中永安寺,https://baike.baidu.com/view/121011.htm,exact,,,,
5-0389-3-195,五龙庙文昌阁,五龙庙文昌阁,https://baike.baidu.com/view/63741.htm,exact,五龙庙文昌阁,https://zh.wikipedia.org/wiki/%E4%BA%94%E9%BE%99%E5%BA%99%E6%96%87%E6%98%8C%E9%98%81,exact,
5-0390-3-196,隆昌石牌坊,隆昌石牌坊,https://baike.baidu.com/view/950356.htm,exact,,,,
5-0391-3-197,富顺文庙,富顺文庙,https://baike.baidu.com/view/280159.htm,exact,富顺文庙,https://zh.wikipedia.org/wiki/%E5%AF%8C%E9%A1%BA%E6%96%87%E5%BA%99,exact,
5-0392-3-198,观音寺,观音寺,https://baike.baidu.com/subview/101749/5736898.htm,exact,,,,
5-0393-3-199,德阳文庙,德阳文庙,https://baike.baidu.com/view/1112847.htm,exact,德阳文庙,https://zh.wikipedia.org/wiki/%E5%BE%B7%E9%98%B3%E6%96%87%E5%BA%99,exact,
5-0394-3-200,棒托寺,棒托寺,https://baike.baidu.com/view/917433.htm,exact,棒托寺,https://zh.wikipedia.org/wiki/%E6%A3%92%E6%89%98%E5%AF%BA,exact,
5-0395-3-201,罨画池,罨画池,https://baike.baidu.com/view/292967.htm,exact,,,,
5-0396-3-202,天台山伍龙寺,天台山伍龙寺,https://baike.baidu.com/item/%E5%A4%A9%E5%8F%B0%E5%B1%B1%E4%BC%8D%E9%BE%99%E5%AF%BA,exact,天台山伍龙寺,https://zh.wikipedia.org/wiki/%E5%A4%A9%E5%8F%B0%E5%B1%B1%E4%BC%8D%E9%BE%99%E5%AF%BA,exact,
5-0397-3-203,石阡万寿宫,石阡万寿宫,https://baike.baidu.com/view/496392.htm,exact,,,,
5-0398-3-204,云山屯古建筑群,云山屯古建筑群,https://baike.baidu.com/view/991141.htm,exact,,,,
5-0399-3-205,福泉城墙,福泉城墙,https://baike.baidu.com/view/9303233.htm,exact,,,,
5-0400-3-206,郎德上寨古建筑群,郎德上寨古建筑群,https://baike.baidu.com/view/162377.htm,exact,,,,
5-0401-3-207,海龙屯,海龙屯,https://baike.baidu.com/subview/8626028/8583559.htm,exact,,,,
5-0402-3-208,地坪风雨桥,地坪风雨桥,https://baike.baidu.com/view/545085.htm,exact,地坪风雨桥,https://zh.wikipedia.org/wiki/%E5%9C%B0%E5%9D%AA%E9%A3%8E%E9%9B%A8%E6%A1%A5,exact,
5-0403-3-209,安顺文庙,安顺文庙,https://baike.baidu.com/view/190602.htm,exact,安顺文庙,https://zh.wikipedia.org/wiki/%E5%AE%89%E9%A1%BA%E6%96%87%E5%BA%99,exact,
5-0404-3-210,喜洲白族古建筑群,喜洲白族古建筑群,https://baike.baidu.com/view/1070372.htm,exact,喜洲白族古建筑群,https://zh.wikipedia.org/wiki/%E5%96%9C%E6%B4%B2%E7%99%BD%E6%97%8F%E5%8F%A4%E5%BB%BA%E7%AD%91%E7%BE%A4,exact,
5-0405-3-211,建水文庙,建水文庙,https://baike.baidu.com/view/189840.htm,exact,建水文庙,https://zh.wikipedia.org/wiki/%E5%BB%BA%E6%B0%B4%E6%96%87%E5%BA%99,exact,
5-0406-3-212,筇竹寺,筇竹寺,https://baike.baidu.com/view/49649.htm,exact,,,,
5-0407-3-213,朗色林庄园,朗色林庄园,https://baike.baidu.com/view/5342761.htm,exact,朗色林庄园,https://zh.wikipedia.org/wiki/%E6%9C%97%E8%89%B2%E6%9E%97%E5%BA%84%E5%9B%AD,exact,
5-0408-3-214,曲德寺、卓玛拉康、大唐天竺使出铭,曲德寺、卓玛拉康、大唐天竺使出铭,https://baike.baidu.com/item/%E6%9B%B2%E5%BE%B7%E5%AF%BA%E3%80%81%E5%8D%93%E7%8E%9B%E6%8B%89%E5%BA%B7%E3%80%81%E5%A4%A7%E5%94%90%E5%A4%A9%E7%AB%BA%E4%BD%BF%E5%87%BA%E9%93%AD,exact,,,,
5-0409-3-215,色喀古托寺,色喀古托寺,https://baike.baidu.com/view/3856950.htm,exact,,,,
5-0410-3-216,科迦寺,科迦寺,https://baike.baidu.com/view/1101180.htm,exact,,,,
5-0411-3-217,小昭寺,小昭寺,https://baike.baidu.com/view/157080.htm,exact,小昭寺,https://zh.wikipedia.org/wiki/%E5%B0%8F%E6%98%AD%E5%AF%BA,exact,
5-0412-3-218,吉如拉康,吉如拉康,https://baike.baidu.com/view/1101053.htm,exact,吉如拉康,https://zh.wikipedia.org/wiki/%E5%90%89%E5%A6%82%E6%8B%89%E5%BA%B7,exact,
5-0413-3-219,三原城隍庙,三原城隍庙,https://baike.baidu.com/view/81254.htm,exact,三原城隍庙,https://zh.wikipedia.org/wiki/%E4%B8%89%E5%8E%9F%E5%9F%8E%E9%9A%8D%E5%BA%99,exact,
5-0414-3-220,鸠摩罗什舍利塔,鸠摩罗什舍利塔,https://baike.baidu.com/view/1271250.htm,exact,,,,
5-0415-3-221,公输堂,公输堂,https://baike.baidu.com/view/6326101.htm,exact,公输堂,https://zh.wikipedia.org/wiki/%E5%85%AC%E8%BE%93%E5%A0%82,exact,
5-0416-3-222,仓颉墓与庙,仓颉墓与庙,https://baike.baidu.com/view/11821429.htm,exact,仓颉墓与庙,https://zh.wikipedia.org/wiki/%E4%BB%93%E9%A2%89%E5%A2%93%E4%B8%8E%E5%BA%99,exact,
5-0417-3-223,泰塔,泰塔,https://baike.baidu.com/view/79881.htm,exact,泰塔,https://zh.wikipedia.org/wiki/%E6%B3%B0%E5%A1%94,exact,
5-0418-3-224,香积寺善导塔,香积寺善导塔,https://baike.baidu.com/view/9728597.htm,exact,,,,
5-0419-3-225,西安城隍庙,西安城隍庙,https://baike.baidu.com/view/970408.htm,exact,,,,
5-0420-3-226,白云山庙,白云山庙,https://baike.baidu.com/view/10406689.htm,exact,,,,
5-0421-3-227,八云塔,八云塔,https://baike.baidu.com/view/451922.htm,exact,八云塔,https://zh.wikipedia.org/wiki/%E5%85%AB%E4%BA%91%E5%A1%94,exact,
5-0422-3-228,泾阳崇文塔,泾阳崇文塔,https://baike.baidu.com/view/11605512.htm,exact,泾阳崇文塔,https://zh.wikipedia.org/wiki/%E6%B3%BE%E9%98%B3%E5%B4%87%E6%96%87%E5%A1%94,exact,
5-0423-3-229,彬县开元寺塔,彬县开元寺塔,https://baike.baidu.com/view/11594196.htm,exact,,,,
5-0424-3-230,韩城普照寺,韩城普照寺,https://baike.baidu.com/view/13370272.htm,exact,,,,
5-0425-3-231,韩城文庙,韩城文庙,https://baike.baidu.com/view/2513560.htm,exact,,,,
5-0426-3-232,韩城城隍庙,韩城城隍庙,https://baike.baidu.com/view/14047240.htm,exact,,,,
5-0427-3-233,党家村古建筑群,党家村古建筑群,https://baike.baidu.com/view/2150885.htm,exact,,,,
5-0428-3-234,耀县文庙,耀县文庙,https://baike.baidu.com/item/%E8%80%80%E5%8E%BF%E6%96%87%E5%BA%99,exact,,,,
5-0429-3-235,澄城城隍庙神楼,澄城城隍庙神楼,https://baike.baidu.com/view/11607421.htm,exact,,,,
5-0430-3-236,伏羲庙,伏羲庙,https://baike.baidu.com/subview/7975/10876608.htm,exact,伏羲庙,https://zh.wikipedia.org/wiki/%E4%BC%8F%E7%BE%B2%E5%BA%99,exact,
5-0431-3-237,胡氏古民居建筑,胡氏古民居建筑,https://baike.baidu.com/view/928777.htm,exact,,,,
5-0432-3-238,凝寿寺塔,凝寿寺塔,https://baike.baidu.com/view/5374314.htm,exact,凝寿寺塔,https://zh.wikipedia.org/wiki/%E5%87%9D%E5%AF%BF%E5%AF%BA%E5%A1%94,exact,
5-0433-3-239,圆通寺塔,圆通寺塔,https://baike.baidu.com/view/6712849.htm,exact,圆通寺塔,https://zh.wikipedia.org/wiki/%E5%9C%86%E9%80%9A%E5%AF%BA%E5%A1%94,exact,
5-0434-3-240,圣容寺塔,圣容寺塔,https://baike.baidu.com/view/583796.htm,exact,圣容寺塔,https://zh.wikipedia.org/wiki/%E5%9C%A3%E5%AE%B9%E5%AF%BA%E5%A1%94,exact,
5-0435-3-241,东华池塔,东华池塔,https://baike.baidu.com/view/928779.htm,exact,东华池塔,https://zh.wikipedia.org/wiki/%E4%B8%9C%E5%8D%8E%E6%B1%A0%E5%A1%94,exact,
5-0436-3-242,武康王庙,武康王庙,https://baike.baidu.com/view/928785.htm,exact,武康王庙,https://zh.wikipedia.org/wiki/%E6%AD%A6%E5%BA%B7%E7%8E%8B%E5%BA%99,exact,
5-0437-3-243,贵德文庙及玉皇阁,贵德文庙及玉皇阁,https://baike.baidu.com/view/4676311.htm,exact,,,,
5-0438-3-244,藏娘佛塔及桑周寺,藏娘佛塔及桑周寺,https://baike.baidu.com/item/%E8%97%8F%E5%A8%98%E4%BD%9B%E5%A1%94%E5%8F%8A%E6%A1%91%E5%91%A8%E5%AF%BA,exact,,,,
5-0439-3-245,昭苏圣佑庙,昭苏圣佑庙,https://baike.baidu.com/view/505977.htm,exact,,,,
5-0440-3-246,艾提尕尔清真寺,艾提尕尔清真寺,https://baike.baidu.com/view/171723.htm,exact,,,,
5-0441-3-247,五公祠,五公祠,https://baike.baidu.com/view/48687.htm,exact,五公祠,https://zh.wikipedia.org/wiki/%E4%BA%94%E5%85%AC%E7%A5%A0,exact,
5-0442-3-248,长城,长城,https://baike.baidu.com/subview/2203/6173557.htm,exact,,,,
5-0443-4-001,大观圣作之碑,大观圣作之碑,https://baike.baidu.com/subview/986826/15093955.htm,exact,大观圣作之碑,https://zh.wikipedia.org/wiki/%E5%A4%A7%E8%A7%82%E5%9C%A3%E4%BD%9C%E4%B9%8B%E7%A2%91,exact,
5-0444-4-002,大唐清河郡王纪功载政之颂碑,大唐清河郡王纪功载政之颂碑,https://baike.baidu.com/view/4409266.htm,exact,大唐清河郡王纪功载政之颂碑,https://zh.wikipedia.org/wiki/%E5%A4%A7%E5%94%90%E6%B8%85%E6%B2%B3%E9%83%A1%E7%8E%8B%E7%BA%AA%E5%8A%9F%E8%BD%BD%E6%94%BF%E4%B9%8B%E9%A2%82%E7%A2%91,exact,
5-0445-4-003,天龙山石窟,天龙山石窟,https://baike.baidu.com/subview/68387/68387.htm,exact,天龙山石窟,https://zh.wikipedia.org/wiki/%E5%A4%A9%E9%BE%99%E5%B1%B1%E7%9F%B3%E7%AA%9F,exact,
5-0446-4-004,国山碑,国山碑,https://baike.baidu.com/view/240012.htm,exact,国山碑,https://zh.wikipedia.org/wiki/%E5%9B%BD%E5%B1%B1%E7%A2%91,exact,
5-0447-4-005,千佛崖石窟及明征君碑,,,,明征君碑,https://zh.wikipedia.org/wiki/%E6%98%8E%E5%BE%81%E5%90%9B%E7%A2%91,search-related-location,千佛岩 | https://baike.baidu.com/view/488605.htm | different-title
5-0448-4-006,仙都摩崖题记,仙都摩崖题记,https://baike.baidu.com/view/2691249.htm,exact,仙都摩崖题记,https://zh.wikipedia.org/wiki/%E4%BB%99%E9%83%BD%E6%91%A9%E5%B4%96%E9%A2%98%E8%AE%B0,exact,
5-0449-4-007,宝成寺麻曷葛剌造像,宝成寺麻曷葛剌造像,https://baike.baidu.com/view/1652499.htm,exact,宝成寺麻曷葛剌造像,https://zh.wikipedia.org/wiki/%E5%AE%9D%E6%88%90%E5%AF%BA%E9%BA%BB%E6%9B%B7%E8%91%9B%E5%89%8C%E9%80%A0%E5%83%8F,exact,
5-0450-4-008,东钱湖墓葬群,东钱湖墓葬群,https://baike.baidu.com/view/10249086.htm,exact,东钱湖墓葬群,https://zh.wikipedia.org/wiki/%E4%B8%9C%E9%92%B1%E6%B9%96%E5%A2%93%E8%91%AC%E7%BE%A4,exact,
5-0451-4-009,梵天寺经幢,梵天寺经幢,https://baike.baidu.com/view/1105192.htm,exact,梵天寺经幢,https://zh.wikipedia.org/wiki/%E6%A2%B5%E5%A4%A9%E5%AF%BA%E7%BB%8F%E5%B9%A2,exact,
5-0452-4-010,天柱山山谷流泉摩崖石刻,天柱山山谷流泉摩崖石刻,https://baike.baidu.com/view/1060660.htm,exact,天柱山山谷流泉摩崖石刻,https://zh.wikipedia.org/wiki/%E5%A4%A9%E6%9F%B1%E5%B1%B1%E5%B1%B1%E8%B0%B7%E6%B5%81%E6%B3%89%E6%91%A9%E5%B4%96%E7%9F%B3%E5%88%BB,exact,
5-0453-4-011,鼓山摩崖石刻,鼓山摩崖石刻,https://baike.baidu.com/view/546369.htm,exact,,,,
5-0454-4-012,泰山石刻,泰山石刻,https://baike.baidu.com/subview/1137940/1137940.htm,exact,泰山石刻,https://zh.wikipedia.org/wiki/%E6%B3%B0%E5%B1%B1%E7%9F%B3%E5%88%BB,exact,
5-0455-4-013,白佛山石窟造像,白佛山石窟造像,https://baike.baidu.com/view/2421309.htm,exact,,,,
5-0456-4-014,鸿庆寺石窟,鸿庆寺石窟,https://baike.baidu.com/subview/242039/242039.htm,exact,,,,
5-0457-4-015,小南海石窟,小南海石窟,https://baike.baidu.com/view/2553866.htm,exact,小南海石窟,https://zh.wikipedia.org/wiki/%E5%B0%8F%E5%8D%97%E6%B5%B7%E7%9F%B3%E7%AA%9F,exact,
5-0458-4-016,大丕山摩崖大佛及石刻,,,,大伾山摩崖大佛及石刻,https://zh.wikipedia.org/wiki/%E5%A4%A7%E4%BC%BE%E5%B1%B1%E6%91%A9%E5%B4%96%E5%A4%A7%E4%BD%9B%E5%8F%8A%E7%9F%B3%E5%88%BB,manual,天宁寺 | https://zh.wikipedia.org/wiki/%E5%A4%A9%E5%AE%81%E5%AF%BA | different-title
5-0459-4-017,受禅碑与受禅台,受禅碑与受禅台,https://baike.baidu.com/view/6329857.htm,exact,受禅碑与受禅台,https://zh.wikipedia.org/wiki/%E5%8F%97%E7%A6%85%E7%A2%91%E4%B8%8E%E5%8F%97%E7%A6%85%E5%8F%B0,exact,
5-0460-4-018,大唐嵩阳观纪圣德感应之颂碑,大唐嵩阳观纪圣德感应之颂碑,https://baike.baidu.com/view/329734.htm,exact,大唐嵩阳观纪圣德感应之颂碑,https://zh.wikipedia.org/wiki/%E5%A4%A7%E5%94%90%E5%B5%A9%E9%98%B3%E8%A7%82%E7%BA%AA%E5%9C%A3%E5%BE%B7%E6%84%9F%E5%BA%94%E4%B9%8B%E9%A2%82%E7%A2%91,exact,
5-0461-4-019,七星岩摩崖石刻,七星岩摩崖石刻,https://baike.baidu.com/view/329723.htm,exact,七星岩摩崖石刻,https://zh.wikipedia.org/wiki/%E4%B8%83%E6%98%9F%E5%B2%A9%E6%91%A9%E5%B4%96%E7%9F%B3%E5%88%BB,exact,
5-0462-4-020,桂林石刻,桂林石刻,https://baike.baidu.com/view/329716.htm,exact,桂林石刻,https://zh.wikipedia.org/wiki/%E6%A1%82%E6%9E%97%E7%9F%B3%E5%88%BB,exact,
5-0463-4-021,毗卢洞石刻造像,毗卢洞石刻造像,https://baike.baidu.com/view/329711.htm,exact,毗卢洞石刻造像,https://zh.wikipedia.org/wiki/%E6%AF%97%E5%8D%A2%E6%B4%9E%E7%9F%B3%E5%88%BB%E9%80%A0%E5%83%8F,exact,
5-0464-4-022,元世祖平云南碑,元世祖平云南碑,https://baike.baidu.com/view/189916.htm,exact,元世祖平云南碑,https://zh.wikipedia.org/wiki/%E5%85%83%E4%B8%96%E7%A5%96%E5%B9%B3%E4%BA%91%E5%8D%97%E7%A2%91,exact,
5-0465-4-023,沧源崖画,沧源崖画,https://baike.baidu.com/view/64275.htm,exact,,,,
5-0466-4-024,重阳宫祖庵碑林,重阳宫祖庵碑林,https://baike.baidu.com/view/329600.htm,exact,,,,
5-0467-4-025,慈善寺石窟,慈善寺石窟,https://baike.baidu.com/view/329586.htm,exact,慈善寺石窟,https://zh.wikipedia.org/wiki/%E6%85%88%E5%96%84%E5%AF%BA%E7%9F%B3%E7%AA%9F,exact,
5-0468-4-026,西狭古栈道及摩崖石刻,西狭古栈道及摩崖石刻,https://baike.baidu.com/item/%E8%A5%BF%E7%8B%AD%E5%8F%A4%E6%A0%88%E9%81%93%E5%8F%8A%E6%91%A9%E5%B4%96%E7%9F%B3%E5%88%BB,exact,,,,
5-0469-4-027,水帘洞—大像山石窟,,,,水帘洞石窟,https://zh.wikipedia.org/wiki/%E6%B0%B4%E5%B8%98%E6%B4%9E%E7%9F%B3%E7%AA%9F,manual,麦积山石窟 | https://zh.wikipedia.org/wiki/%E9%BA%A6%E7%A7%AF%E5%B1%B1%E7%9F%B3%E7%AA%9F | different-title
5-0470-4-028,天梯山石窟,天梯山石窟,https://baike.baidu.com/view/154501.htm,exact,天梯山石窟,https://zh.wikipedia.org/wiki/%E5%A4%A9%E6%A2%AF%E5%B1%B1%E7%9F%B3%E7%AA%9F,exact,
5-0471-4-029,文殊山石窟,文殊山石窟,https://baike.baidu.com/view/191774.htm,exact,文殊山石窟,https://zh.wikipedia.org/wiki/%E6%96%87%E6%AE%8A%E5%B1%B1%E7%9F%B3%E7%AA%9F,exact,
5-0472-4-030,克孜尔尕哈石窟,克孜尔尕哈石窟,https://baike.baidu.com/view/329137.htm,exact,克孜尔尕哈石窟,https://zh.wikipedia.org/wiki/%E5%85%8B%E5%AD%9C%E5%B0%94%E5%B0%95%E5%93%88%E7%9F%B3%E7%AA%9F,exact,
5-0473-4-031,平定准噶尔勒铭碑,平定准噶尔勒铭碑,https://baike.baidu.com/view/329111.htm,exact,平定准噶尔勒铭碑,https://zh.wikipedia.org/wiki/%E5%B9%B3%E5%AE%9A%E5%87%86%E5%99%B6%E5%B0%94%E5%8B%92%E9%93%AD%E7%A2%91,exact,
5-0474-5-001,东交民巷使馆建筑群,东交民巷使馆建筑群,https://baike.baidu.com/view/329082.htm,exact,,,,
5-0475-5-002,未名湖燕园建筑,未名湖燕园建筑,https://baike.baidu.com/item/%E6%9C%AA%E5%90%8D%E6%B9%96%E7%87%95%E5%9B%AD%E5%BB%BA%E7%AD%91,exact,,,,
5-0476-5-003,清华大学早期建筑,清华大学早期建筑,https://baike.baidu.com/view/327606.htm,exact,,,,
5-0477-5-004,天津劝业场大楼,天津劝业场大楼,https://baike.baidu.com/view/327596.htm,exact,,,,
5-0478-5-005,大连中山广场近代建筑群,大连中山广场近代建筑群,https://baike.baidu.com/view/327592.htm,exact,大连中山广场近代建筑群,https://zh.wikipedia.org/wiki/%E5%A4%A7%E8%BF%9E%E4%B8%AD%E5%B1%B1%E5%B9%BF%E5%9C%BA%E8%BF%91%E4%BB%A3%E5%BB%BA%E7%AD%91%E7%BE%A4,exact,
5-0479-5-006,东北大学旧址,东北大学旧址,https://baike.baidu.com/view/327584.htm,exact,东北大学旧址,https://zh.wikipedia.org/wiki/%E4%B8%9C%E5%8C%97%E5%A4%A7%E5%AD%A6%E6%97%A7%E5%9D%80,exact,
5-0480-5-007,瑷珲新城遗址,瑷珲新城遗址,https://baike.baidu.com/view/327570.htm,exact,,,,
5-0481-5-008,大庆第一口油井,大庆第一口油井,https://baike.baidu.com/view/327361.htm,exact,,,,
5-0482-5-009,上海宋庆龄故居,上海宋庆龄故居,https://baike.baidu.com/view/327353.htm,exact,上海宋庆龄故居,https://zh.wikipedia.org/wiki/%E4%B8%8A%E6%B5%B7%E5%AE%8B%E5%BA%86%E9%BE%84%E6%95%85%E5%B1%85,exact,
5-0483-5-010,张闻天故居,张闻天故居,https://baike.baidu.com/view/164757.htm,exact,张闻天故居,https://zh.wikipedia.org/wiki/%E5%BC%A0%E9%97%BB%E5%A4%A9%E6%95%85%E5%B1%85,exact,
5-0484-5-011,薛福成故居建筑群,薛福成故居建筑群,https://baike.baidu.com/view/4430860.htm,exact,,,,
5-0485-5-012,原国民政府旧址,原国民政府旧址,https://baike.baidu.com/view/327322.htm,exact,原国民政府旧址,https://zh.wikipedia.org/wiki/%E5%8E%9F%E5%9B%BD%E6%B0%91%E6%94%BF%E5%BA%9C%E6%97%A7%E5%9D%80,exact,
5-0486-5-013,西泠印社,西泠印社,https://baike.baidu.com/subview/53430/15400135.htm,exact,,,,
5-0487-5-014,蔡元培故居,蔡元培故居,https://baike.baidu.com/subview/15488/15488.htm,exact,,,,
5-0488-5-015,南浔张氏旧宅建筑群,南浔张氏旧宅建筑群,https://baike.baidu.com/item/%E5%8D%97%E6%B5%94%E5%BC%A0%E6%B0%8F%E6%97%A7%E5%AE%85%E5%BB%BA%E7%AD%91%E7%BE%A4,exact,,,,
5-0489-5-016,龙山虞氏旧宅建筑群,龙山虞氏旧宅建筑群,https://baike.baidu.com/view/325996.htm,exact,,,,
5-0490-5-017,新四军苏浙军区旧址,新四军苏浙军区旧址,https://baike.baidu.com/view/191257.htm,exact,新四军苏浙军区旧址,https://zh.wikipedia.org/wiki/%E6%96%B0%E5%9B%9B%E5%86%9B%E8%8B%8F%E6%B5%99%E5%86%9B%E5%8C%BA%E6%97%A7%E5%9D%80,exact,
5-0491-5-018,福建船政建筑,福建船政建筑,https://baike.baidu.com/item/%E7%A6%8F%E5%BB%BA%E8%88%B9%E6%94%BF%E5%BB%BA%E7%AD%91,exact,,,,
5-0492-5-019,青岛八大关近代建筑,青岛八大关近代建筑,https://baike.baidu.com/view/4441717.htm,exact,,,,
5-0493-5-020,龙港革命旧址,龙港革命旧址,https://baike.baidu.com/view/326016.htm,exact,,,,
5-0494-5-021,武汉农民运动讲习所旧址,武汉农民运动讲习所旧址,https://baike.baidu.com/view/1399190.htm,exact,,,,
5-0495-5-022,大智门火车站,大智门火车站,https://baike.baidu.com/view/326024.htm,exact,大智门火车站,https://zh.wikipedia.org/wiki/%E5%A4%A7%E6%99%BA%E9%97%A8%E7%81%AB%E8%BD%A6%E7%AB%99,exact,
5-0496-5-023,江汉关大楼,江汉关大楼,https://baike.baidu.com/view/326031.htm,exact,江汉关大楼,https://zh.wikipedia.org/wiki/%E6%B1%9F%E6%B1%89%E5%85%B3%E5%A4%A7%E6%A5%BC,exact,
5-0497-5-024,武汉大学早期建筑,武汉大学早期建筑,https://baike.baidu.com/view/326039.htm,exact,武汉大学早期建筑,https://zh.wikipedia.org/wiki/%E6%AD%A6%E6%B1%89%E5%A4%A7%E5%AD%A6%E6%97%A9%E6%9C%9F%E5%BB%BA%E7%AD%91,exact,
5-0498-5-025,詹天佑故居,詹天佑故居,https://baike.baidu.com/subview/326131/326131.htm,exact,,,,
5-0499-5-026,彭德怀故居,彭德怀故居,https://baike.baidu.com/view/326154.htm,exact,彭德怀故居,https://zh.wikipedia.org/wiki/%E5%BD%AD%E5%BE%B7%E6%80%80%E6%95%85%E5%B1%85,exact,
5-0500-5-027,中山纪念堂,中山纪念堂,https://baike.baidu.com/subview/10163/5128627.htm,exact,,,,
5-0501-5-028,余荫山房,余荫山房,https://baike.baidu.com/subview/99654/19697868.htm,exact,余荫山房,https://zh.wikipedia.org/wiki/%E4%BD%99%E8%8D%AB%E5%B1%B1%E6%88%BF,exact,
5-0502-5-029,开平碉楼,开平碉楼,https://baike.baidu.com/subview/42411/42411.htm,exact,开平碉楼,https://zh.wikipedia.org/wiki/%E5%BC%80%E5%B9%B3%E7%A2%89%E6%A5%BC,exact,
5-0503-5-030,叶剑英故居,叶剑英故居,https://baike.baidu.com/view/64744.htm,exact,,,,
5-0504-5-031,北海近代建筑,北海近代建筑,https://baike.baidu.com/view/326163.htm,exact,北海近代建筑,https://zh.wikipedia.org/wiki/%E5%8C%97%E6%B5%B7%E8%BF%91%E4%BB%A3%E5%BB%BA%E7%AD%91,exact,
5-0505-5-032,刘永福、冯子材旧居建筑群,刘永福、冯子材旧居建筑群,https://baike.baidu.com/item/%E5%88%98%E6%B0%B8%E7%A6%8F%E3%80%81%E5%86%AF%E5%AD%90%E6%9D%90%E6%97%A7%E5%B1%85%E5%BB%BA%E7%AD%91%E7%BE%A4,exact,,,,
5-0506-5-033,桂园,桂园,https://baike.baidu.com/subview/267681/11764237.htm,exact,桂园,https://zh.wikipedia.org/wiki/%E6%A1%82%E5%9B%AD,exact,
5-0507-5-034,赵世炎故居,赵世炎故居,https://baike.baidu.com/view/490003.htm,exact,,,,
5-0508-5-035,邓小平故居,邓小平故居,https://baike.baidu.com/view/21774.htm,exact,,,,
5-0509-5-036,洛川会议旧址,洛川会议纪念馆,https://baike.baidu.com/view/2146411.htm,manual,,,,洛川会议纪念馆 | https://baike.baidu.com/view/2146411.htm | different-title；延安市 | https://zh.wikipedia.org/wiki/%E5%BB%B6%E5%AE%89%E5%B8%82 | different-title
5-0510-5-037,杨家沟革命旧址,杨家沟革命旧址,https://baike.baidu.com/view/1509295.htm,exact,,,,
5-0511-5-038,哈达铺会议旧址,哈达铺会议旧址,https://baike.baidu.com/view/10623861.htm,exact,哈达铺会议旧址,https://zh.wikipedia.org/wiki/%E5%93%88%E8%BE%BE%E9%93%BA%E4%BC%9A%E8%AE%AE%E6%97%A7%E5%9D%80,exact,
5-0512-5-039,第一个核武器研制基地旧址,第一个核武器研制基地旧址,https://baike.baidu.com/item/%E7%AC%AC%E4%B8%80%E4%B8%AA%E6%A0%B8%E6%AD%A6%E5%99%A8%E7%A0%94%E5%88%B6%E5%9F%BA%E5%9C%B0%E6%97%A7%E5%9D%80,exact,,,,
5-0513-5-040,中共琼崖第一次代表大会旧址,中共琼崖第一次代表大会旧址,https://baike.baidu.com/view/4390827.htm,exact,,,,
5-0514-6-001,水井街酒坊遗址,水井街酒坊遗址,https://baike.baidu.com/view/10596525.htm,exact,,,,
5-0515-6-002,四堡书坊建筑,四堡书坊建筑,https://baike.baidu.com/view/4422923.htm,exact,四堡书坊建筑,https://zh.wikipedia.org/wiki/%E5%9B%9B%E5%A0%A1%E4%B9%A6%E5%9D%8A%E5%BB%BA%E7%AD%91,exact,
5-0516-6-003,南风古灶、高灶陶窑,南风古灶、高灶陶窑,https://baike.baidu.com/item/%E5%8D%97%E9%A3%8E%E5%8F%A4%E7%81%B6%E3%80%81%E9%AB%98%E7%81%B6%E9%99%B6%E7%AA%91,exact,南风古灶、高灶陶窑,https://zh.wikipedia.org/wiki/%E5%8D%97%E9%A3%8E%E5%8F%A4%E7%81%B6%E3%80%81%E9%AB%98%E7%81%B6%E9%99%B6%E7%AA%91,exact,
5-0517-6-004,四连碓造纸作坊,四连碓造纸作坊,https://baike.baidu.com/view/849678.htm,exact,四连碓造纸作坊,https://zh.wikipedia.org/wiki/%E5%9B%9B%E8%BF%9E%E7%A2%93%E9%80%A0%E7%BA%B8%E4%BD%9C%E5%9D%8A,exact,
5-0518-6-005,浙东沿海灯塔,浙东沿海灯塔,https://baike.baidu.com/view/10570447.htm,exact,,,,
5-0519-1-145,里耶古城遗址,里耶古城遗址,https://baike.baidu.com/view/7123295.htm,exact,,,,
5-0520-4-032,阿尔寨石窟,阿尔寨石窟,https://baike.baidu.com/view/172549.htm,exact,,,,
5-0521-5-041,焦裕禄烈士墓,焦裕禄烈士墓,https://baike.baidu.com/view/11608030.htm,exact,,,,
6-0001-1-001,元大都城墙遗址,元大都城墙遗址,https://baike.baidu.com/view/954456.htm,exact,,,,
6-0002-1-002,十字寺遗址,十字寺遗址,https://baike.baidu.com/view/1086464.htm,exact,十字寺遗址,https://zh.wikipedia.org/wiki/%E5%8D%81%E5%AD%97%E5%AF%BA%E9%81%97%E5%9D%80,exact,
6-0003-1-003,天妃宫遗址,天妃宫遗址,https://baike.baidu.com/view/3798462.htm,exact,天妃宫遗址,https://zh.wikipedia.org/wiki/%E5%A4%A9%E5%A6%83%E5%AE%AB%E9%81%97%E5%9D%80,exact,
6-0004-1-004,爪村遗址,爪村遗址,https://baike.baidu.com/view/3891919.htm,exact,,,,
6-0005-1-005,石北口遗址,石北口遗址,https://baike.baidu.com/view/4408964.htm,exact,,,,
6-0006-1-006,北福地遗址,北福地遗址,https://baike.baidu.com/view/4065486.htm,exact,北福地遗址,https://zh.wikipedia.org/wiki/%E5%8C%97%E7%A6%8F%E5%9C%B0%E9%81%97%E5%9D%80,exact,
6-0007-1-007,钓鱼台遗址,钓鱼台遗址,https://baike.baidu.com/view/2660737.htm,exact,,,,
6-0008-1-008,台西遗址,台西遗址,https://baike.baidu.com/view/4409176.htm,exact,台西遗址,https://zh.wikipedia.org/wiki/%E5%8F%B0%E8%A5%BF%E9%81%97%E5%9D%80,exact,
6-0009-1-009,东先贤遗址,东先贤遗址,https://baike.baidu.com/subview/3891938/3891938.htm,exact,东先贤遗址,https://zh.wikipedia.org/wiki/%E4%B8%9C%E5%85%88%E8%B4%A4%E9%81%97%E5%9D%80,exact,
6-0010-1-010,南阳遗址,南阳遗址,https://baike.baidu.com/view/4409129.htm,exact,南阳遗址,https://zh.wikipedia.org/wiki/%E5%8D%97%E9%98%B3%E9%81%97%E5%9D%80,exact,
6-0011-1-011,讲武城遗址,讲武城遗址,https://baike.baidu.com/view/1019323.htm,exact,,,,
6-0012-1-012,常山郡故城,常山郡故城,https://baike.baidu.com/view/4408942.htm,exact,常山郡故城,https://zh.wikipedia.org/wiki/%E5%B8%B8%E5%B1%B1%E9%83%A1%E6%95%85%E5%9F%8E,exact,
6-0013-1-013,土城子城址,土城子城址,https://baike.baidu.com/view/864400.htm,exact,土城子城址,https://zh.wikipedia.org/wiki/%E5%9C%9F%E5%9F%8E%E5%AD%90%E5%9F%8E%E5%9D%80,exact,
6-0014-1-014,边关地道遗址,边关地道遗址,https://baike.baidu.com/view/3798706.htm,exact,,,,
6-0015-1-015,会州城,会州城,https://baike.baidu.com/view/4408932.htm,exact,会州城,https://zh.wikipedia.org/wiki/%E4%BC%9A%E5%B7%9E%E5%9F%8E,exact,
6-0016-1-016,刘伶醉烧锅遗址,刘伶醉烧锅遗址,https://baike.baidu.com/view/1266486.htm,exact,刘伶醉烧锅遗址,https://zh.wikipedia.org/wiki/%E5%88%98%E4%BC%B6%E9%86%89%E7%83%A7%E9%94%85%E9%81%97%E5%9D%80,exact,
6-0017-1-017,九连城城址,九连城城址,https://baike.baidu.com/view/4408907.htm,exact,九连城城址,https://zh.wikipedia.org/wiki/%E4%B9%9D%E8%BF%9E%E5%9F%8E%E5%9F%8E%E5%9D%80,exact,
6-0018-1-018,海丰镇遗址,海丰镇遗址,https://baike.baidu.com/view/4407570.htm,exact,海丰镇遗址,https://zh.wikipedia.org/wiki/%E6%B5%B7%E4%B8%B0%E9%95%87%E9%81%97%E5%9D%80,exact,
6-0019-1-019,小宏城遗址,小宏城遗址,https://baike.baidu.com/view/3798782.htm,exact,小宏城遗址,https://zh.wikipedia.org/wiki/%E5%B0%8F%E5%AE%8F%E5%9F%8E%E9%81%97%E5%9D%80,exact,
6-0020-1-020,大名府故城,大名府故城,https://baike.baidu.com/view/623486.htm,exact,大名府故城,https://zh.wikipedia.org/wiki/%E5%A4%A7%E5%90%8D%E5%BA%9C%E6%95%85%E5%9F%8E,exact,
6-0021-1-021,塔水河遗址,塔水河遗址,https://baike.baidu.com/view/1386813.htm,exact,塔水河遗址,https://zh.wikipedia.org/wiki/%E5%A1%94%E6%B0%B4%E6%B2%B3%E9%81%97%E5%9D%80,exact,
6-0022-1-022,上郭城址和邱家庄墓群,上郭城址和邱家庄墓群,https://baike.baidu.com/item/%E4%B8%8A%E9%83%AD%E5%9F%8E%E5%9D%80%E5%92%8C%E9%82%B1%E5%AE%B6%E5%BA%84%E5%A2%93%E7%BE%A4,exact,,,,
6-0023-1-023,南村城址,南村城址,https://baike.baidu.com/view/2020807.htm,exact,,,,
6-0024-1-024,黄河栈道遗址,黄河栈道遗址,https://baike.baidu.com/view/4449970.htm,exact,黄河栈道遗址,https://zh.wikipedia.org/wiki/%E9%BB%84%E6%B2%B3%E6%A0%88%E9%81%93%E9%81%97%E5%9D%80,exact,
6-0025-1-025,霍州窑址,霍州窑址,https://baike.baidu.com/view/1380331.htm,exact,霍州窑址,https://zh.wikipedia.org/wiki/%E9%9C%8D%E5%B7%9E%E7%AA%91%E5%9D%80,exact,
6-0026-1-026,洪山窑址,洪山窑址,https://baike.baidu.com/view/4407601.htm,exact,洪山窑址,https://zh.wikipedia.org/wiki/%E6%B4%AA%E5%B1%B1%E7%AA%91%E5%9D%80,exact,
6-0027-1-027,阿善遗址,阿善遗址,https://baike.baidu.com/view/974179.htm,exact,,,,
6-0028-1-028,赵宝沟遗址,赵宝沟遗址,https://baike.baidu.com/view/4448601.htm,exact,,,,
6-0029-1-029,红山遗址群,红山遗址群,https://baike.baidu.com/view/4448599.htm,exact,红山文化,https://zh.wikipedia.org/wiki/%E7%BA%A2%E5%B1%B1%E6%96%87%E5%8C%96,redirect,
6-0030-1-030,夏家店遗址群,夏家店遗址群,https://baike.baidu.com/view/3798904.htm,exact,,,,
6-0031-1-031,朱开沟遗址,朱开沟遗址,https://baike.baidu.com/view/4008970.htm,exact,朱开沟遗址,https://zh.wikipedia.org/wiki/%E6%9C%B1%E5%BC%80%E6%B2%9F%E9%81%97%E5%9D%80,exact,
6-0032-1-032,秦直道遗址,秦直道遗址,https://baike.baidu.com/view/3757293.htm,exact,秦直道,https://zh.wikipedia.org/wiki/%E7%A7%A6%E7%9B%B4%E9%81%93,redirect,
6-0033-1-033,麻池城址和召湾墓群,麻池城址和召湾墓群,https://baike.baidu.com/item/%E9%BA%BB%E6%B1%A0%E5%9F%8E%E5%9D%80%E5%92%8C%E5%8F%AC%E6%B9%BE%E5%A2%93%E7%BE%A4,exact,,,,
6-0034-1-034,黑城城址,黑城城址,https://baike.baidu.com/view/4448583.htm,exact,,,,
6-0035-1-035,朔方郡故城,朔方郡故城,https://baike.baidu.com/view/4448582.htm,exact,,,,
6-0036-1-036,霍洛柴登城址,霍洛柴登城址,https://baike.baidu.com/view/4407615.htm,exact,,,,
6-0037-1-037,克里孟城址,克里孟城址,https://baike.baidu.com/view/4407532.htm,exact,,,,
6-0038-1-038,沃野镇故城,沃野镇故城,https://baike.baidu.com/view/2895447.htm,exact,,,,
6-0039-1-039,白灵淖尔城址,白灵淖尔城址,https://baike.baidu.com/view/4448577.htm,exact,白灵淖尔城址,https://zh.wikipedia.org/wiki/%E7%99%BD%E7%81%B5%E6%B7%96%E5%B0%94%E5%9F%8E%E5%9D%80,exact,
6-0040-1-040,十二连城城址,十二连城城址,https://baike.baidu.com/view/4448573.htm,exact,,,,
6-0041-1-041,城川城址,城川城址,https://baike.baidu.com/view/4448570.htm,exact,,,,
6-0042-1-042,查干浩特城址,查干浩特城址,https://baike.baidu.com/view/4448564.htm,exact,查干浩特城址,https://zh.wikipedia.org/wiki/%E6%9F%A5%E5%B9%B2%E6%B5%A9%E7%89%B9%E5%9F%8E%E5%9D%80,exact,
6-0043-1-043,安答堡子城址,安答堡子城址,https://baike.baidu.com/view/4402013.htm,exact,,,,
6-0044-1-044,净州路故城,净州路故城,https://baike.baidu.com/view/4448560.htm,exact,,,,
6-0045-1-045,砂井路总管府故城,砂井路总管府故城,https://baike.baidu.com/view/10584147.htm,exact,,,,
6-0046-1-046,巴彦乌拉城址,巴彦乌拉城址,https://baike.baidu.com/view/4448558.htm,exact,,,,
6-0047-1-047,庙后山遗址,庙后山遗址,https://baike.baidu.com/view/461300.htm,exact,庙后山遗址,https://zh.wikipedia.org/wiki/%E5%BA%99%E5%90%8E%E5%B1%B1%E9%81%97%E5%9D%80,exact,
6-0048-1-048,高台山遗址,高台山遗址,https://baike.baidu.com/view/2206355.htm,exact,,,,
6-0049-1-049,石台子山城,石台子山城,https://baike.baidu.com/view/4419739.htm,exact,,,,
6-0050-1-050,赫图阿拉故城,赫图阿拉故城,https://baike.baidu.com/view/4419722.htm,exact,赫图阿拉城,https://zh.wikipedia.org/wiki/%E8%B5%AB%E5%9B%BE%E9%98%BF%E6%8B%89%E5%9F%8E,redirect,
6-0051-1-051,百草沟遗址,百草沟遗址,https://baike.baidu.com/view/4419276.htm,exact,百草沟遗址,https://zh.wikipedia.org/wiki/%E7%99%BE%E8%8D%89%E6%B2%9F%E9%81%97%E5%9D%80,exact,
6-0052-1-052,自安山城,自安山城,https://baike.baidu.com/view/4419250.htm,exact,自安山城,https://zh.wikipedia.org/wiki/%E8%87%AA%E5%AE%89%E5%B1%B1%E5%9F%8E,exact,
6-0053-1-053,龙潭山城,龙潭山城,https://baike.baidu.com/view/4419224.htm,exact,,,,
6-0054-1-054,苏密城,苏密城,https://baike.baidu.com/view/4419205.htm,exact,,,,
6-0055-1-055,城山子山城,城山子山城,https://baike.baidu.com/view/492823.htm,exact,城山子山城,https://zh.wikipedia.org/wiki/%E5%9F%8E%E5%B1%B1%E5%AD%90%E5%B1%B1%E5%9F%8E,exact,
6-0056-1-056,磨盘村山城,磨盘村山城,https://baike.baidu.com/view/3979236.htm,exact,磨盘村山城,https://zh.wikipedia.org/wiki/%E7%A3%A8%E7%9B%98%E6%9D%91%E5%B1%B1%E5%9F%8E,exact,
6-0057-1-057,偏脸城城址,偏脸城城址,https://baike.baidu.com/view/3798937.htm,exact,偏脸城城址,https://zh.wikipedia.org/wiki/%E5%81%8F%E8%84%B8%E5%9F%8E%E5%9F%8E%E5%9D%80,exact,
6-0058-1-058,秦家屯城址,秦家屯城址,https://baike.baidu.com/view/4419171.htm,exact,秦家屯城址,https://zh.wikipedia.org/wiki/%E7%A7%A6%E5%AE%B6%E5%B1%AF%E5%9F%8E%E5%9D%80,exact,
6-0059-1-059,城四家子城址,城四家子城址,https://baike.baidu.com/view/3979224.htm,exact,城四家子城址,https://zh.wikipedia.org/wiki/%E5%9F%8E%E5%9B%9B%E5%AE%B6%E5%AD%90%E5%9F%8E%E5%9D%80,exact,
6-0060-1-060,叶赫部城址,叶赫部城址,https://baike.baidu.com/view/4419149.htm,exact,叶赫部城址,https://zh.wikipedia.org/wiki/%E5%8F%B6%E8%B5%AB%E9%83%A8%E5%9F%8E%E5%9D%80,exact,
6-0061-1-061,辉发城址,辉发城址,https://baike.baidu.com/view/4419130.htm,exact,辉发城址,https://zh.wikipedia.org/wiki/%E8%BE%89%E5%8F%91%E5%9F%8E%E5%9D%80,exact,
6-0062-1-062,五排山城址,五排山城址,https://baike.baidu.com/view/4430172.htm,exact,,,,
6-0063-1-063,小四方山城址,小四方山城址,https://baike.baidu.com/view/4008796.htm,exact,,,,
6-0064-1-064,雁窝岛城址,雁窝岛城址,https://baike.baidu.com/view/4430159.htm,exact,,,,
6-0065-1-065,塔子城址,塔子城址,https://baike.baidu.com/view/4430141.htm,exact,塔子城址,https://zh.wikipedia.org/wiki/%E5%A1%94%E5%AD%90%E5%9F%8E%E5%9D%80,exact,
6-0066-1-066,瓦里霍吞城址,瓦里霍吞城址,https://baike.baidu.com/view/4430132.htm,exact,,,,
6-0067-1-067,桃温万户府故城,桃温万户府故城,https://baike.baidu.com/view/4430126.htm,exact,桃温万户府故城,https://zh.wikipedia.org/wiki/%E6%A1%83%E6%B8%A9%E4%B8%87%E6%88%B7%E5%BA%9C%E6%95%85%E5%9F%8E,exact,
6-0068-1-068,莽吉塔站故城,莽吉塔站故城,https://baike.baidu.com/view/365881.htm,exact,,,,
6-0069-1-069,南京人化石地点,南京人化石地点,https://baike.baidu.com/item/%E5%8D%97%E4%BA%AC%E4%BA%BA%E5%8C%96%E7%9F%B3%E5%9C%B0%E7%82%B9,exact,南京人化石地点,https://zh.wikipedia.org/wiki/%E5%8D%97%E4%BA%AC%E4%BA%BA%E5%8C%96%E7%9F%B3%E5%9C%B0%E7%82%B9,exact,
6-0070-1-070,藤花落遗址,藤花落遗址,https://baike.baidu.com/view/425870.htm,exact,,,,
6-0071-1-071,大墩子遗址,大墩子遗址,https://baike.baidu.com/view/2624981.htm,exact,大墩子遗址,https://zh.wikipedia.org/wiki/%E5%A4%A7%E5%A2%A9%E5%AD%90%E9%81%97%E5%9D%80,exact,
6-0072-1-072,花厅遗址,花厅遗址,https://baike.baidu.com/view/144224.htm,exact,,,,
6-0073-1-073,三星村遗址,三星村遗址,https://baike.baidu.com/view/2220900.htm,exact,,,,
6-0074-1-074,骆驼墩遗址,骆驼墩遗址,https://baike.baidu.com/view/1099727.htm,exact,,,,
6-0075-1-075,青墩遗址,青墩遗址,https://baike.baidu.com/view/873752.htm,exact,,,,
6-0076-1-076,绰墩遗址,绰墩遗址,https://baike.baidu.com/view/1428960.htm,exact,,,,
6-0077-1-077,天目山遗址,天目山遗址,https://baike.baidu.com/view/4976006.htm,exact,天目山遗址,https://zh.wikipedia.org/wiki/%E5%A4%A9%E7%9B%AE%E5%B1%B1%E9%81%97%E5%9D%80,exact,
6-0078-1-078,宜兴窑址,宜兴窑址,https://baike.baidu.com/view/11820372.htm,exact,宜兴窑址,https://zh.wikipedia.org/wiki/%E5%AE%9C%E5%85%B4%E7%AA%91%E5%9D%80,exact,
6-0079-1-079,钟山建筑遗址,钟山建筑遗址,https://baike.baidu.com/view/13379296.htm,exact,,,,
6-0080-1-080,明故宫遗址,明故宫遗址,https://baike.baidu.com/view/488589.htm,exact,,,,
6-0081-1-081,龙江船厂遗址,龙江船厂遗址,https://baike.baidu.com/view/13366565.htm,exact,,,,
6-0082-1-082,跨湖桥遗址,跨湖桥遗址,https://baike.baidu.com/view/1464263.htm,exact,跨湖桥遗址,https://zh.wikipedia.org/wiki/%E8%B7%A8%E6%B9%96%E6%A1%A5%E9%81%97%E5%9D%80,exact,
6-0083-1-083,上山遗址,上山遗址,https://baike.baidu.com/view/466504.htm,exact,上山遗址,https://zh.wikipedia.org/wiki/%E4%B8%8A%E5%B1%B1%E9%81%97%E5%9D%80,exact,
6-0084-1-084,谭家湾遗址,谭家湾遗址,https://baike.baidu.com/subview/2712230/2712230.htm,exact,谭家湾遗址,https://zh.wikipedia.org/wiki/%E8%B0%AD%E5%AE%B6%E6%B9%BE%E9%81%97%E5%9D%80,exact,
6-0085-1-085,南河浜遗址,南河浜遗址,https://baike.baidu.com/view/2712301.htm,exact,南河浜遗址,https://zh.wikipedia.org/wiki/%E5%8D%97%E6%B2%B3%E6%B5%9C%E9%81%97%E5%9D%80,exact,
6-0086-1-086,钱山漾遗址,钱山漾遗址,https://baike.baidu.com/view/473829.htm,exact,,,,
6-0087-1-087,茅湾里窑址,茅湾里窑址,https://baike.baidu.com/view/2715642.htm,exact,茅湾里窑址,https://zh.wikipedia.org/wiki/%E8%8C%85%E6%B9%BE%E9%87%8C%E7%AA%91%E5%9D%80,exact,
6-0088-1-088,富盛窑址,富盛窑址,https://baike.baidu.com/view/2731724.htm,exact,富盛窑址,https://zh.wikipedia.org/wiki/%E5%AF%8C%E7%9B%9B%E7%AA%91%E5%9D%80,exact,
6-0089-1-089,安吉古城遗址、龙山越国贵族墓群,,,,龙山越国贵族墓群,https://zh.wikipedia.org/wiki/%E9%BE%99%E5%B1%B1%E8%B6%8A%E5%9B%BD%E8%B4%B5%E6%97%8F%E5%A2%93%E7%BE%A4,search-related-location,
6-0090-1-090,小仙坛窑址,小仙坛窑址,https://baike.baidu.com/view/2731716.htm,exact,小仙坛窑址,https://zh.wikipedia.org/wiki/%E5%B0%8F%E4%BB%99%E5%9D%9B%E7%AA%91%E5%9D%80,exact,
6-0091-1-091,郊坛下和老虎洞窑址,郊坛下和老虎洞窑址,https://baike.baidu.com/view/2715717.htm,exact,,,,
6-0092-1-092,永丰库遗址,永丰库遗址,https://baike.baidu.com/view/2719890.htm,exact,永丰库遗址,https://zh.wikipedia.org/wiki/%E6%B0%B8%E4%B8%B0%E5%BA%93%E9%81%97%E5%9D%80,exact,
6-0093-1-093,人字洞遗址,人字洞遗址,https://baike.baidu.com/view/554929.htm,exact,人字洞遗址,https://zh.wikipedia.org/wiki/%E4%BA%BA%E5%AD%97%E6%B4%9E%E9%81%97%E5%9D%80,exact,
6-0094-1-094,临涣城址,临涣城址,https://baike.baidu.com/view/4412673.htm,exact,,,,
6-0095-1-095,北苑御焙遗址,北苑御焙遗址,https://baike.baidu.com/view/11669115.htm,exact,,,,
6-0096-1-096,磁灶窑址,磁灶窑址,https://baike.baidu.com/view/2609666.htm,exact,,,,
6-0097-1-097,德济门遗址,德济门遗址,https://baike.baidu.com/view/3927730.htm,exact,德济门遗址,https://zh.wikipedia.org/wiki/%E5%BE%B7%E6%B5%8E%E9%97%A8%E9%81%97%E5%9D%80,exact,
6-0098-1-098,南胜窑址,南胜窑址,https://baike.baidu.com/view/4448413.htm,exact,,,,
6-0099-1-099,樊城堆遗址,樊城堆遗址,https://baike.baidu.com/view/592624.htm,exact,樊城堆遗址,https://zh.wikipedia.org/wiki/%E6%A8%8A%E5%9F%8E%E5%A0%86%E9%81%97%E5%9D%80,exact,
6-0100-1-100,牛头城址,牛头城址,https://baike.baidu.com/view/1497365.htm,exact,牛头城址,https://zh.wikipedia.org/wiki/%E7%89%9B%E5%A4%B4%E5%9F%8E%E5%9D%80,exact,
6-0101-1-101,白口城址,白口城址,https://baike.baidu.com/view/3927760.htm,exact,白口城址,https://zh.wikipedia.org/wiki/%E7%99%BD%E5%8F%A3%E5%9F%8E%E5%9D%80,exact,
6-0102-1-102,李渡烧酒作坊遗址,李渡烧酒作坊遗址,https://baike.baidu.com/view/77707.htm,exact,李渡烧酒作坊遗址,https://zh.wikipedia.org/wiki/%E6%9D%8E%E6%B8%A1%E7%83%A7%E9%85%92%E4%BD%9C%E5%9D%8A%E9%81%97%E5%9D%80,exact,
6-0103-1-103,御窑厂窑址,御窑厂窑址,https://baike.baidu.com/view/4440069.htm,exact,,,,
6-0104-1-104,沂源猿人遗址,沂源猿人遗址,https://baike.baidu.com/view/996082.htm,exact,,,,
6-0105-1-105,北辛遗址,北辛遗址,https://baike.baidu.com/view/482731.htm,exact,北辛遗址,https://zh.wikipedia.org/wiki/%E5%8C%97%E8%BE%9B%E9%81%97%E5%9D%80,exact,
6-0106-1-106,王因遗址,王因遗址,https://baike.baidu.com/view/489544.htm,exact,王因遗址,https://zh.wikipedia.org/wiki/%E7%8E%8B%E5%9B%A0%E9%81%97%E5%9D%80,exact,
6-0107-1-107,贾柏遗址,贾柏遗址,https://baike.baidu.com/view/3797344.htm,exact,,,,
6-0108-1-108,小荆山遗址,小荆山遗址,https://baike.baidu.com/view/828419.htm,exact,小荆山遗址,https://zh.wikipedia.org/wiki/%E5%B0%8F%E8%8D%86%E5%B1%B1%E9%81%97%E5%9D%80,exact,
6-0109-1-109,东岳石遗址,东岳石遗址,https://baike.baidu.com/view/509934.htm,exact,东岳石遗址,https://zh.wikipedia.org/wiki/%E4%B8%9C%E5%B2%B3%E7%9F%B3%E9%81%97%E5%9D%80,exact,
6-0110-1-110,白石村遗址,白石村遗址,https://baike.baidu.com/view/334697.htm,exact,白石村遗址,https://zh.wikipedia.org/wiki/%E7%99%BD%E7%9F%B3%E6%9D%91%E9%81%97%E5%9D%80,exact,
6-0111-1-111,两城镇遗址,两城镇遗址,https://baike.baidu.com/view/150762.htm,exact,两城镇遗址,https://zh.wikipedia.org/wiki/%E4%B8%A4%E5%9F%8E%E9%95%87%E9%81%97%E5%9D%80,exact,
6-0112-1-112,尧王城遗址,尧王城遗址,https://baike.baidu.com/view/1904174.htm,exact,,,,
6-0113-1-113,东海峪遗址,东海峪遗址,https://baike.baidu.com/view/1265534.htm,exact,,,,
6-0114-1-114,后李遗址,后李遗址,https://baike.baidu.com/view/4085502.htm,exact,,,,
6-0115-1-115,三里河遗址,三里河遗址,https://baike.baidu.com/view/980284.htm,exact,三里河遗址,https://zh.wikipedia.org/wiki/%E4%B8%89%E9%87%8C%E6%B2%B3%E9%81%97%E5%9D%80,exact,
6-0116-1-116,傅家遗址,傅家遗址,https://baike.baidu.com/view/839966.htm,exact,,,,
6-0117-1-117,教场铺遗址,教场铺遗址,https://baike.baidu.com/view/758863.htm,exact,,,,
6-0118-1-118,归城城址,归城城址,https://baike.baidu.com/view/4433989.htm,exact,归城城址,https://zh.wikipedia.org/wiki/%E5%BD%92%E5%9F%8E%E5%9F%8E%E5%9D%80,exact,
6-0119-1-119,郯国故城,郯国故城,https://baike.baidu.com/view/1676039.htm,exact,,,,
6-0120-1-120,邾国故城,邾国故城,https://baike.baidu.com/view/159357.htm,exact,,,,
6-0121-1-121,偪阳故城,偪阳故城,https://baike.baidu.com/view/11823662.htm,exact,偪阳故城,https://zh.wikipedia.org/wiki/%E5%81%AA%E9%98%B3%E6%95%85%E5%9F%8E,exact,
6-0122-1-122,东平陵故城,东平陵故城,https://baike.baidu.com/view/967057.htm,exact,,,,
6-0123-1-123,中陈郝窑址,中陈郝窑址,https://baike.baidu.com/view/4433980.htm,exact,,,,
6-0124-1-124,龙华寺遗址,龙华寺遗址,https://baike.baidu.com/view/4433970.htm,exact,,,,
6-0125-1-125,寨里窑址,寨里窑址,https://baike.baidu.com/view/4085495.htm,exact,寨里窑址,https://zh.wikipedia.org/wiki/%E5%AF%A8%E9%87%8C%E7%AA%91%E5%9D%80,exact,
6-0126-1-126,织机洞遗址,织机洞遗址,https://baike.baidu.com/view/1240108.htm,exact,,,,
6-0127-1-127,杨台寺遗址,杨台寺遗址,https://baike.baidu.com/view/4401424.htm,exact,,,,
6-0128-1-128,瓦店遗址,瓦店遗址,https://baike.baidu.com/view/1363230.htm,exact,瓦店遗址,https://zh.wikipedia.org/wiki/%E7%93%A6%E5%BA%97%E9%81%97%E5%9D%80,exact,
6-0129-1-129,石固遗址,石固遗址,https://baike.baidu.com/view/4401467.htm,exact,石固遗址,https://zh.wikipedia.org/wiki/%E7%9F%B3%E5%9B%BA%E9%81%97%E5%9D%80,exact,
6-0130-1-130,郝家台遗址,郝家台遗址,https://baike.baidu.com/view/2443238.htm,exact,,,,
6-0131-1-131,王油坊遗址,王油坊遗址,https://baike.baidu.com/view/4401525.htm,exact,王油坊遗址,https://zh.wikipedia.org/wiki/%E7%8E%8B%E6%B2%B9%E5%9D%8A%E9%81%97%E5%9D%80,exact,
6-0132-1-132,李庄遗址,李庄遗址,https://baike.baidu.com/subview/4401748/4401748.htm,exact,李庄遗址,https://zh.wikipedia.org/wiki/%E6%9D%8E%E5%BA%84%E9%81%97%E5%9D%80,exact,
6-0133-1-133,王湾遗址,王湾遗址,https://baike.baidu.com/view/4401792.htm,exact,王湾遗址,https://zh.wikipedia.org/wiki/%E7%8E%8B%E6%B9%BE%E9%81%97%E5%9D%80,exact,
6-0134-1-134,鹿台岗遗址,鹿台岗遗址,https://baike.baidu.com/view/3110307.htm,exact,,,,
6-0135-1-135,新砦遗址,新砦遗址,https://baike.baidu.com/view/1428544.htm,exact,新砦遗址,https://zh.wikipedia.org/wiki/%E6%96%B0%E7%A0%A6%E9%81%97%E5%9D%80,exact,
6-0136-1-136,唐户遗址,唐户遗址,https://baike.baidu.com/view/835408.htm,exact,,,,
6-0137-1-137,蒲城店遗址,蒲城店遗址,https://baike.baidu.com/view/1365778.htm,exact,,,,
6-0138-1-138,大师姑城址,大师姑城址,https://baike.baidu.com/view/11823042.htm,exact,大师姑城址,https://zh.wikipedia.org/wiki/%E5%A4%A7%E5%B8%88%E5%A7%91%E5%9F%8E%E5%9D%80,exact,
6-0139-1-139,小双桥遗址,小双桥遗址,https://baike.baidu.com/view/4401928.htm,exact,小双桥遗址,https://zh.wikipedia.org/wiki/%E5%B0%8F%E5%8F%8C%E6%A1%A5%E9%81%97%E5%9D%80,exact,
6-0140-1-140,宋国故城,宋国故城,https://baike.baidu.com/view/4682836.htm,exact,宋国故城,https://zh.wikipedia.org/wiki/%E5%AE%8B%E5%9B%BD%E6%95%85%E5%9F%8E,exact,
6-0141-1-141,卫国故城,卫国故城,https://baike.baidu.com/subview/4401955/4401955.htm,exact,,,,
6-0142-1-142,黄国故城,黄国故城,https://baike.baidu.com/view/755920.htm,exact,,,,
6-0143-1-143,共城城址,共城城址,https://baike.baidu.com/view/10529949.htm,exact,,,,
6-0144-1-144,滑国故城,滑国故城,https://baike.baidu.com/view/4402106.htm,exact,,,,
6-0145-1-145,叶邑故城,叶邑故城,https://baike.baidu.com/view/11585248.htm,exact,,,,
6-0146-1-146,轵国故城,轵国故城,https://baike.baidu.com/view/8574094.htm,exact,,,,
6-0147-1-147,下河湾冶铁遗址,下河湾冶铁遗址,https://baike.baidu.com/view/4094461.htm,exact,,,,
6-0148-1-148,望城岗冶铁遗址,望城岗冶铁遗址,https://baike.baidu.com/view/4094473.htm,exact,望城岗冶铁遗址,https://zh.wikipedia.org/wiki/%E6%9C%9B%E5%9F%8E%E5%B2%97%E5%86%B6%E9%93%81%E9%81%97%E5%9D%80,exact,
6-0149-1-149,瓦房庄冶铁遗址,瓦房庄冶铁遗址,https://baike.baidu.com/view/4401399.htm,exact,瓦房庄冶铁遗址,https://zh.wikipedia.org/wiki/%E7%93%A6%E6%88%BF%E5%BA%84%E5%86%B6%E9%93%81%E9%81%97%E5%9D%80,exact,
6-0150-1-150,三杨庄遗址,三杨庄遗址,https://baike.baidu.com/view/107522.htm,exact,,,,
6-0151-1-151,山阳故城,山阳故城,https://baike.baidu.com/item/%E5%B1%B1%E9%98%B3%E6%95%85%E5%9F%8E,exact,山阳故城,https://zh.wikipedia.org/wiki/%E5%B1%B1%E9%98%B3%E6%95%85%E5%9F%8E,exact,
6-0152-1-152,段店窑址,段店窑址,https://baike.baidu.com/view/10529959.htm,exact,,,,
6-0153-1-153,大周封祀坛遗址,大周封祀坛遗址,https://baike.baidu.com/view/4094488.htm,exact,,,,
6-0154-1-154,扒村窑址,扒村窑址,https://baike.baidu.com/view/10529924.htm,exact,扒村窑址,https://zh.wikipedia.org/wiki/%E6%89%92%E6%9D%91%E7%AA%91%E5%9D%80,exact,
6-0155-1-155,当阳峪窑址,当阳峪窑址,https://baike.baidu.com/view/1373130.htm,exact,,,,
6-0156-1-156,张公巷窑址,张公巷窑址,https://baike.baidu.com/view/11593731.htm,exact,,,,
6-0157-1-157,建始直立人遗址,建始直立人遗址,https://baike.baidu.com/view/3999510.htm,exact,,,,
6-0158-1-158,马家垸遗址,马家垸遗址,https://baike.baidu.com/view/10620760.htm,exact,,,,
6-0159-1-159,陶家湖遗址,陶家湖遗址,https://baike.baidu.com/view/9164226.htm,exact,,,,
6-0160-1-160,鸡鸣城遗址,鸡鸣城遗址,https://baike.baidu.com/view/4227069.htm,exact,,,,
6-0161-1-161,邓国故址,邓国故址,https://baike.baidu.com/view/10620534.htm,exact,,,,
6-0162-1-162,施州城址,施州城址,https://baike.baidu.com/view/22273879.htm,exact,,,,
6-0163-1-163,唐崖土司城址,唐崖土司城址,https://baike.baidu.com/subview/4094501/4094501.htm,exact,唐崖土司城址,https://zh.wikipedia.org/wiki/%E5%94%90%E5%B4%96%E5%9C%9F%E5%8F%B8%E5%9F%8E%E5%9D%80,exact,
6-0164-1-164,容美土司遗址,容美土司遗址,https://baike.baidu.com/subview/4433820/4433820.htm,exact,容美土司遗址,https://zh.wikipedia.org/wiki/%E5%AE%B9%E7%BE%8E%E5%9C%9F%E5%8F%B8%E9%81%97%E5%9D%80,exact,
6-0165-1-165,高庙遗址,高庙遗址,https://baike.baidu.com/view/2820812.htm,exact,,,,
6-0166-1-166,炭河里遗址,炭河里遗址,https://baike.baidu.com/view/1342916.htm,exact,炭河里遗址,https://zh.wikipedia.org/wiki/%E7%82%AD%E6%B2%B3%E9%87%8C%E9%81%97%E5%9D%80,exact,
6-0167-1-167,舜帝庙遗址,舜帝庙遗址,https://baike.baidu.com/view/11802783.htm,exact,舜帝庙遗址,https://zh.wikipedia.org/wiki/%E8%88%9C%E5%B8%9D%E5%BA%99%E9%81%97%E5%9D%80,exact,
6-0168-1-168,宝镜湾遗址,宝镜湾遗址,https://baike.baidu.com/view/3210577.htm,exact,宝镜湾遗址,https://zh.wikipedia.org/wiki/%E5%AE%9D%E9%95%9C%E6%B9%BE%E9%81%97%E5%9D%80,exact,
6-0169-1-169,白莲洞遗址,白莲洞遗址,https://baike.baidu.com/view/3999414.htm,exact,白莲洞遗址,https://zh.wikipedia.org/wiki/%E7%99%BD%E8%8E%B2%E6%B4%9E%E9%81%97%E5%9D%80,exact,
6-0170-1-170,鲤鱼嘴遗址,鲤鱼嘴遗址,https://baike.baidu.com/view/3998669.htm,exact,,,,
6-0171-1-171,感驮岩遗址,感驮岩遗址,https://baike.baidu.com/view/4094532.htm,exact,感驮岩遗址,https://zh.wikipedia.org/wiki/%E6%84%9F%E9%A9%AE%E5%B2%A9%E9%81%97%E5%9D%80,exact,
6-0172-1-172,秦城遗址,秦城遗址,https://baike.baidu.com/subview/75867/18082135.htm,exact,秦城遗址,https://zh.wikipedia.org/wiki/%E7%A7%A6%E5%9F%8E%E9%81%97%E5%9D%80,exact,
6-0173-1-173,智城城址,智城城址,https://baike.baidu.com/view/10632828.htm,exact,智城城址,https://zh.wikipedia.org/wiki/%E6%99%BA%E5%9F%8E%E5%9F%8E%E5%9D%80,exact,
6-0174-1-174,甘泉岛遗址,甘泉岛遗址,https://baike.baidu.com/view/10298111.htm,exact,甘泉岛遗址,https://zh.wikipedia.org/wiki/%E7%94%98%E6%B3%89%E5%B2%9B%E9%81%97%E5%9D%80,exact,
6-0175-1-175,北礁沉船遗址,北礁沉船遗址,https://baike.baidu.com/view/11583407.htm,exact,北礁沉船遗址,https://zh.wikipedia.org/wiki/%E5%8C%97%E7%A4%81%E6%B2%89%E8%88%B9%E9%81%97%E5%9D%80,exact,
6-0176-1-176,儋州故城,儋州故城,https://baike.baidu.com/view/11824234.htm,exact,儋州故城,https://zh.wikipedia.org/wiki/%E5%84%8B%E5%B7%9E%E6%95%85%E5%9F%8E,exact,
6-0177-1-177,营盘山和姜维城遗址,营盘山和姜维城遗址,https://baike.baidu.com/view/10596615.htm,exact,营盘山和姜维城遗址,https://zh.wikipedia.org/wiki/%E8%90%A5%E7%9B%98%E5%B1%B1%E5%92%8C%E5%A7%9C%E7%BB%B4%E5%9F%8E%E9%81%97%E5%9D%80,exact,
6-0178-1-178,金沙遗址,金沙遗址,https://baike.baidu.com/subview/61236/6579072.htm,exact,金沙遗址,https://zh.wikipedia.org/wiki/%E9%87%91%E6%B2%99%E9%81%97%E5%9D%80,exact,
6-0179-1-179,大洋堆遗址,大洋堆遗址,https://baike.baidu.com/view/2013670.htm,exact,,,,
6-0180-1-180,城坝遗址,城坝遗址,https://baike.baidu.com/view/3930194.htm,exact,,,,
6-0181-1-181,剑门蜀道遗址,剑门蜀道遗址,https://baike.baidu.com/view/10596534.htm,exact,,,,
6-0182-1-182,严道城址,严道城址,https://baike.baidu.com/view/5090288.htm,exact,,,,
6-0183-1-183,老君山硝洞遗址,老君山硝洞遗址,https://baike.baidu.com/view/5087903.htm,exact,,,,
6-0184-1-184,剑南春酒坊遗址,剑南春酒坊遗址,https://baike.baidu.com/view/9790898.htm,exact,剑南春酒坊遗址,https://zh.wikipedia.org/wiki/%E5%89%91%E5%8D%97%E6%98%A5%E9%85%92%E5%9D%8A%E9%81%97%E5%9D%80,exact,
6-0185-1-185,宁谷遗址,宁谷遗址,https://baike.baidu.com/view/858866.htm,exact,,,,
6-0186-1-186,万山汞矿遗址,万山汞矿遗址,https://baike.baidu.com/view/858873.htm,exact,,,,
6-0187-1-187,白羊村遗址,白羊村遗址,https://baike.baidu.com/view/448586.htm,exact,白羊村遗址,https://zh.wikipedia.org/wiki/%E7%99%BD%E7%BE%8A%E6%9D%91%E9%81%97%E5%9D%80,exact,
6-0188-1-188,𱛓𭖂图山城址,,,,𱛓𭖂图山城址,https://zh.wikipedia.org/wiki/%F0%B1%9B%93%F0%AD%96%82%E5%9B%BE%E5%B1%B1%E5%9F%8E%E5%9D%80,search-exact,
6-0189-1-189,龙岗寺遗址,龙岗寺遗址,https://baike.baidu.com/view/3069195.htm,exact,龙岗寺遗址,https://zh.wikipedia.org/wiki/%E9%BE%99%E5%B2%97%E5%AF%BA%E9%81%97%E5%9D%80,exact,
6-0190-1-190,石峁遗址,石峁遗址,https://baike.baidu.com/view/3984289.htm,exact,石峁遗址,https://zh.wikipedia.org/wiki/%E7%9F%B3%E5%B3%81%E9%81%97%E5%9D%80,exact,
6-0191-1-191,石摞摞山遗址,石摞摞山遗址,https://baike.baidu.com/view/1364544.htm,exact,,,,
6-0192-1-192,李家村遗址,李家村遗址,https://baike.baidu.com/view/782475.htm,exact,,,,
6-0193-1-193,北首岭遗址,北首岭遗址,https://baike.baidu.com/view/448705.htm,exact,北首岭遗址,https://zh.wikipedia.org/wiki/%E5%8C%97%E9%A6%96%E5%B2%AD%E9%81%97%E5%9D%80,exact,
6-0194-1-194,东龙山遗址,东龙山遗址,https://baike.baidu.com/view/492707.htm,exact,,,,
6-0195-1-195,横阵遗址,横阵遗址,https://baike.baidu.com/view/327204.htm,exact,,,,
6-0196-1-196,凤凰山遗址,凤凰山遗址,https://baike.baidu.com/subview/398870/398870.htm,exact,,,,
6-0197-1-197,李家崖城址,李家崖城址,https://baike.baidu.com/view/11521943.htm,exact,,,,
6-0198-1-198,梁带村遗址,梁带村遗址,https://baike.baidu.com/view/11602306.htm,exact,,,,
6-0199-1-199,杨家村遗址,杨家村遗址,https://baike.baidu.com/view/11600871.htm,exact,,,,
6-0200-1-200,法门寺遗址,法门寺遗址,https://baike.baidu.com/view/11605236.htm,exact,,,,
6-0201-1-201,麟州故城,麟州故城,https://baike.baidu.com/view/11624399.htm,exact,麟州故城,https://zh.wikipedia.org/wiki/%E9%BA%9F%E5%B7%9E%E6%95%85%E5%9F%8E,exact,
6-0202-1-202,林家遗址,林家遗址,https://baike.baidu.com/view/11601312.htm,exact,林家遗址,https://zh.wikipedia.org/wiki/%E6%9E%97%E5%AE%B6%E9%81%97%E5%9D%80,exact,
6-0203-1-203,牛门洞遗址,牛门洞遗址,https://baike.baidu.com/view/3984318.htm,exact,牛门洞遗址,https://zh.wikipedia.org/wiki/%E7%89%9B%E9%97%A8%E6%B4%9E%E9%81%97%E5%9D%80,exact,
6-0204-1-204,寺洼遗址,寺洼遗址,https://baike.baidu.com/view/3984327.htm,exact,,,,
6-0205-1-205,西河滩遗址,西河滩遗址,https://baike.baidu.com/subview/9208187/9223427.htm,exact,,,,
6-0206-1-206,火烧沟遗址,火烧沟遗址,https://baike.baidu.com/view/1054411.htm,exact,火烧沟遗址,https://zh.wikipedia.org/wiki/%E7%81%AB%E7%83%A7%E6%B2%9F%E9%81%97%E5%9D%80,exact,
6-0207-1-207,破城子遗址,破城子遗址,https://baike.baidu.com/subview/4122436/4122436.htm,exact,破城子遗址,https://zh.wikipedia.org/wiki/%E7%A0%B4%E5%9F%8E%E5%AD%90%E9%81%97%E5%9D%80,exact,
6-0208-1-208,八卦营城址,八卦营城址,https://baike.baidu.com/view/10507635.htm,exact,八卦营城址,https://zh.wikipedia.org/wiki/%E5%85%AB%E5%8D%A6%E8%90%A5%E5%9F%8E%E5%9D%80,exact,
6-0209-1-209,八角城城址,八角城城址,https://baike.baidu.com/view/10200330.htm,exact,八角城城址,https://zh.wikipedia.org/wiki/%E5%85%AB%E8%A7%92%E5%9F%8E%E5%9F%8E%E5%9D%80,exact,
6-0210-1-210,永泰城址,永泰城址,https://baike.baidu.com/view/10200315.htm,exact,永泰城址,https://zh.wikipedia.org/wiki/%E6%B0%B8%E6%B3%B0%E5%9F%8E%E5%9D%80,exact,
6-0211-1-211,柳湾遗址,柳湾遗址,https://baike.baidu.com/view/575488.htm,exact,柳湾遗址,https://zh.wikipedia.org/wiki/%E6%9F%B3%E6%B9%BE%E9%81%97%E5%9D%80,exact,
6-0212-1-212,沈那遗址,沈那遗址,https://baike.baidu.com/view/129714.htm,exact,,,,
6-0213-1-213,鸽子山遗址,鸽子山遗址,https://baike.baidu.com/view/11624298.htm,exact,鸽子山遗址,https://zh.wikipedia.org/wiki/%E9%B8%BD%E5%AD%90%E5%B1%B1%E9%81%97%E5%9D%80,exact,
6-0214-1-214,菜园遗址,菜园遗址,https://baike.baidu.com/item/%E8%8F%9C%E5%9B%AD%E9%81%97%E5%9D%80,exact,菜园遗址,https://zh.wikipedia.org/wiki/%E8%8F%9C%E5%9B%AD%E9%81%97%E5%9D%80,exact,
6-0215-1-215,照壁山铜矿遗址,照壁山铜矿遗址,https://baike.baidu.com/view/4953158.htm,exact,照壁山铜矿遗址,https://zh.wikipedia.org/wiki/%E7%85%A7%E5%A3%81%E5%B1%B1%E9%93%9C%E7%9F%BF%E9%81%97%E5%9D%80,exact,
6-0216-1-216,灵武窑址,灵武窑址,https://baike.baidu.com/view/3982777.htm,exact,灵武窑址,https://zh.wikipedia.org/wiki/%E7%81%B5%E6%AD%A6%E7%AA%91%E5%9D%80,exact,
6-0217-1-217,张家场城址,张家场城址,https://baike.baidu.com/view/11507586.htm,exact,张家场城址,https://zh.wikipedia.org/wiki/%E5%BC%A0%E5%AE%B6%E5%9C%BA%E5%9F%8E%E5%9D%80,exact,
6-0218-1-218,丹丹乌里克遗址,丹丹乌里克遗址,https://baike.baidu.com/view/3982504.htm,exact,丹丹乌里克遗址,https://zh.wikipedia.org/wiki/%E4%B8%B9%E4%B8%B9%E4%B9%8C%E9%87%8C%E5%85%8B%E9%81%97%E5%9D%80,exact,
6-0219-1-219,麻扎塔格戍堡址,麻扎塔格戍堡址,https://baike.baidu.com/view/11624516.htm,exact,,,,
6-0220-1-220,通古斯巴西城址,通古斯巴西城址,https://baike.baidu.com/view/11802994.htm,exact,,,,
6-0221-2-001,金陵,金陵,https://baike.baidu.com/subview/76027/11093865.htm,exact,,,,
6-0222-2-002,利玛窦和外国传教士墓地,利玛窦和外国传教士墓地,https://baike.baidu.com/view/1435253.htm,exact,,,,
6-0223-2-003,袁崇焕墓和祠,,,,袁崇焕纪念馆,https://zh.wikipedia.org/wiki/%E8%A2%81%E5%B4%87%E7%84%95%E7%BA%AA%E5%BF%B5%E9%A6%86,manual,袁崇焕祠、墓和庙 | https://baike.baidu.com/item/%E8%A2%81%E5%B4%87%E7%84%95%E7%A5%A0%E3%80%81%E5%A2%93%E5%92%8C%E5%BA%99 | different-title
6-0224-2-004,邢国墓地,邢国墓地,https://baike.baidu.com/view/4210850.htm,exact,,,,
6-0225-2-005,所药村壁画墓,所药村壁画墓,https://baike.baidu.com/view/3161488.htm,exact,所药村壁画墓,https://zh.wikipedia.org/wiki/%E6%89%80%E8%8D%AF%E6%9D%91%E5%A3%81%E7%94%BB%E5%A2%93,exact,
6-0226-2-006,隆尧唐祖陵,隆尧唐祖陵,https://baike.baidu.com/view/3154052.htm,exact,,,,
6-0227-2-007,张柔墓,张柔墓,https://baike.baidu.com/view/2852558.htm,exact,张柔墓,https://zh.wikipedia.org/wiki/%E5%BC%A0%E6%9F%94%E5%A2%93,exact,
6-0228-2-008,怡贤亲王墓,怡贤亲王墓,https://baike.baidu.com/view/3161476.htm,exact,怡贤亲王墓,https://zh.wikipedia.org/wiki/%E6%80%A1%E8%B4%A4%E4%BA%B2%E7%8E%8B%E5%A2%93,exact,
6-0229-2-009,纪晓岚墓地,纪晓岚墓地,https://baike.baidu.com/view/4408869.htm,exact,纪晓岚墓地,https://zh.wikipedia.org/wiki/%E7%BA%AA%E6%99%93%E5%B2%9A%E5%A2%93%E5%9C%B0,exact,
6-0230-2-010,崔家河墓群,崔家河墓群,https://baike.baidu.com/view/3154071.htm,exact,崔家河墓群,https://zh.wikipedia.org/wiki/%E5%B4%94%E5%AE%B6%E6%B2%B3%E5%A2%93%E7%BE%A4,exact,
6-0231-2-011,沙梁坡墓群,沙梁坡墓群,https://baike.baidu.com/view/4305122.htm,exact,沙梁坡墓群,https://zh.wikipedia.org/wiki/%E6%B2%99%E6%A2%81%E5%9D%A1%E5%A2%93%E7%BE%A4,exact,
6-0232-2-012,古城堡墓群,古城堡墓群,https://baike.baidu.com/view/4228036.htm,exact,古城堡墓群,https://zh.wikipedia.org/wiki/%E5%8F%A4%E5%9F%8E%E5%A0%A1%E5%A2%93%E7%BE%A4,exact,
6-0233-2-013,王家峰墓群,王家峰墓群,https://baike.baidu.com/view/3161486.htm,exact,王家峰墓群,https://zh.wikipedia.org/wiki/%E7%8E%8B%E5%AE%B6%E5%B3%B0%E5%A2%93%E7%BE%A4,exact,
6-0234-2-014,什贴墓群,什贴墓群,https://baike.baidu.com/view/2015582.htm,exact,什贴墓群,https://zh.wikipedia.org/wiki/%E4%BB%80%E8%B4%B4%E5%A2%93%E7%BE%A4,exact,
6-0235-2-015,栗毓美墓,栗毓美墓,https://baike.baidu.com/view/4128173.htm,exact,栗毓美墓,https://zh.wikipedia.org/wiki/%E6%A0%97%E6%AF%93%E7%BE%8E%E5%A2%93,exact,
6-0236-2-016,扎赉诺尔墓群,扎赉诺尔墓群,https://baike.baidu.com/view/3154246.htm,exact,,,,
6-0237-2-017,王昭君墓,王昭君墓,https://baike.baidu.com/view/4448533.htm,exact,,,,
6-0238-2-018,韩匡嗣家族墓地,韩匡嗣家族墓地,https://baike.baidu.com/view/3154093.htm,exact,,,,
6-0239-2-019,吐尔基山墓,吐尔基山墓,https://baike.baidu.com/view/4448518.htm,exact,吐尔基山墓,https://zh.wikipedia.org/wiki/%E5%90%90%E5%B0%94%E5%9F%BA%E5%B1%B1%E5%A2%93,exact,
6-0240-2-020,萧氏家族墓,萧氏家族墓,https://baike.baidu.com/item/%E8%90%A7%E6%B0%8F%E5%AE%B6%E6%97%8F%E5%A2%93,exact,,,,
6-0241-2-021,张应瑞家族墓地,张应瑞家族墓地,https://baike.baidu.com/view/4227949.htm,exact,,,,
6-0242-2-022,袁台子墓,袁台子墓,https://baike.baidu.com/view/3154101.htm,exact,,,,
6-0243-2-023,冯素弗墓,冯素弗墓,https://baike.baidu.com/view/1007982.htm,exact,,,,
6-0244-2-024,辉发河上游石棚墓,辉发河上游石棚墓,https://baike.baidu.com/view/3154197.htm,exact,,,,
6-0245-2-025,刀背山墓地,刀背山墓地,https://baike.baidu.com/view/3161483.htm,exact,刀背山墓地,https://zh.wikipedia.org/wiki/%E5%88%80%E8%83%8C%E5%B1%B1%E5%A2%93%E5%9C%B0,exact,
6-0246-2-026,鸿山墓群,鸿山墓群,https://baike.baidu.com/view/3154115.htm,exact,,,,
6-0247-2-027,徐州墓群,徐州墓群,https://baike.baidu.com/view/3154171.htm,exact,徐州墓群,https://zh.wikipedia.org/wiki/%E5%BE%90%E5%B7%9E%E5%A2%93%E7%BE%A4,exact,
6-0248-2-028,象山王氏家族墓地,象山王氏家族墓地,https://baike.baidu.com/view/3154188.htm,exact,,,,
6-0249-2-029,东阳土墩墓群,东阳土墩墓群,https://baike.baidu.com/view/2739574.htm,exact,东阳土墩墓群,https://zh.wikipedia.org/wiki/%E4%B8%9C%E9%98%B3%E5%9C%9F%E5%A2%A9%E5%A2%93%E7%BE%A4,exact,
6-0250-2-030,高氏家族墓地,高氏家族墓地,https://baike.baidu.com/view/2728526.htm,exact,,,,
6-0251-2-031,于谦墓,于谦墓,https://baike.baidu.com/view/650749.htm,exact,于谦墓,https://zh.wikipedia.org/wiki/%E4%BA%8E%E8%B0%A6%E5%A2%93,exact,
6-0252-2-032,李白墓,李白墓,https://baike.baidu.com/subview/44048/19621744.htm,exact,李白墓,https://zh.wikipedia.org/wiki/%E6%9D%8E%E7%99%BD%E5%A2%93,exact,
6-0253-2-033,武夷山崖墓群,武夷山崖墓群,https://baike.baidu.com/view/3220638.htm,exact,武夷山崖墓群,https://zh.wikipedia.org/wiki/%E6%AD%A6%E5%A4%B7%E5%B1%B1%E5%B4%96%E5%A2%93%E7%BE%A4,exact,
6-0254-2-034,朱熹墓,朱熹墓,https://baike.baidu.com/view/1621141.htm,exact,朱熹墓,https://zh.wikipedia.org/wiki/%E6%9C%B1%E7%86%B9%E5%A2%93,exact,
6-0255-2-035,朱轼墓,朱轼墓,https://baike.baidu.com/view/1463057.htm,exact,朱轼墓,https://zh.wikipedia.org/wiki/%E6%9C%B1%E8%BD%BC%E5%A2%93,exact,
6-0256-2-036,嘴子前墓群,嘴子前墓群,https://baike.baidu.com/view/3154268.htm,exact,,,,
6-0257-2-037,萧王庄墓群,萧王庄墓群,https://baike.baidu.com/view/3797307.htm,exact,,,,
6-0258-2-038,洗砚池墓群,洗砚池墓群,https://baike.baidu.com/view/4224559.htm,exact,,,,
6-0259-2-039,崔芬墓,崔芬墓,https://baike.baidu.com/view/4436832.htm,exact,崔芬墓,https://zh.wikipedia.org/wiki/%E5%B4%94%E8%8A%AC%E5%A2%93,exact,
6-0260-2-040,韩氏家族墓地,韩氏家族墓地,https://baike.baidu.com/view/1857739.htm,exact,,,,
6-0261-2-041,明鲁王墓,明鲁王墓,https://baike.baidu.com/view/4227532.htm,exact,明鲁王墓,https://zh.wikipedia.org/wiki/%E6%98%8E%E9%B2%81%E7%8E%8B%E5%A2%93,exact,
6-0262-2-042,应国墓地,应国墓地,https://baike.baidu.com/view/191894.htm,exact,应国墓地,https://zh.wikipedia.org/wiki/%E5%BA%94%E5%9B%BD%E5%A2%93%E5%9C%B0,exact,
6-0263-2-043,许慎墓,许慎墓,https://baike.baidu.com/view/983074.htm,exact,,,,
6-0264-2-044,韩愈墓,韩愈墓,https://baike.baidu.com/view/863536.htm,exact,,,,
6-0265-2-045,范仲淹墓,范仲淹墓,https://baike.baidu.com/view/172651.htm,exact,,,,
6-0266-2-046,欧阳修墓,欧阳修墓,https://baike.baidu.com/view/1277947.htm,exact,欧阳修墓,https://zh.wikipedia.org/wiki/%E6%AC%A7%E9%98%B3%E4%BF%AE%E5%A2%93,exact,
6-0267-2-047,李诫墓,李诫墓,https://baike.baidu.com/view/4233892.htm,exact,李诫墓,https://zh.wikipedia.org/wiki/%E6%9D%8E%E8%AF%AB%E5%A2%93,exact,
6-0268-2-048,青山墓群,青山墓群,https://baike.baidu.com/view/10620238.htm,exact,,,,
6-0269-2-049,九连墩墓群,九连墩墓群,https://baike.baidu.com/view/4233588.htm,exact,九连墩墓群,https://zh.wikipedia.org/wiki/%E4%B9%9D%E8%BF%9E%E5%A2%A9%E5%A2%93%E7%BE%A4,exact,
6-0270-2-050,关陵,关陵,https://baike.baidu.com/view/154641.htm,exact,关陵,https://zh.wikipedia.org/wiki/%E5%85%B3%E9%99%B5,exact,
6-0271-2-051,南汉二陵,南汉二陵,https://baike.baidu.com/subview/4227854/4227854.htm,exact,,,,
6-0272-2-052,藤桥墓群,藤桥墓群,https://baike.baidu.com/view/4242940.htm,exact,,,,
6-0273-2-053,凉山大石墓群,凉山大石墓群,https://baike.baidu.com/view/4233991.htm,exact,,,,
6-0274-2-054,瑞峰崖墓群,瑞峰崖墓群,https://baike.baidu.com/view/3641326.htm,exact,瑞峰崖墓群,https://zh.wikipedia.org/wiki/%E7%91%9E%E5%B3%B0%E5%B4%96%E5%A2%93%E7%BE%A4,exact,
6-0275-2-055,塔梁子崖墓群,塔梁子崖墓群,https://baike.baidu.com/view/1253269.htm,exact,塔梁子崖墓群,https://zh.wikipedia.org/wiki/%E5%A1%94%E6%A2%81%E5%AD%90%E5%B4%96%E5%A2%93%E7%BE%A4,exact,
6-0276-2-056,黄伞崖墓群,黄伞崖墓群,https://baike.baidu.com/view/4227605.htm,exact,,,,
6-0277-2-057,孟知祥墓,孟知祥墓,https://baike.baidu.com/view/985785.htm,exact,孟知祥墓,https://zh.wikipedia.org/wiki/%E5%AD%9F%E7%9F%A5%E7%A5%A5%E5%A2%93,exact,
6-0278-2-058,石城山崖墓群,石城山崖墓群,https://baike.baidu.com/view/4242650.htm,exact,石城山崖墓群,https://zh.wikipedia.org/wiki/%E7%9F%B3%E5%9F%8E%E5%B1%B1%E5%B4%96%E5%A2%93%E7%BE%A4,exact,
6-0279-2-059,泸县宋墓,泸县宋墓,https://baike.baidu.com/view/4235820.htm,exact,,,,
6-0280-2-060,交乐墓群,交乐墓群,https://baike.baidu.com/view/10584118.htm,exact,交乐墓群,https://zh.wikipedia.org/wiki/%E4%BA%A4%E4%B9%90%E5%A2%93%E7%BE%A4,exact,
6-0281-2-061,八塔台墓群,八塔台墓群,https://baike.baidu.com/view/1070339.htm,exact,八塔台墓群,https://zh.wikipedia.org/wiki/%E5%85%AB%E5%A1%94%E5%8F%B0%E5%A2%93%E7%BE%A4,exact,
6-0282-2-062,营盘村墓群,营盘村墓群,https://baike.baidu.com/view/1070334.htm,exact,,,,
6-0283-2-063,查木钦墓群,查木钦墓群,https://baike.baidu.com/view/4225379.htm,exact,查木钦墓群,https://zh.wikipedia.org/wiki/%E6%9F%A5%E6%9C%A8%E9%92%A6%E5%A2%93%E7%BE%A4,exact,
6-0284-2-064,秦东陵,秦东陵,https://baike.baidu.com/view/4236101.htm,exact,,,,
6-0285-2-065,张骞墓,张骞墓,https://baike.baidu.com/view/163167.htm,exact,张骞墓,https://zh.wikipedia.org/wiki/%E5%BC%A0%E9%AA%9E%E5%A2%93,exact,
6-0286-2-066,明秦王墓,明秦王墓,https://baike.baidu.com/view/4235949.htm,exact,明秦王墓,https://zh.wikipedia.org/wiki/%E6%98%8E%E7%A7%A6%E7%8E%8B%E5%A2%93,exact,
6-0287-2-067,蔡伦墓和祠,蔡伦墓和祠,https://baike.baidu.com/view/11619198.htm,exact,,,,
6-0288-2-068,明肃王墓,明肃王墓,https://baike.baidu.com/view/4122353.htm,exact,明肃王墓,https://zh.wikipedia.org/wiki/%E6%98%8E%E8%82%83%E7%8E%8B%E5%A2%93,exact,
6-0289-2-069,楼兰墓群,楼兰墓群,https://baike.baidu.com/view/11676818.htm,exact,楼兰墓群,https://zh.wikipedia.org/wiki/%E6%A5%BC%E5%85%B0%E5%A2%93%E7%BE%A4,exact,
6-0290-2-070,五堡墓群,五堡墓群,https://baike.baidu.com/view/3907144.htm,exact,,,,
6-0291-2-071,洋海墓群,洋海墓群,https://baike.baidu.com/view/7997743.htm,exact,洋海墓群,https://zh.wikipedia.org/wiki/%E6%B4%8B%E6%B5%B7%E5%A2%93%E7%BE%A4,exact,
6-0292-2-072,阿日夏特石人墓,阿日夏特石人墓,https://baike.baidu.com/view/6247148.htm,exact,,,,
6-0293-2-073,麻赫穆德·喀什噶里墓,麻赫穆德·喀什噶里墓,https://baike.baidu.com/view/442544.htm,exact,,,,
6-0294-2-074,速檀·歪思汗麻扎,速檀·歪思汗麻扎,https://baike.baidu.com/view/4242805.htm,exact,,,,
6-0295-2-075,叶尔羌汗国王陵,叶尔羌汗国王陵,https://baike.baidu.com/view/3979289.htm,exact,,,,
6-0296-2-076,艾比甫·艾洁木麻扎,艾比甫·艾洁木麻扎,https://baike.baidu.com/view/11506106.htm,exact,,,,
6-0297-2-077,哈密回王墓,哈密回王墓,https://baike.baidu.com/view/887977.htm,exact,哈密回王墓,https://zh.wikipedia.org/wiki/%E5%93%88%E5%AF%86%E5%9B%9E%E7%8E%8B%E5%A2%93,exact,
6-0298-3-001,承恩寺,承恩寺,https://baike.baidu.com/subview/444040/9387581.htm,exact,承恩寺,https://zh.wikipedia.org/wiki/%E6%89%BF%E6%81%A9%E5%AF%BA,exact,
6-0299-3-002,地坛,地坛,https://baike.baidu.com/subview/22323/22323.htm,exact,地坛,https://zh.wikipedia.org/wiki/%E5%9C%B0%E5%9D%9B,exact,
6-0300-3-003,德胜门箭楼,德胜门箭楼,https://baike.baidu.com/view/23230.htm,exact,,,,
6-0301-3-004,月坛,月坛,https://baike.baidu.com/subview/24114/24114.htm,exact,,,,
6-0302-3-005,中南海,中南海,https://baike.baidu.com/subview/16122/5614962.htm,exact,中南海,https://zh.wikipedia.org/wiki/%E4%B8%AD%E5%8D%97%E6%B5%B7,exact,
6-0303-3-006,大觉寺,大觉寺,https://baike.baidu.com/subview/22697/6032665.htm,exact,大觉寺,https://zh.wikipedia.org/wiki/%E5%A4%A7%E8%A7%89%E5%AF%BA,exact,
6-0304-3-007,日坛,日坛,https://baike.baidu.com/subview/22417/22417.htm,exact,,,,
6-0305-3-008,静明园,静明园,https://baike.baidu.com/view/442239.htm,exact,,,,
6-0306-3-009,健锐营演武厅,健锐营演武厅,https://baike.baidu.com/view/10748771.htm,exact,,,,
6-0307-3-010,万寿寺,万寿寺,https://baike.baidu.com/subview/88294/5896791.htm,exact,万寿寺,https://zh.wikipedia.org/wiki/%E4%B8%87%E5%AF%BF%E5%AF%BA,exact,
6-0308-3-011,关岳庙,关岳庙,https://baike.baidu.com/subview/178640/10903262.htm,exact,关岳庙,https://zh.wikipedia.org/wiki/%E5%85%B3%E5%B2%B3%E5%BA%99,exact,
6-0309-3-012,醇亲王府,醇亲王府,https://baike.baidu.com/view/174421.htm,exact,,,,
6-0310-3-013,广济寺,广济寺,https://baike.baidu.com/subview/23892/6927967.htm,exact,广济寺,https://zh.wikipedia.org/wiki/%E5%B9%BF%E6%B5%8E%E5%AF%BA,exact,
6-0311-3-014,柏林寺,柏林寺,https://baike.baidu.com/subview/327315/327315.htm,exact,,,,
6-0312-3-015,爨底下村古建筑群,爨底下村古建筑群,https://baike.baidu.com/view/1435231.htm,exact,,,,
6-0313-3-016,安徽会馆,安徽会馆,https://baike.baidu.com/subview/174332/8457260.htm,exact,安徽会馆,https://zh.wikipedia.org/wiki/%E5%AE%89%E5%BE%BD%E4%BC%9A%E9%A6%86,exact,
6-0314-3-017,报国寺,报国寺,https://baike.baidu.com/subview/23244/7917786.htm,exact,报国寺,https://zh.wikipedia.org/wiki/%E6%8A%A5%E5%9B%BD%E5%AF%BA,exact,
6-0315-3-018,石家大院,石家大院,https://baike.baidu.com/view/4203.htm,exact,,,,
6-0316-3-019,解村兴国寺塔,解村兴国寺塔,https://baike.baidu.com/view/4407852.htm,exact,,,,
6-0317-3-020,万寿寺塔林,万寿寺塔林,https://baike.baidu.com/view/4409038.htm,exact,万寿寺塔林,https://zh.wikipedia.org/wiki/%E4%B8%87%E5%AF%BF%E5%AF%BA%E5%A1%94%E6%9E%97,exact,
6-0318-3-021,宝云塔,宝云塔,https://baike.baidu.com/view/509874.htm,exact,宝云塔,https://zh.wikipedia.org/wiki/%E5%AE%9D%E4%BA%91%E5%A1%94,exact,
6-0319-3-022,修德寺塔,修德寺塔,https://baike.baidu.com/view/894077.htm,exact,修德寺塔,https://zh.wikipedia.org/wiki/%E4%BF%AE%E5%BE%B7%E5%AF%BA%E5%A1%94,exact,
6-0320-3-023,庆林寺塔,庆林寺塔,https://baike.baidu.com/view/100432.htm,exact,,,,
6-0321-3-024,静志寺塔基地宫,静志寺塔基地宫,https://baike.baidu.com/view/4407836.htm,exact,,,,
6-0322-3-025,净众院塔基地宫,净众院塔基地宫,https://baike.baidu.com/view/4407827.htm,exact,净众院塔基地宫,https://zh.wikipedia.org/wiki/%E5%87%80%E4%BC%97%E9%99%A2%E5%A1%94%E5%9F%BA%E5%9C%B0%E5%AE%AB,exact,
6-0323-3-026,天宫寺塔,天宫寺塔,https://baike.baidu.com/view/177218.htm,exact,天宫寺塔,https://zh.wikipedia.org/wiki/%E5%A4%A9%E5%AE%AB%E5%AF%BA%E5%A1%94,exact,
6-0324-3-027,圣塔院塔,圣塔院塔,https://baike.baidu.com/view/4407815.htm,exact,圣塔院塔,https://zh.wikipedia.org/wiki/%E5%9C%A3%E5%A1%94%E9%99%A2%E5%A1%94,exact,
6-0325-3-028,西岗塔,西岗塔,https://baike.baidu.com/view/1314576.htm,exact,,,,
6-0326-3-029,兴文塔,兴文塔,https://baike.baidu.com/item/%E5%85%B4%E6%96%87%E5%A1%94/56534375,exact,兴文塔,https://zh.wikipedia.org/wiki/%E5%85%B4%E6%96%87%E5%A1%94,exact,
6-0327-3-030,成汤庙山门,成汤庙山门,https://baike.baidu.com/view/4407804.htm,exact,成汤庙山门,https://zh.wikipedia.org/wiki/%E6%88%90%E6%B1%A4%E5%BA%99%E5%B1%B1%E9%97%A8,exact,
6-0328-3-031,柏林寺塔,柏林寺塔,https://baike.baidu.com/view/2995777.htm,exact,,,,
6-0329-3-032,正定府文庙,正定府文庙,https://baike.baidu.com/view/4407794.htm,exact,,,,
6-0330-3-033,井陉古驿道,井陉古驿道,https://baike.baidu.com/view/4407787.htm,exact,井陉古驿道,https://zh.wikipedia.org/wiki/%E4%BA%95%E9%99%89%E5%8F%A4%E9%A9%BF%E9%81%93,exact,
6-0331-3-034,扁鹊庙,扁鹊庙,https://baike.baidu.com/subview/15787/13212179.htm,exact,扁鹊庙,https://zh.wikipedia.org/wiki/%E6%89%81%E9%B9%8A%E5%BA%99,exact,
6-0332-3-035,永济桥,永济桥,https://baike.baidu.com/subview/182340/6040309.htm,exact,,,,
6-0333-3-036,西古堡,西古堡,https://baike.baidu.com/view/4408995.htm,exact,,,,
6-0334-3-037,福庆寺,福庆寺,https://baike.baidu.com/subview/1102657/8899528.htm,exact,,,,
6-0335-3-038,时恩寺,时恩寺,https://baike.baidu.com/view/4407773.htm,exact,,,,
6-0336-3-039,寿峰寺,寿峰寺,https://baike.baidu.com/item/%E5%AF%BF%E5%B3%B0%E5%AF%BA/61142445,exact,寿峰寺,https://zh.wikipedia.org/wiki/%E5%AF%BF%E5%B3%B0%E5%AF%BA,exact,
6-0337-3-040,暖泉华严寺,暖泉华严寺,https://baike.baidu.com/view/417577.htm,exact,,,,
6-0338-3-041,真武庙,真武庙,https://baike.baidu.com/subview/172427/10849415.htm,exact,,,,
6-0339-3-042,常平仓,常平仓,https://baike.baidu.com/view/58401.htm,exact,常平仓,https://zh.wikipedia.org/wiki/%E5%B8%B8%E5%B9%B3%E4%BB%93,exact,
6-0340-3-043,蔚州灵岩寺,蔚州灵岩寺,https://baike.baidu.com/view/4407756.htm,exact,,,,
6-0341-3-044,单桥,单桥,https://baike.baidu.com/subview/236760/16083773.htm,exact,单桥,https://zh.wikipedia.org/wiki/%E5%8D%95%E6%A1%A5,exact,
6-0342-3-045,弘济桥,弘济桥,https://baike.baidu.com/subview/144258/8214451.htm,exact,弘济桥,https://zh.wikipedia.org/wiki/%E5%BC%98%E6%B5%8E%E6%A1%A5,exact,
6-0343-3-046,永年城,永年城,https://baike.baidu.com/view/1019325.htm,exact,,,,
6-0344-3-047,纸坊玉皇阁,纸坊玉皇阁,https://baike.baidu.com/view/4407745.htm,exact,,,,
6-0345-3-048,大道观玉皇殿,大道观玉皇殿,https://baike.baidu.com/view/4409291.htm,exact,大道观玉皇殿,https://zh.wikipedia.org/wiki/%E5%A4%A7%E9%81%93%E8%A7%82%E7%8E%89%E7%9A%87%E6%AE%BF,exact,
6-0346-3-049,邢台开元寺,邢台开元寺,https://baike.baidu.com/view/431193.htm,exact,,,,
6-0347-3-050,伍仁桥,伍仁桥,https://baike.baidu.com/view/1516931.htm,exact,伍仁桥,https://zh.wikipedia.org/wiki/%E4%BC%8D%E4%BB%81%E6%A1%A5,exact,
6-0348-3-051,万全右卫城,万全右卫城,https://baike.baidu.com/view/4407728.htm,exact,万全右卫城,https://zh.wikipedia.org/wiki/%E4%B8%87%E5%85%A8%E5%8F%B3%E5%8D%AB%E5%9F%8E,exact,
6-0349-3-052,洗马林玉皇阁,洗马林玉皇阁,https://baike.baidu.com/view/4407722.htm,exact,,,,
6-0350-3-053,金门闸,金门闸,https://baike.baidu.com/view/962910.htm,exact,,,,
6-0351-3-054,大慈阁,大慈阁,https://baike.baidu.com/view/342146.htm,exact,大慈阁,https://zh.wikipedia.org/wiki/%E5%A4%A7%E6%85%88%E9%98%81,exact,
6-0352-3-055,承德城隍庙,承德城隍庙,https://baike.baidu.com/view/11596255.htm,exact,承德城隍庙,https://zh.wikipedia.org/wiki/%E6%89%BF%E5%BE%B7%E5%9F%8E%E9%9A%8D%E5%BA%99,exact,
6-0353-3-056,普佑寺,普佑寺,https://baike.baidu.com/subview/414801/414801.htm,exact,,,,
6-0354-3-057,净觉寺,净觉寺,https://baike.baidu.com/subview/68551/5736143.htm,exact,净觉寺,https://zh.wikipedia.org/wiki/%E5%87%80%E8%A7%89%E5%AF%BA,exact,
6-0355-3-058,老君洞,老君洞,https://baike.baidu.com/subview/138865/5943427.htm,exact,,,,
6-0356-3-059,卦山天宁寺,卦山天宁寺,https://baike.baidu.com/view/857927.htm,exact,,,,
6-0357-3-060,下交汤帝庙,下交汤帝庙,https://baike.baidu.com/view/2015655.htm,exact,下交汤帝庙,https://zh.wikipedia.org/wiki/%E4%B8%8B%E4%BA%A4%E6%B1%A4%E5%B8%9D%E5%BA%99,exact,
6-0358-3-061,普光寺,,,,普光寺,https://zh.wikipedia.org/wiki/%E6%99%AE%E5%85%89%E5%AF%BA,search-exact,普光禅寺古建筑群 | https://baike.baidu.com/item/%E6%99%AE%E5%85%89%E7%A6%85%E5%AF%BA%E5%8F%A4%E5%BB%BA%E7%AD%91%E7%BE%A4 | different-title
6-0359-3-062,金洞寺,金洞寺,https://baike.baidu.com/view/4536391.htm,exact,,,,
6-0360-3-063,安禅寺,安禅寺,https://baike.baidu.com/view/4440213.htm,exact,安禅寺,https://zh.wikipedia.org/wiki/%E5%AE%89%E7%A6%85%E5%AF%BA,exact,
6-0361-3-064,无边寺,无边寺,https://baike.baidu.com/view/446953.htm,exact,无边寺,https://zh.wikipedia.org/wiki/%E6%97%A0%E8%BE%B9%E5%AF%BA,exact,
6-0362-3-065,狐突庙,狐突庙,https://baike.baidu.com/view/2281741.htm,exact,,,,
6-0363-3-066,北义城玉皇庙,北义城玉皇庙,https://baike.baidu.com/view/11818557.htm,exact,北义城玉皇庙,https://zh.wikipedia.org/wiki/%E5%8C%97%E4%B9%89%E5%9F%8E%E7%8E%89%E7%9A%87%E5%BA%99,exact,
6-0364-3-067,周村东岳庙,周村东岳庙,https://baike.baidu.com/view/1703206.htm,exact,周村东岳庙,https://zh.wikipedia.org/wiki/%E5%91%A8%E6%9D%91%E4%B8%9C%E5%B2%B3%E5%BA%99,exact,
6-0365-3-068,张壁古堡,张壁古堡,https://baike.baidu.com/subview/5144/5144.htm,exact,张壁古堡,https://zh.wikipedia.org/wiki/%E5%BC%A0%E5%A3%81%E5%8F%A4%E5%A0%A1,exact,
6-0366-3-069,佛头寺,佛头寺,https://baike.baidu.com/view/11820955.htm,exact,佛头寺,https://zh.wikipedia.org/wiki/%E4%BD%9B%E5%A4%B4%E5%AF%BA,exact,
6-0367-3-070,兴梵寺,兴梵寺,https://baike.baidu.com/view/11379496.htm,exact,兴梵寺,https://zh.wikipedia.org/wiki/%E5%85%B4%E6%A2%B5%E5%AF%BA,exact,
6-0368-3-071,定襄关王庙,定襄关王庙,https://baike.baidu.com/view/2111645.htm,exact,定襄关王庙,https://zh.wikipedia.org/wiki/%E5%AE%9A%E8%A5%84%E5%85%B3%E7%8E%8B%E5%BA%99,exact,
6-0369-3-072,妙道寺双塔,妙道寺双塔,https://baike.baidu.com/view/356118.htm,exact,妙道寺双塔,https://zh.wikipedia.org/wiki/%E5%A6%99%E9%81%93%E5%AF%BA%E5%8F%8C%E5%A1%94,exact,
6-0370-3-073,禅房寺塔,禅房寺塔,https://baike.baidu.com/view/1803304.htm,exact,,,,
6-0371-3-074,开福寺,开福寺,https://baike.baidu.com/subview/140346/9691012.htm,exact,开福寺,https://zh.wikipedia.org/wiki/%E5%BC%80%E7%A6%8F%E5%AF%BA,exact,
6-0372-3-075,白台寺,白台寺,https://baike.baidu.com/view/1503048.htm,exact,,,,
6-0373-3-076,灵泽王庙,灵泽王庙,https://baike.baidu.com/view/2015683.htm,exact,,,,
6-0374-3-077,西李门二仙庙,西李门二仙庙,https://baike.baidu.com/view/11620317.htm,exact,,,,
6-0375-3-078,润城东岳庙,润城东岳庙,https://baike.baidu.com/view/2119822.htm,exact,,,,
6-0376-3-079,玉泉东岳庙,玉泉东岳庙,https://baike.baidu.com/view/2119848.htm,exact,,,,
6-0377-3-080,石掌玉皇庙,石掌玉皇庙,https://baike.baidu.com/view/2015693.htm,exact,,,,
6-0378-3-081,东邑龙王庙,东邑龙王庙,https://baike.baidu.com/view/11579054.htm,exact,东邑龙王庙,https://zh.wikipedia.org/wiki/%E4%B8%9C%E9%82%91%E9%BE%99%E7%8E%8B%E5%BA%99,exact,
6-0379-3-082,乡宁寿圣寺,乡宁寿圣寺,https://baike.baidu.com/view/2020840.htm,exact,,,,
6-0380-3-083,净因寺,净因寺,https://baike.baidu.com/subview/262903/14539583.htm,exact,净因寺,https://zh.wikipedia.org/wiki/%E5%87%80%E5%9B%A0%E5%AF%BA,exact,
6-0381-3-084,延庆寺,延庆寺,https://baike.baidu.com/item/%E5%BB%B6%E5%BA%86%E5%AF%BA/23762534,exact,,,,
6-0382-3-085,中坪二仙宫,中坪二仙宫,https://baike.baidu.com/item/%E4%B8%AD%E5%9D%AA%E4%BA%8C%E4%BB%99%E5%AE%AB,exact,中坪二仙宫,https://zh.wikipedia.org/wiki/%E4%B8%AD%E5%9D%AA%E4%BA%8C%E4%BB%99%E5%AE%AB,exact,
6-0383-3-086,三圣寺,三圣寺,https://baike.baidu.com/subview/871181/6092357.htm,exact,三圣寺,https://zh.wikipedia.org/wiki/%E4%B8%89%E5%9C%A3%E5%AF%BA,exact,
6-0384-3-087,汾城古建筑群,汾城古建筑群,https://baike.baidu.com/view/2015651.htm,exact,,,,
6-0385-3-088,福祥寺,福祥寺,https://baike.baidu.com/item/%E7%A6%8F%E7%A5%A5%E5%AF%BA/20797651,exact,,,,
6-0386-3-089,白玉宫,白玉宫,https://baike.baidu.com/view/2015688.htm,exact,,,,
6-0387-3-090,二郎庙,二郎庙,https://baike.baidu.com/item/%E4%BA%8C%E9%83%8E%E5%BA%99/22374489,exact,二郎庙,https://zh.wikipedia.org/wiki/%E4%BA%8C%E9%83%8E%E5%BA%99,exact,
6-0388-3-091,真圣寺,真圣寺,https://baike.baidu.com/view/11418866.htm,exact,,,,
6-0389-3-092,清源文庙,清源文庙,https://baike.baidu.com/view/8663364.htm,exact,,,,
6-0390-3-093,南神头二仙庙,南神头二仙庙,https://baike.baidu.com/view/2203357.htm,exact,南神头二仙庙,https://zh.wikipedia.org/wiki/%E5%8D%97%E7%A5%9E%E5%A4%B4%E4%BA%8C%E4%BB%99%E5%BA%99,exact,
6-0391-3-094,寺润三教堂,寺润三教堂,https://baike.baidu.com/view/2119832.htm,exact,寺润三教堂,https://zh.wikipedia.org/wiki/%E5%AF%BA%E6%B6%A6%E4%B8%89%E6%95%99%E5%A0%82,exact,
6-0392-3-095,三圣瑞现塔,三圣瑞现塔,https://baike.baidu.com/view/2119842.htm,exact,三圣瑞现塔,https://zh.wikipedia.org/wiki/%E4%B8%89%E5%9C%A3%E7%91%9E%E7%8E%B0%E5%A1%94,exact,
6-0393-3-096,回龙寺,回龙寺,https://baike.baidu.com/subview/1012881/6085927.htm,exact,回龙寺,https://zh.wikipedia.org/wiki/%E5%9B%9E%E9%BE%99%E5%AF%BA,exact,
6-0394-3-097,普照寺大殿,普照寺大殿,https://baike.baidu.com/view/9270876.htm,exact,,,,
6-0395-3-098,昭泽王庙,昭泽王庙,https://baike.baidu.com/item/%E6%98%AD%E6%B3%BD%E7%8E%8B%E5%BA%99,exact,,,,
6-0396-3-099,天王寺,天王寺,https://baike.baidu.com/subview/900141/6094038.htm,exact,天王寺,https://zh.wikipedia.org/wiki/%E5%A4%A9%E7%8E%8B%E5%AF%BA,exact,
6-0397-3-100,不二寺,不二寺,https://baike.baidu.com/view/262342.htm,exact,不二寺,https://zh.wikipedia.org/wiki/%E4%B8%8D%E4%BA%8C%E5%AF%BA,exact,
6-0398-3-101,净土寺,净土寺,https://baike.baidu.com/subview/158818/5733503.htm,exact,,,,
6-0399-3-102,义居寺,义居寺,https://baike.baidu.com/view/1251466.htm,exact,义居寺,https://zh.wikipedia.org/wiki/%E4%B9%89%E5%B1%85%E5%AF%BA,exact,
6-0400-3-103,舜帝陵庙,舜帝陵庙,https://baike.baidu.com/subview/1744596/1744596.htm,exact,,,,
6-0401-3-104,崇圣寺,崇圣寺,https://baike.baidu.com/subview/80808/9249864.htm,exact,崇圣寺,https://zh.wikipedia.org/wiki/%E5%B4%87%E5%9C%A3%E5%AF%BA,exact,
6-0402-3-105,崇安寺,崇安寺,https://baike.baidu.com/subview/442273/11009860.htm,exact,,,,
6-0403-3-106,东羊后土庙,东羊后土庙,https://baike.baidu.com/view/2020811.htm,exact,东羊后土庙,https://zh.wikipedia.org/wiki/%E4%B8%9C%E7%BE%8A%E5%90%8E%E5%9C%9F%E5%BA%99,exact,
6-0404-3-107,府君庙,府君庙,https://baike.baidu.com/item/%E5%BA%9C%E5%90%9B%E5%BA%99/49808712,exact,,,,
6-0405-3-108,坡头泰山庙,坡头泰山庙,https://baike.baidu.com/view/2020788.htm,exact,坡头泰山庙,https://zh.wikipedia.org/wiki/%E5%9D%A1%E5%A4%B4%E6%B3%B0%E5%B1%B1%E5%BA%99,exact,
6-0406-3-109,懿济圣母庙,懿济圣母庙,https://baike.baidu.com/view/4674310.htm,exact,,,,
6-0407-3-110,清虚观,清虚观,https://baike.baidu.com/subview/444576/16405009.htm,exact,,,,
6-0408-3-111,汾阳五岳庙,汾阳五岳庙,https://baike.baidu.com/view/2020795.htm,exact,,,,
6-0409-3-112,清梦观,清梦观,https://baike.baidu.com/view/10748268.htm,exact,,,,
6-0410-3-113,大阳汤帝庙,大阳汤帝庙,https://baike.baidu.com/view/1703208.htm,exact,大阳汤帝庙,https://zh.wikipedia.org/wiki/%E5%A4%A7%E9%98%B3%E6%B1%A4%E5%B8%9D%E5%BA%99,exact,
6-0411-3-114,霍州观音庙,霍州观音庙,https://baike.baidu.com/view/2015645.htm,exact,,,,
6-0412-3-115,回銮寺,回銮寺,https://baike.baidu.com/view/1899233.htm,exact,回銮寺,https://zh.wikipedia.org/wiki/%E5%9B%9E%E9%8A%AE%E5%AF%BA,exact,
6-0413-3-116,夏禹神祠,夏禹神祠,https://baike.baidu.com/view/2015657.htm,exact,夏禹神祠,https://zh.wikipedia.org/wiki/%E5%A4%8F%E7%A6%B9%E7%A5%9E%E7%A5%A0,exact,
6-0414-3-117,金庄文庙,金庄文庙,https://baike.baidu.com/view/7805311.htm,exact,,,,
6-0415-3-118,乔沟头玉皇庙,乔沟头玉皇庙,https://baike.baidu.com/view/11694459.htm,exact,乔沟头玉皇庙,https://zh.wikipedia.org/wiki/%E4%B9%94%E6%B2%9F%E5%A4%B4%E7%8E%89%E7%9A%87%E5%BA%99,exact,
6-0416-3-119,长治玉皇观,长治玉皇观,https://baike.baidu.com/view/1073587.htm,exact,,,,
6-0417-3-120,四圣宫,四圣宫,https://baike.baidu.com/view/2020819.htm,exact,四圣宫,https://zh.wikipedia.org/wiki/%E5%9B%9B%E5%9C%A3%E5%AE%AB,exact,
6-0418-3-121,真泽二仙宫,真泽二仙宫,https://baike.baidu.com/view/1823262.htm,exact,,,,
6-0419-3-122,普净寺,普净寺,https://baike.baidu.com/subview/440968/14718183.htm,exact,普净寺,https://zh.wikipedia.org/wiki/%E6%99%AE%E5%87%80%E5%AF%BA,exact,
6-0420-3-123,晋祠庙,晋祠庙,https://baike.baidu.com/item/%E6%99%8B%E7%A5%A0%E5%BA%99/23814414,exact,晋祠庙,https://zh.wikipedia.org/wiki/%E6%99%8B%E7%A5%A0%E5%BA%99,exact,
6-0421-3-124,后稷庙,后稷庙,https://baike.baidu.com/view/13342526.htm,exact,后稷庙,https://zh.wikipedia.org/wiki/%E5%90%8E%E7%A8%B7%E5%BA%99,exact,
6-0422-3-125,宝峰寺,宝峰寺,https://baike.baidu.com/subview/47632/10668102.htm,exact,宝峰寺,https://zh.wikipedia.org/wiki/%E5%AE%9D%E5%B3%B0%E5%AF%BA,exact,
6-0423-3-126,福田寺,福田寺,https://baike.baidu.com/subview/1094721/5884758.htm,exact,,,,
6-0424-3-127,王曲东岳庙,王曲东岳庙,https://baike.baidu.com/view/2020813.htm,exact,,,,
6-0425-3-128,龙香关帝庙,龙香关帝庙,https://baike.baidu.com/view/7720857.htm,exact,,,,
6-0426-3-129,介休东岳庙,东岳庙,https://baike.baidu.com/view/23935.htm,related-location,介休东岳庙,https://zh.wikipedia.org/wiki/%E4%BB%8B%E4%BC%91%E4%B8%9C%E5%B2%B3%E5%BA%99,exact,
6-0427-3-130,新绛龙兴寺,新绛龙兴寺,https://baike.baidu.com/view/11597984.htm,exact,,,,
6-0428-3-131,襄垣文庙,襄垣文庙,https://baike.baidu.com/view/10191865.htm,exact,,,,
6-0429-3-132,光化寺,光化寺,https://baike.baidu.com/subview/275732/275732.htm,exact,光化寺,https://zh.wikipedia.org/wiki/%E5%85%89%E5%8C%96%E5%AF%BA,exact,
6-0430-3-133,稷山稷王庙,稷山稷王庙,https://baike.baidu.com/view/11612529.htm,exact,,,,
6-0431-3-134,南撖东岳庙,南撖东岳庙,https://baike.baidu.com/view/11584070.htm,manual,,,,北京东岳庙 | https://zh.wikipedia.org/wiki/%E5%8C%97%E4%BA%AC%E4%B8%9C%E5%B2%B3%E5%BA%99 | different-title
6-0432-3-135,古中庙,古中庙,https://baike.baidu.com/view/1703705.htm,exact,古中庙,https://zh.wikipedia.org/wiki/%E5%8F%A4%E4%B8%AD%E5%BA%99,exact,
6-0433-3-136,景云宫玉皇殿,景云宫玉皇殿,https://baike.baidu.com/view/11599138.htm,exact,景云宫玉皇殿,https://zh.wikipedia.org/wiki/%E6%99%AF%E4%BA%91%E5%AE%AB%E7%8E%89%E7%9A%87%E6%AE%BF,exact,
6-0434-3-137,大洋泰山庙,大洋泰山庙,https://baike.baidu.com/view/11824034.htm,exact,大洋泰山庙,https://zh.wikipedia.org/wiki/%E5%A4%A7%E6%B4%8B%E6%B3%B0%E5%B1%B1%E5%BA%99,exact,
6-0435-3-138,二郎庙北殿,二郎庙北殿,https://baike.baidu.com/view/11579614.htm,exact,,,,
6-0436-3-139,埝堆玉皇庙,埝堆玉皇庙,https://baike.baidu.com/view/11587636.htm,exact,埝堆玉皇庙,https://zh.wikipedia.org/wiki/%E5%9F%9D%E5%A0%86%E7%8E%89%E7%9A%87%E5%BA%99,exact,
6-0437-3-140,昔阳崇教寺,昔阳崇教寺,https://baike.baidu.com/view/10952213.htm,exact,,,,
6-0438-3-141,左权文庙大成殿,左权文庙大成殿,https://baike.baidu.com/view/11591983.htm,exact,,,,
6-0439-3-142,寨里关帝庙献殿,寨里关帝庙献殿,https://baike.baidu.com/view/11590829.htm,exact,寨里关帝庙献殿,https://zh.wikipedia.org/wiki/%E5%AF%A8%E9%87%8C%E5%85%B3%E5%B8%9D%E5%BA%99%E7%8C%AE%E6%AE%BF,exact,
6-0440-3-143,郭村泰山庙大殿,郭村泰山庙大殿,https://baike.baidu.com/view/13356144.htm,exact,,,,
6-0441-3-144,利应侯庙,利应侯庙,https://baike.baidu.com/view/7805179.htm,exact,利应侯庙,https://zh.wikipedia.org/wiki/%E5%88%A9%E5%BA%94%E4%BE%AF%E5%BA%99,exact,
6-0442-3-145,灵石后土庙,灵石后土庙,https://baike.baidu.com/view/11607756.htm,exact,灵石后土庙,https://zh.wikipedia.org/wiki/%E7%81%B5%E7%9F%B3%E5%90%8E%E5%9C%9F%E5%BA%99,exact,
6-0443-3-146,三官庙,三官庙,https://baike.baidu.com/subview/178559/9526669.htm,exact,,,,
6-0444-3-147,古垛后土庙,古垛后土庙,https://baike.baidu.com/view/11584921.htm,exact,古垛后土庙,https://zh.wikipedia.org/wiki/%E5%8F%A4%E5%9E%9B%E5%90%8E%E5%9C%9F%E5%BA%99,exact,
6-0445-3-148,乔泽庙戏台,乔泽庙戏台,https://baike.baidu.com/view/2020823.htm,exact,乔泽庙戏台,https://zh.wikipedia.org/wiki/%E4%B9%94%E6%B3%BD%E5%BA%99%E6%88%8F%E5%8F%B0,exact,
6-0446-3-149,善庆寺,善庆寺,https://baike.baidu.com/subview/2020799/5766136.htm,exact,善庆寺,https://zh.wikipedia.org/wiki/%E5%96%84%E5%BA%86%E5%AF%BA,exact,
6-0447-3-150,碛口古建筑群,碛口古建筑群,https://baike.baidu.com/view/2020801.htm,exact,,,,
6-0448-3-151,海会寺,海会寺,https://baike.baidu.com/subview/99659/5736098.htm,exact,,,,
6-0449-3-152,尧陵,尧陵,https://baike.baidu.com/subview/99481/99481.htm,exact,尧陵,https://zh.wikipedia.org/wiki/%E5%B0%A7%E9%99%B5,exact,
6-0450-3-153,水神堂,水神堂,https://baike.baidu.com/view/99699.htm,exact,水神堂,https://zh.wikipedia.org/wiki/%E6%B0%B4%E7%A5%9E%E5%A0%82,exact,
6-0451-3-154,柳氏民居,柳氏民居,https://baike.baidu.com/view/170714.htm,exact,,,,
6-0452-3-155,湘峪古堡,湘峪古堡,https://baike.baidu.com/view/2015630.htm,exact,,,,
6-0453-3-156,郭壁村古建筑群,郭壁村古建筑群,https://baike.baidu.com/view/13353864.htm,exact,,,,
6-0454-3-157,窦庄古建筑群,窦庄古建筑群,https://baike.baidu.com/view/11612731.htm,exact,,,,
6-0455-3-158,平遥清凉寺,平遥清凉寺,https://baike.baidu.com/view/4440204.htm,exact,,,,
6-0456-3-159,文峰塔,文峰塔,https://baike.baidu.com/subview/13980/6159109.htm,exact,文峰塔,https://zh.wikipedia.org/wiki/%E6%96%87%E5%B3%B0%E5%A1%94,exact,
6-0457-3-160,代县文庙,代县文庙,https://baike.baidu.com/view/10191870.htm,exact,代县文庙,https://zh.wikipedia.org/wiki/%E4%BB%A3%E5%8E%BF%E6%96%87%E5%BA%99,exact,
6-0458-3-161,公主寺,公主寺,https://baike.baidu.com/view/871228.htm,exact,公主寺,https://zh.wikipedia.org/wiki/%E5%85%AC%E4%B8%BB%E5%AF%BA,exact,
6-0459-3-162,王家大院,王家大院,https://baike.baidu.com/subview/6662/6662.htm,exact,,,,
6-0460-3-163,郭峪村古建筑群,郭峪村古建筑群,https://baike.baidu.com/view/13372099.htm,exact,,,,
6-0461-3-164,孟家沟龙泉寺,孟家沟龙泉寺,https://baike.baidu.com/view/11589996.htm,exact,孟家沟龙泉寺,https://zh.wikipedia.org/wiki/%E5%AD%9F%E5%AE%B6%E6%B2%9F%E9%BE%99%E6%B3%89%E5%AF%BA,exact,
6-0462-3-165,天贞观,天贞观,https://baike.baidu.com/view/2020793.htm,exact,天贞观,https://zh.wikipedia.org/wiki/%E5%A4%A9%E8%B4%9E%E8%A7%82,exact,
6-0463-3-166,曹家大院,曹家大院,https://baike.baidu.com/subview/37483/37483.htm,exact,曹家大院,https://zh.wikipedia.org/wiki/%E6%9B%B9%E5%AE%B6%E5%A4%A7%E9%99%A2,exact,
6-0464-3-167,净信寺,净信寺,https://baike.baidu.com/subview/160348/11851178.htm,exact,净信寺,https://zh.wikipedia.org/wiki/%E5%87%80%E4%BF%A1%E5%AF%BA,exact,
6-0465-3-168,明秀寺,明秀寺,https://baike.baidu.com/view/2281756.htm,exact,明秀寺,https://zh.wikipedia.org/wiki/%E6%98%8E%E7%A7%80%E5%AF%BA,exact,
6-0466-3-169,多福寺,多福寺,https://baike.baidu.com/view/262863.htm,exact,多福寺,https://zh.wikipedia.org/wiki/%E5%A4%9A%E7%A6%8F%E5%AF%BA,exact,
6-0467-3-170,永祚寺,永祚寺,https://baike.baidu.com/view/752506.htm,exact,,,,
6-0468-3-171,万泉文庙,万泉文庙,https://baike.baidu.com/view/4413257.htm,exact,万泉文庙,https://zh.wikipedia.org/wiki/%E4%B8%87%E6%B3%89%E6%96%87%E5%BA%99,exact,
6-0469-3-172,董封戏台,董封戏台,https://baike.baidu.com/view/4413232.htm,exact,,,,
6-0470-3-173,云林寺,云林寺,https://baike.baidu.com/subview/99692/10865924.htm,exact,,,,
6-0471-3-174,砥洎城,砥洎城,https://baike.baidu.com/view/157462.htm,exact,,,,
6-0472-3-175,慈云寺,青龙山慈云寺风景区,https://baike.baidu.com/subview/75294/75294.htm,related-location,,,,
6-0473-3-176,广武城,广武城,https://baike.baidu.com/view/1192654.htm,exact,广武城,https://zh.wikipedia.org/wiki/%E5%B9%BF%E6%AD%A6%E5%9F%8E,exact,
6-0474-3-177,潞安府衙,潞安府衙,https://baike.baidu.com/view/4413197.htm,exact,,,,
6-0475-3-178,渠家大院,渠家大院,https://baike.baidu.com/view/57601.htm,exact,,,,
6-0476-3-179,杏花村汾酒作坊,杏花村汾酒作坊,https://baike.baidu.com/view/2015669.htm,exact,杏花村汾酒作坊,https://zh.wikipedia.org/wiki/%E6%9D%8F%E8%8A%B1%E6%9D%91%E6%B1%BE%E9%85%92%E4%BD%9C%E5%9D%8A,exact,
6-0477-3-180,秘密寺,秘密寺,https://baike.baidu.com/view/695527.htm,exact,,,,
6-0478-3-181,铁佛寺,铁佛寺,https://baike.baidu.com/subview/68521/8571801.htm,exact,,,,
6-0479-3-182,常平关帝庙,常平关帝庙,https://baike.baidu.com/view/463662.htm,exact,常平关帝庙,https://zh.wikipedia.org/wiki/%E5%B8%B8%E5%B9%B3%E5%85%B3%E5%B8%9D%E5%BA%99,exact,
6-0480-3-183,中阳楼,中阳楼,https://baike.baidu.com/view/1983183.htm,exact,中阳楼,https://zh.wikipedia.org/wiki/%E4%B8%AD%E9%98%B3%E6%A5%BC,exact,
6-0481-3-184,师家沟古建筑群,师家沟古建筑群,https://baike.baidu.com/view/2020842.htm,exact,,,,
6-0482-3-185,娲皇庙,娲皇庙,https://baike.baidu.com/view/1189022.htm,exact,娲皇庙,https://zh.wikipedia.org/wiki/%E5%A8%B2%E7%9A%87%E5%BA%99,exact,
6-0483-3-186,平遥城隍庙,平遥城隍庙,https://baike.baidu.com/view/2071737.htm,exact,平遥城隍庙,https://zh.wikipedia.org/wiki/%E5%B9%B3%E9%81%A5%E5%9F%8E%E9%9A%8D%E5%BA%99,exact,
6-0484-3-187,日昇昌旧址,日昇昌旧址,https://baike.baidu.com/view/11811612.htm,exact,,,,
6-0485-3-188,太和岩牌楼,太和岩牌楼,https://baike.baidu.com/view/4413119.htm,exact,太和岩牌楼,https://zh.wikipedia.org/wiki/%E5%A4%AA%E5%92%8C%E5%B2%A9%E7%89%8C%E6%A5%BC,exact,
6-0486-3-189,介休五岳庙,介休五岳庙,https://baike.baidu.com/view/2015660.htm,exact,介休五岳庙,https://zh.wikipedia.org/wiki/%E4%BB%8B%E4%BC%91%E4%BA%94%E5%B2%B3%E5%BA%99,exact,
6-0487-3-190,锦山龙泉寺,锦山龙泉寺,https://baike.baidu.com/view/4448487.htm,exact,,,,
6-0488-3-191,大召,大召寺,https://baike.baidu.com/view/56458.htm,related-location,大召,https://zh.wikipedia.org/wiki/%E5%A4%A7%E5%8F%AC,exact,
6-0489-3-192,绥远城墙和将军衙署,绥远城墙和将军衙署,https://baike.baidu.com/item/%E7%BB%A5%E8%BF%9C%E5%9F%8E%E5%A2%99%E5%92%8C%E5%B0%86%E5%86%9B%E8%A1%99%E7%BD%B2,exact,,,,
6-0490-3-193,贝子庙,贝子庙,https://baike.baidu.com/view/114101.htm,exact,,,,
6-0491-3-194,定远营,定远营,https://baike.baidu.com/view/4353637.htm,exact,定远营,https://zh.wikipedia.org/wiki/%E5%AE%9A%E8%BF%9C%E8%90%A5,exact,
6-0492-3-195,灵悦寺,灵悦寺,https://baike.baidu.com/view/19793.htm,exact,,,,
6-0493-3-196,诺尔古建筑群,诺尔古建筑群,https://baike.baidu.com/view/4448653.htm,exact,,,,
6-0494-3-197,库伦三大寺,库伦三大寺,https://baike.baidu.com/view/4448647.htm,exact,库伦三大寺,https://zh.wikipedia.org/wiki/%E5%BA%93%E4%BC%A6%E4%B8%89%E5%A4%A7%E5%AF%BA,exact,
6-0495-3-198,僧格林沁王府,僧格林沁王府,https://baike.baidu.com/subview/1672832/1672832.htm,exact,,,,
6-0496-3-199,宝善寺,宝善寺,https://baike.baidu.com/subview/4448682/16689770.htm,exact,,,,
6-0497-3-200,云接寺塔,云接寺塔,https://baike.baidu.com/view/327284.htm,exact,云接寺塔,https://zh.wikipedia.org/wiki/%E4%BA%91%E6%8E%A5%E5%AF%BA%E5%A1%94,exact,
6-0498-3-201,中前所城,,,,中前所城,https://zh.wikipedia.org/wiki/%E4%B8%AD%E5%89%8D%E6%89%80%E5%9F%8E,exact,前所古城 | https://baike.baidu.com/view/177328.htm | different-title
6-0499-3-202,广宁城,广宁城,https://baike.baidu.com/view/3550429.htm,exact,广宁城,https://zh.wikipedia.org/wiki/%E5%B9%BF%E5%AE%81%E5%9F%8E,exact,
6-0500-3-203,佑顺寺,佑顺寺,https://baike.baidu.com/view/50643.htm,exact,佑顺寺,https://zh.wikipedia.org/wiki/%E4%BD%91%E9%A1%BA%E5%AF%BA,exact,
6-0501-3-204,圣水寺,圣水寺,https://baike.baidu.com/subview/113639/5862393.htm,exact,圣水寺,https://zh.wikipedia.org/wiki/%E5%9C%A3%E6%B0%B4%E5%AF%BA,exact,
6-0502-3-205,吉林文庙,吉林文庙,https://baike.baidu.com/view/60752.htm,exact,吉林文庙,https://zh.wikipedia.org/wiki/%E5%90%89%E6%9E%97%E6%96%87%E5%BA%99,exact,
6-0503-3-206,牡丹江边墙,牡丹江边墙,https://baike.baidu.com/view/4430228.htm,exact,,,,
6-0504-3-207,卜奎清真寺,卜奎清真寺,https://baike.baidu.com/view/259612.htm,exact,卜奎清真寺,https://zh.wikipedia.org/wiki/%E5%8D%9C%E5%A5%8E%E6%B8%85%E7%9C%9F%E5%AF%BA,exact,
6-0505-3-208,龙华塔,龙华塔,https://baike.baidu.com/subview/104004/104004.htm,exact,,,,
6-0506-3-209,洪泽湖大堤,洪泽湖大堤,https://baike.baidu.com/view/624076.htm,exact,,,,
6-0507-3-210,泰伯庙和墓,泰伯庙和墓,https://baike.baidu.com/view/11605389.htm,exact,,,,
6-0508-3-211,沧浪亭,沧浪亭,https://baike.baidu.com/subview/7861/20498691.htm,exact,,,,
6-0509-3-212,惠山镇祠堂,惠山镇祠堂,https://baike.baidu.com/view/11811034.htm,exact,惠山镇祠堂,https://zh.wikipedia.org/wiki/%E6%83%A0%E5%B1%B1%E9%95%87%E7%A5%A0%E5%A0%82,exact,
6-0510-3-213,南通天宁寺,南通天宁寺,https://baike.baidu.com/view/1124867.htm,exact,,,,
6-0511-3-214,崇教兴福寺塔,崇教兴福寺塔,https://baike.baidu.com/view/7999694.htm,exact,崇教兴福寺塔,https://zh.wikipedia.org/wiki/%E5%B4%87%E6%95%99%E5%85%B4%E7%A6%8F%E5%AF%BA%E5%A1%94,exact,
6-0512-3-215,海清寺塔,海清寺塔,https://baike.baidu.com/view/667406.htm,exact,,,,
6-0513-3-216,紫金庵罗汉塑像,紫金庵罗汉塑像,https://baike.baidu.com/view/4431151.htm,exact,,,,
6-0514-3-217,报恩寺塔,,,,报恩寺塔,https://zh.wikipedia.org/wiki/%E6%8A%A5%E6%81%A9%E5%AF%BA%E5%A1%94,exact,大报恩寺琉璃宝塔 | https://baike.baidu.com/subview/634629/634629.htm | different-title
6-0515-3-218,太仓石拱桥,太仓石拱桥,https://baike.baidu.com/view/4431129.htm,exact,太仓石拱桥,https://zh.wikipedia.org/wiki/%E5%A4%AA%E4%BB%93%E7%9F%B3%E6%8B%B1%E6%A1%A5,exact,
6-0516-3-219,盘门,盘门,https://baike.baidu.com/view/33591.htm,exact,,,,
6-0517-3-220,狮子林,狮子林,https://baike.baidu.com/subview/56481/12474036.htm,exact,,,,
6-0518-3-221,轩辕宫正殿,轩辕宫正殿,https://baike.baidu.com/view/4431109.htm,exact,,,,
6-0519-3-222,寂鉴寺石殿,寂鉴寺石殿,https://baike.baidu.com/view/4431091.htm,exact,寂鉴寺石殿,https://zh.wikipedia.org/wiki/%E5%AF%82%E9%89%B4%E5%AF%BA%E7%9F%B3%E6%AE%BF,exact,
6-0520-3-223,昭关石塔,昭关石塔,https://baike.baidu.com/view/604945.htm,exact,昭关石塔,https://zh.wikipedia.org/wiki/%E6%98%AD%E5%85%B3%E7%9F%B3%E5%A1%94,exact,
6-0521-3-224,户部山古建筑群,户部山古建筑群,https://baike.baidu.com/view/4431068.htm,exact,户部山古建筑群,https://zh.wikipedia.org/wiki/%E6%88%B7%E9%83%A8%E5%B1%B1%E5%8F%A4%E5%BB%BA%E7%AD%91%E7%BE%A4,exact,
6-0522-3-225,瞻园,瞻园,https://baike.baidu.com/subview/27409/27409.htm,exact,,,,
6-0523-3-226,泰州城隍庙,泰州城隍庙,https://baike.baidu.com/view/2489847.htm,exact,,,,
6-0524-3-227,东林书院,东林书院,https://baike.baidu.com/view/26754.htm,exact,,,,
6-0525-3-228,昭嗣堂,昭嗣堂,https://baike.baidu.com/view/2588812.htm,exact,,,,
6-0526-3-229,赵用贤宅,赵用贤宅,https://baike.baidu.com/view/4401385.htm,exact,,,,
6-0527-3-230,张溥宅第,张溥宅第,https://baike.baidu.com/view/4221127.htm,exact,张溥宅第,https://zh.wikipedia.org/wiki/%E5%BC%A0%E6%BA%A5%E5%AE%85%E7%AC%AC,exact,
6-0528-3-231,东山民居,东山民居,https://baike.baidu.com/view/4431007.htm,exact,东山民居,https://zh.wikipedia.org/wiki/%E4%B8%9C%E5%B1%B1%E6%B0%91%E5%B1%85,exact,
6-0529-3-232,艺圃,艺圃,https://baike.baidu.com/view/109280.htm,exact,,,,
6-0530-3-233,全晋会馆,全晋会馆,https://baike.baidu.com/view/917236.htm,exact,全晋会馆,https://zh.wikipedia.org/wiki/%E5%85%A8%E6%99%8B%E4%BC%9A%E9%A6%86,exact,
6-0531-3-234,淮安府衙,淮安府衙,https://baike.baidu.com/view/1296975.htm,exact,,,,
6-0532-3-235,师俭堂,师俭堂,https://baike.baidu.com/view/936468.htm,exact,师俭堂,https://zh.wikipedia.org/wiki/%E5%B8%88%E4%BF%AD%E5%A0%82,exact,
6-0533-3-236,莲花桥和白塔,莲花桥和白塔,https://baike.baidu.com/view/3603369.htm,exact,,,,
6-0534-3-237,吴氏宅第,吴氏宅第,https://baike.baidu.com/view/4430978.htm,exact,吴氏宅第,https://zh.wikipedia.org/wiki/%E5%90%B4%E6%B0%8F%E5%AE%85%E7%AC%AC,exact,
6-0535-3-238,扬州大明寺,扬州大明寺,https://baike.baidu.com/view/47405.htm,exact,扬州大明寺,https://zh.wikipedia.org/wiki/%E6%89%AC%E5%B7%9E%E5%A4%A7%E6%98%8E%E5%AF%BA,exact,
6-0536-3-239,小盘谷,小盘谷,https://baike.baidu.com/view/167140.htm,exact,小盘谷,https://zh.wikipedia.org/wiki/%E5%B0%8F%E7%9B%98%E8%B0%B7,exact,
6-0537-3-240,高邮当铺,高邮当铺,https://baike.baidu.com/view/4430954.htm,exact,,,,
6-0538-3-241,甘熙宅第,甘熙宅第,https://baike.baidu.com/view/4430933.htm,exact,,,,
6-0539-3-242,宁波天宁寺,宁波天宁寺,https://baike.baidu.com/view/2719881.htm,exact,,,,
6-0540-3-243,独松关和古驿道,独松关和古驿道,https://baike.baidu.com/view/2734797.htm,exact,,,,
6-0541-3-244,新河闸桥群,新河闸桥群,https://baike.baidu.com/view/2758438.htm,exact,新河闸桥群,https://zh.wikipedia.org/wiki/%E6%96%B0%E6%B2%B3%E9%97%B8%E6%A1%A5%E7%BE%A4,exact,
6-0542-3-245,松阳延庆寺塔,松阳延庆寺塔,https://baike.baidu.com/view/2713386.htm,exact,松阳延庆寺塔,https://zh.wikipedia.org/wiki/%E6%9D%BE%E9%98%B3%E5%BB%B6%E5%BA%86%E5%AF%BA%E5%A1%94,exact,
6-0543-3-246,德清古桥群,德清古桥群,https://baike.baidu.com/view/2735562.htm,exact,德清古桥群,https://zh.wikipedia.org/wiki/%E5%BE%B7%E6%B8%85%E5%8F%A4%E6%A1%A5%E7%BE%A4,exact,
6-0544-3-247,赤溪五洞桥,赤溪五洞桥,https://baike.baidu.com/view/2728520.htm,exact,,,,
6-0545-3-248,阿育王寺,阿育王寺,https://baike.baidu.com/view/64952.htm,exact,,,,
6-0546-3-249,普陀山多宝塔,普陀山多宝塔,https://baike.baidu.com/view/63740.htm,exact,普陀山多宝塔,https://zh.wikipedia.org/wiki/%E6%99%AE%E9%99%80%E5%B1%B1%E5%A4%9A%E5%AE%9D%E5%A1%94,exact,
6-0547-3-250,白云庄和黄宗羲、万斯同、全祖望墓,白云庄和黄宗羲、万斯同、全祖望墓,https://baike.baidu.com/item/%E7%99%BD%E4%BA%91%E5%BA%84%E5%92%8C%E9%BB%84%E5%AE%97%E7%BE%B2%E3%80%81%E4%B8%87%E6%96%AF%E5%90%8C%E3%80%81%E5%85%A8%E7%A5%96%E6%9C%9B%E5%A2%93,exact,,,,
6-0548-3-251,芝堰村建筑群,芝堰村建筑群,https://baike.baidu.com/view/2739558.htm,exact,,,,
6-0549-3-252,芙蓉村古建筑群,芙蓉村古建筑群,https://baike.baidu.com/view/2728514.htm,exact,,,,
6-0550-3-253,衢州城墙,衢州城墙,https://baike.baidu.com/view/2748168.htm,exact,,,,
6-0551-3-254,安城城墙,安城城墙,https://baike.baidu.com/view/2735305.htm,exact,,,,
6-0552-3-255,圣井山石殿,圣井山石殿,https://baike.baidu.com/view/2187049.htm,exact,圣井山石殿,https://zh.wikipedia.org/wiki/%E5%9C%A3%E4%BA%95%E5%B1%B1%E7%9F%B3%E6%AE%BF,exact,
6-0553-3-256,慈城古建筑群,慈城古建筑群,https://baike.baidu.com/view/707683.htm,exact,慈城古建筑群,https://zh.wikipedia.org/wiki/%E6%85%88%E5%9F%8E%E5%8F%A4%E5%BB%BA%E7%AD%91%E7%BE%A4,exact,
6-0554-3-257,天童寺,天童寺,https://baike.baidu.com/subview/64931/19579154.htm,exact,天童寺,https://zh.wikipedia.org/wiki/%E5%A4%A9%E7%AB%A5%E5%AF%BA,exact,
6-0555-3-258,王守仁故居和墓,王守仁故居和墓,https://baike.baidu.com/view/2723522.htm,exact,,,,
6-0556-3-259,青藤书屋和徐渭墓,青藤书屋和徐渭墓,https://baike.baidu.com/view/2731708.htm,exact,,,,
6-0557-3-260,宁海古戏台,宁海古戏台,https://baike.baidu.com/view/1916856.htm,exact,宁海古戏台,https://zh.wikipedia.org/wiki/%E5%AE%81%E6%B5%B7%E5%8F%A4%E6%88%8F%E5%8F%B0,exact,
6-0558-3-261,泰顺廊桥,泰顺廊桥,https://baike.baidu.com/view/158167.htm,exact,泰顺廊桥,https://zh.wikipedia.org/wiki/%E6%B3%B0%E9%A1%BA%E5%BB%8A%E6%A1%A5,exact,
6-0559-3-262,仕水矴步,仕水矴步,https://baike.baidu.com/view/2291691.htm,exact,仕水矴步,https://zh.wikipedia.org/wiki/%E4%BB%95%E6%B0%B4%E7%9F%B4%E6%AD%A5,exact,
6-0560-3-263,玉山古茶场,玉山古茶场,https://baike.baidu.com/view/362699.htm,exact,玉山古茶场,https://zh.wikipedia.org/wiki/%E7%8E%89%E5%B1%B1%E5%8F%A4%E8%8C%B6%E5%9C%BA,exact,
6-0561-3-264,榉溪孔氏家庙,榉溪孔氏家庙,https://baike.baidu.com/view/2739523.htm,exact,榉溪孔氏家庙,https://zh.wikipedia.org/wiki/%E6%A6%89%E6%BA%AA%E5%AD%94%E6%B0%8F%E5%AE%B6%E5%BA%99,exact,
6-0562-3-265,崇仁村建筑群,崇仁村建筑群,https://baike.baidu.com/view/2731694.htm,exact,崇仁村建筑群,https://zh.wikipedia.org/wiki/%E5%B4%87%E4%BB%81%E6%9D%91%E5%BB%BA%E7%AD%91%E7%BE%A4,exact,
6-0563-3-266,三卿口制瓷作坊,三卿口制瓷作坊,https://baike.baidu.com/view/2748148.htm,exact,三卿口制瓷作坊,https://zh.wikipedia.org/wiki/%E4%B8%89%E5%8D%BF%E5%8F%A3%E5%88%B6%E7%93%B7%E4%BD%9C%E5%9D%8A,exact,
6-0564-3-267,顺溪古建筑群,顺溪古建筑群,https://baike.baidu.com/view/2728579.htm,exact,,,,
6-0565-3-268,莫氏庄园,莫氏庄园,https://baike.baidu.com/view/189258.htm,exact,,,,
6-0566-3-269,法雨寺,法雨寺,https://baike.baidu.com/view/200070.htm,exact,法雨寺,https://zh.wikipedia.org/wiki/%E6%B3%95%E9%9B%A8%E5%AF%BA,exact,
6-0567-3-270,蒙城万佛塔,蒙城万佛塔,https://baike.baidu.com/view/533269.htm,exact,,,,
6-0568-3-271,许村古建筑群,许村古建筑群,https://baike.baidu.com/view/2911121.htm,exact,,,,
6-0569-3-272,祁门古戏台,祁门古戏台,https://baike.baidu.com/view/6829120.htm,exact,祁门古戏台,https://zh.wikipedia.org/wiki/%E7%A5%81%E9%97%A8%E5%8F%A4%E6%88%8F%E5%8F%B0,exact,
6-0570-3-273,南屏村古建筑群,南屏村古建筑群,https://baike.baidu.com/view/4412387.htm,exact,,,,
6-0571-3-274,江村古建筑群,江村古建筑群,https://baike.baidu.com/view/4412337.htm,exact,,,,
6-0572-3-275,振风塔,振风塔,https://baike.baidu.com/view/64678.htm,exact,振风塔,https://zh.wikipedia.org/wiki/%E6%8C%AF%E9%A3%8E%E5%A1%94,exact,
6-0573-3-276,溪头三槐堂,溪头三槐堂,https://baike.baidu.com/view/4412248.htm,exact,溪头三槐堂,https://zh.wikipedia.org/wiki/%E6%BA%AA%E5%A4%B4%E4%B8%89%E6%A7%90%E5%A0%82,exact,
6-0574-3-277,郑氏宗祠,郑氏宗祠,https://baike.baidu.com/subview/388406/16944662.htm,exact,,,,
6-0575-3-278,竹山书院,竹山书院,https://baike.baidu.com/view/388504.htm,exact,竹山书院,https://zh.wikipedia.org/wiki/%E7%AB%B9%E5%B1%B1%E4%B9%A6%E9%99%A2,exact,
6-0576-3-279,黄田村古建筑群,黄田村古建筑群,https://baike.baidu.com/view/4412197.htm,exact,,,,
6-0577-3-280,世太史第,世太史第,https://baike.baidu.com/view/906441.htm,exact,世太史第,https://zh.wikipedia.org/wiki/%E4%B8%96%E5%A4%AA%E5%8F%B2%E7%AC%AC,exact,
6-0578-3-281,镇海堤,镇海堤,https://baike.baidu.com/view/2455426.htm,exact,,,,
6-0579-3-282,名山室,名山室,https://baike.baidu.com/view/1789091.htm,exact,名山室,https://zh.wikipedia.org/wiki/%E5%90%8D%E5%B1%B1%E5%AE%A4,exact,
6-0580-3-283,泉州港古建筑,泉州港古建筑,https://baike.baidu.com/view/4423294.htm,exact,泉州港古建筑,https://zh.wikipedia.org/wiki/%E6%B3%89%E5%B7%9E%E6%B8%AF%E5%8F%A4%E5%BB%BA%E7%AD%91,exact,
6-0581-3-284,圣寿宝塔,圣寿宝塔,https://baike.baidu.com/view/2808787.htm,exact,圣寿宝塔,https://zh.wikipedia.org/wiki/%E5%9C%A3%E5%AF%BF%E5%AE%9D%E5%A1%94,exact,
6-0582-3-285,无尘塔,无尘塔,https://baike.baidu.com/view/1314526.htm,exact,无尘塔,https://zh.wikipedia.org/wiki/%E6%97%A0%E5%B0%98%E5%A1%94,exact,
6-0583-3-286,三坊七巷和朱紫坊建筑群,三坊七巷和朱紫坊建筑群,https://baike.baidu.com/view/4423241.htm,exact,三坊七巷和朱紫坊建筑群,https://zh.wikipedia.org/wiki/%E4%B8%89%E5%9D%8A%E4%B8%83%E5%B7%B7%E5%92%8C%E6%9C%B1%E7%B4%AB%E5%9D%8A%E5%BB%BA%E7%AD%91%E7%BE%A4,exact,
6-0584-3-287,培田村古建筑群,培田村古建筑群,https://baike.baidu.com/view/11809109.htm,exact,,,,
6-0585-3-288,南山宫,南山宫,https://baike.baidu.com/view/962525.htm,exact,南山宫,https://zh.wikipedia.org/wiki/%E5%8D%97%E5%B1%B1%E5%AE%AB,exact,
6-0586-3-289,西陂天后宫,西陂天后宫,https://baike.baidu.com/view/500141.htm,exact,,,,
6-0587-3-290,狮峰寺,狮峰寺,https://baike.baidu.com/subview/4423193/11352065.htm,exact,狮峰寺,https://zh.wikipedia.org/wiki/%E7%8B%AE%E5%B3%B0%E5%AF%BA,exact,
6-0588-3-291,漳州林氏宗祠,漳州林氏宗祠,https://baike.baidu.com/view/2872367.htm,exact,漳州林氏宗祠,https://zh.wikipedia.org/wiki/%E6%BC%B3%E5%B7%9E%E6%9E%97%E6%B0%8F%E5%AE%97%E7%A5%A0,exact,
6-0589-3-292,漳浦文庙大成殿,漳浦文庙大成殿,https://baike.baidu.com/view/4423140.htm,exact,,,,
6-0590-3-293,宝严寺大殿,宝严寺大殿,https://baike.baidu.com/view/2900213.htm,exact,宝严寺大殿,https://zh.wikipedia.org/wiki/%E5%AE%9D%E4%B8%A5%E5%AF%BA%E5%A4%A7%E6%AE%BF,exact,
6-0591-3-294,陈埭丁氏宗祠,陈埭丁氏宗祠,https://baike.baidu.com/view/2917275.htm,exact,,,,
6-0592-3-295,正顺庙,正顺庙,https://baike.baidu.com/view/488279.htm,exact,正顺庙,https://zh.wikipedia.org/wiki/%E6%AD%A3%E9%A1%BA%E5%BA%99,exact,
6-0593-3-296,闽东北廊桥,闽东北廊桥,https://baike.baidu.com/view/4423107.htm,exact,,,,
6-0594-3-297,安溪文庙,安溪文庙,https://baike.baidu.com/view/488246.htm,exact,安溪文庙,https://zh.wikipedia.org/wiki/%E5%AE%89%E6%BA%AA%E6%96%87%E5%BA%99,exact,
6-0595-3-298,德远堂,德远堂,https://baike.baidu.com/subview/2266030/2266030.htm,exact,德远堂,https://zh.wikipedia.org/wiki/%E5%BE%B7%E8%BF%9C%E5%A0%82,exact,
6-0596-3-299,施琅宅、祠和墓,施琅宅、祠和墓,https://baike.baidu.com/item/%E6%96%BD%E7%90%85%E5%AE%85%E3%80%81%E7%A5%A0%E5%92%8C%E5%A2%93,exact,施琅宅、祠和墓,https://zh.wikipedia.org/wiki/%E6%96%BD%E7%90%85%E5%AE%85%E3%80%81%E7%A5%A0%E5%92%8C%E5%A2%93,exact,
6-0597-3-300,妈祖庙,妈祖庙,https://baike.baidu.com/subview/33789/33789.htm,exact,,,,
6-0598-3-301,林氏义庄,林氏义庄,https://baike.baidu.com/view/1096362.htm,exact,林氏义庄,https://zh.wikipedia.org/wiki/%E6%9E%97%E6%B0%8F%E4%B9%89%E5%BA%84,exact,
6-0599-3-302,福州文庙,福州文庙,https://baike.baidu.com/view/940753.htm,exact,,,,
6-0600-3-303,建瓯东岳庙,建瓯东岳庙,https://baike.baidu.com/view/4423070.htm,exact,建瓯东岳庙,https://zh.wikipedia.org/wiki/%E5%BB%BA%E7%93%AF%E4%B8%9C%E5%B2%B3%E5%BA%99,exact,
6-0601-3-304,真如寺塔林,真如寺塔林,https://baike.baidu.com/view/4444236.htm,exact,,,,
6-0602-3-305,大宝光塔,大宝光塔,https://baike.baidu.com/view/4444185.htm,exact,大宝光塔,https://zh.wikipedia.org/wiki/%E5%A4%A7%E5%AE%9D%E5%85%89%E5%A1%94,exact,
6-0603-3-306,赣州佛塔,赣州佛塔,https://baike.baidu.com/view/4440144.htm,exact,,,,
6-0604-3-307,鸣水桥,鸣水桥,https://baike.baidu.com/subview/379837/379837.htm,exact,,,,
6-0605-3-308,清华彩虹桥,清华彩虹桥,https://baike.baidu.com/view/851793.htm,exact,清华彩虹桥,https://zh.wikipedia.org/wiki/%E6%B8%85%E5%8D%8E%E5%BD%A9%E8%99%B9%E6%A1%A5,exact,
6-0606-3-309,袁州谯楼,袁州谯楼,https://baike.baidu.com/view/1463059.htm,exact,,,,
6-0607-3-310,鹅湖书院,鹅湖书院,https://baike.baidu.com/subview/56718/56718.htm,exact,,,,
6-0608-3-311,婺源宗祠,婺源宗祠,https://baike.baidu.com/view/4444130.htm,exact,婺源宗祠,https://zh.wikipedia.org/wiki/%E5%A9%BA%E6%BA%90%E5%AE%97%E7%A5%A0,exact,
6-0609-3-312,理坑村民居,理坑村民居,https://baike.baidu.com/view/4444120.htm,exact,,,,
6-0610-3-313,梅关和古驿道,梅关和古驿道,https://baike.baidu.com/view/4441978.htm,exact,,,,
6-0611-3-314,陈氏牌坊,陈氏牌坊,https://baike.baidu.com/view/4441947.htm,exact,,,,
6-0612-3-315,青云谱,青云谱,https://baike.baidu.com/view/65637.htm,exact,,,,
6-0613-3-316,卞桥,卞桥,https://baike.baidu.com/view/3217608.htm,exact,卞桥,https://zh.wikipedia.org/wiki/%E5%8D%9E%E6%A1%A5,exact,
6-0614-3-317,隆兴寺铁塔,隆兴寺铁塔,https://baike.baidu.com/subview/4435880/4435880.htm,exact,,,,
6-0615-3-318,颜文姜祠,颜文姜祠,https://baike.baidu.com/view/109942.htm,exact,,,,
6-0616-3-319,泰山古建筑群,泰山古建筑群,https://baike.baidu.com/view/4434031.htm,exact,泰山古建筑群,https://zh.wikipedia.org/wiki/%E6%B3%B0%E5%B1%B1%E5%8F%A4%E5%BB%BA%E7%AD%91%E7%BE%A4,exact,
6-0617-3-320,曾庙,曾庙,https://baike.baidu.com/view/694979.htm,exact,,,,
6-0618-3-321,尼山孔庙和书院,尼山孔庙和书院,https://baike.baidu.com/view/3797654.htm,exact,,,,
6-0619-3-322,济宁东大寺,济宁东大寺,https://baike.baidu.com/view/506293.htm,exact,济宁东大寺,https://zh.wikipedia.org/wiki/%E6%B5%8E%E5%AE%81%E4%B8%9C%E5%A4%A7%E5%AF%BA,exact,
6-0620-3-323,蒲松龄故宅,蒲松龄故宅,https://baike.baidu.com/view/11619061.htm,exact,,,,
6-0621-3-324,法行寺塔,法行寺塔,https://baike.baidu.com/view/1478297.htm,exact,法行寺塔,https://zh.wikipedia.org/wiki/%E6%B3%95%E8%A1%8C%E5%AF%BA%E5%A1%94,exact,
6-0622-3-325,三苏祠和墓,三苏祠和墓,https://baike.baidu.com/view/11821390.htm,exact,,,,
6-0623-3-326,阎庄圣寿寺塔,阎庄圣寿寺塔,https://baike.baidu.com/view/13371618.htm,exact,,,,
6-0624-3-327,乾明寺塔,乾明寺塔,https://baike.baidu.com/view/1122031.htm,exact,乾明寺塔,https://zh.wikipedia.org/wiki/%E4%B9%BE%E6%98%8E%E5%AF%BA%E5%A1%94,exact,
6-0625-3-328,泗洲寺塔,泗洲寺塔,https://baike.baidu.com/view/2886458.htm,exact,泗洲寺塔,https://zh.wikipedia.org/wiki/%E6%B3%97%E6%B4%B2%E5%AF%BA%E5%A1%94,exact,
6-0626-3-329,尉氏兴国寺塔,尉氏兴国寺塔,https://baike.baidu.com/view/11810653.htm,exact,尉氏兴国寺塔,https://zh.wikipedia.org/wiki/%E5%B0%89%E6%B0%8F%E5%85%B4%E5%9B%BD%E5%AF%BA%E5%A1%94,exact,
6-0627-3-330,两程故里,两程故里,https://baike.baidu.com/view/853526.htm,exact,,,,
6-0628-3-331,商水寿圣寺塔,商水寿圣寺塔,https://baike.baidu.com/view/9463679.htm,exact,商水寿圣寺塔,https://zh.wikipedia.org/wiki/%E5%95%86%E6%B0%B4%E5%AF%BF%E5%9C%A3%E5%AF%BA%E5%A1%94,exact,
6-0629-3-332,鄂城寺,鄂城寺,https://baike.baidu.com/view/3931448.htm,exact,,,,
6-0630-3-333,柴庄延庆寺塔,柴庄延庆寺塔,https://baike.baidu.com/view/10529976.htm,exact,,,,
6-0631-3-334,胜果寺塔,胜果寺塔,https://baike.baidu.com/view/2607317.htm,exact,,,,
6-0632-3-335,宝严寺塔,宝严寺塔,https://baike.baidu.com/view/725613.htm,exact,,,,
6-0633-3-336,崇法寺塔,崇法寺塔,https://baike.baidu.com/view/480090.htm,exact,崇法寺塔,https://zh.wikipedia.org/wiki/%E5%B4%87%E6%B3%95%E5%AF%BA%E5%A1%94,exact,
6-0634-3-337,郏县文庙,文庙,https://baike.baidu.com/view/34796.htm,related-location,,,,
6-0635-3-338,百家岩寺塔,百家岩寺塔,https://baike.baidu.com/view/11676463.htm,exact,,,,
6-0636-3-339,沁阳北大寺,沁阳北大寺,https://baike.baidu.com/view/11604524.htm,exact,沁阳北大寺,https://zh.wikipedia.org/wiki/%E6%B2%81%E9%98%B3%E5%8C%97%E5%A4%A7%E5%AF%BA,exact,
6-0637-3-340,叶县县衙,叶县县衙,https://baike.baidu.com/view/733251.htm,exact,叶县县衙,https://zh.wikipedia.org/wiki/%E5%8F%B6%E5%8E%BF%E5%8E%BF%E8%A1%99,exact,
6-0638-3-341,洛阳周公庙,洛阳周公庙,https://baike.baidu.com/view/5925575.htm,exact,,,,
6-0639-3-342,关林,关林,https://baike.baidu.com/subview/21536/21536.htm,exact,关林,https://zh.wikipedia.org/wiki/%E5%85%B3%E6%9E%97,exact,
6-0640-3-343,白云寺,白云寺,https://baike.baidu.com/subview/26172/5733944.htm,exact,白云寺,https://zh.wikipedia.org/wiki/%E7%99%BD%E4%BA%91%E5%AF%BA,exact,
6-0641-3-344,新郑轩辕庙,新郑轩辕庙,https://baike.baidu.com/view/10529991.htm,exact,新郑轩辕庙,https://zh.wikipedia.org/wiki/%E6%96%B0%E9%83%91%E8%BD%A9%E8%BE%95%E5%BA%99,exact,
6-0642-3-345,千佛阁,千佛阁,https://baike.baidu.com/subview/1082056/5968609.htm,exact,,,,
6-0643-3-346,阳台宫,阳台宫,https://baike.baidu.com/view/968478.htm,exact,,,,
6-0644-3-347,许昌文峰塔,许昌文峰塔,https://baike.baidu.com/view/135858.htm,exact,,,,
6-0645-3-348,望京楼,望京楼,https://baike.baidu.com/subview/238761/15396185.htm,exact,望京楼,https://zh.wikipedia.org/wiki/%E6%9C%9B%E4%BA%AC%E6%A5%BC,exact,
6-0646-3-349,仓房香严寺,仓房香严寺,https://baike.baidu.com/view/11821332.htm,exact,,,,
6-0647-3-350,悟颖塔,悟颖塔,https://baike.baidu.com/view/328108.htm,exact,,,,
6-0648-3-351,福胜寺塔,福胜寺塔,https://baike.baidu.com/view/238542.htm,exact,,,,
6-0649-3-352,河南府文庙,河南府文庙,https://baike.baidu.com/view/719303.htm,exact,河南府文庙,https://zh.wikipedia.org/wiki/%E6%B2%B3%E5%8D%97%E5%BA%9C%E6%96%87%E5%BA%99,exact,
6-0650-3-353,祖师庙,祖师庙,https://baike.baidu.com/subview/4260061/23101191.htm,exact,,,,
6-0651-3-354,洛阳山陕会馆,洛阳山陕会馆,https://baike.baidu.com/view/470598.htm,exact,洛阳山陕会馆,https://zh.wikipedia.org/wiki/%E6%B4%9B%E9%98%B3%E5%B1%B1%E9%99%95%E4%BC%9A%E9%A6%86,exact,
6-0652-3-355,汝州文庙,汝州文庙,https://baike.baidu.com/view/4618657.htm,exact,汝州文庙,https://zh.wikipedia.org/wiki/%E6%B1%9D%E5%B7%9E%E6%96%87%E5%BA%99,exact,
6-0653-3-356,朱仙镇清真寺,朱仙镇清真寺,https://baike.baidu.com/view/61810.htm,exact,朱仙镇清真寺,https://zh.wikipedia.org/wiki/%E6%9C%B1%E4%BB%99%E9%95%87%E6%B8%85%E7%9C%9F%E5%AF%BA,exact,
6-0654-3-357,开封东大寺,开封东大寺,https://baike.baidu.com/view/11811189.htm,exact,开封东大寺,https://zh.wikipedia.org/wiki/%E5%BC%80%E5%B0%81%E4%B8%9C%E5%A4%A7%E5%AF%BA,exact,
6-0655-3-358,陈元光祖祠,陈元光祖祠,https://baike.baidu.com/view/13366679.htm,exact,,,,
6-0656-3-359,太康文庙,太康文庙,https://baike.baidu.com/view/10191873.htm,exact,太康文庙,https://zh.wikipedia.org/wiki/%E5%A4%AA%E5%BA%B7%E6%96%87%E5%BA%99,exact,
6-0657-3-360,柏子塔,柏子塔,https://baike.baidu.com/view/1378608.htm,exact,柏子塔,https://zh.wikipedia.org/wiki/%E6%9F%8F%E5%AD%90%E5%A1%94,exact,
6-0658-3-361,五祖寺,五祖寺,https://baike.baidu.com/subview/70448/70448.htm,exact,五祖寺,https://zh.wikipedia.org/wiki/%E4%BA%94%E7%A5%96%E5%AF%BA,exact,
6-0659-3-362,鄂州观音阁,鄂州观音阁,https://baike.baidu.com/view/477422.htm,exact,鄂州观音阁,https://zh.wikipedia.org/wiki/%E9%84%82%E5%B7%9E%E8%A7%82%E9%9F%B3%E9%98%81,exact,
6-0660-3-363,鱼木寨,鱼木寨,https://baike.baidu.com/view/113959.htm,exact,,,,
6-0661-3-364,荆州三观,荆州三观,https://baike.baidu.com/view/9634220.htm,exact,荆州三观,https://zh.wikipedia.org/wiki/%E8%8D%86%E5%B7%9E%E4%B8%89%E8%A7%82,exact,
6-0662-3-365,荆州万寿宝塔,荆州万寿宝塔,https://baike.baidu.com/view/2860936.htm,exact,,,,
6-0663-3-366,黄陵庙,黄陵庙,https://baike.baidu.com/subview/111707/10804587.htm,exact,,,,
6-0664-3-367,茨河承恩寺,茨河承恩寺,https://baike.baidu.com/view/10620559.htm,exact,,,,
6-0665-3-368,钟祥文风塔,钟祥文风塔,https://baike.baidu.com/view/11775582.htm,exact,钟祥文风塔,https://zh.wikipedia.org/wiki/%E9%92%9F%E7%A5%A5%E6%96%87%E9%A3%8E%E5%A1%94,exact,
6-0666-3-369,武当山建筑群,武当山建筑群,https://baike.baidu.com/view/1322603.htm,exact,,,,
6-0667-3-370,凤凰山古建筑群,凤凰山古建筑群,https://baike.baidu.com/view/6681270.htm,exact,凤凰山古建筑群,https://zh.wikipedia.org/wiki/%E5%87%A4%E5%87%B0%E5%B1%B1%E5%8F%A4%E5%BB%BA%E7%AD%91%E7%BE%A4,exact,
6-0668-3-371,米公祠,米公祠,https://baike.baidu.com/subview/55539/5961476.htm,exact,米公祠,https://zh.wikipedia.org/wiki/%E7%B1%B3%E5%85%AC%E7%A5%A0,exact,
6-0669-3-372,陡山吴氏祠,陡山吴氏祠,https://baike.baidu.com/view/10623891.htm,exact,陡山吴氏祠,https://zh.wikipedia.org/wiki/%E9%99%A1%E5%B1%B1%E5%90%B4%E6%B0%8F%E7%A5%A0,exact,
6-0670-3-373,上甘棠村古建筑群,上甘棠村古建筑群,https://baike.baidu.com/view/11817395.htm,exact,,,,
6-0671-3-374,高椅村古建筑群,高椅村古建筑群,https://baike.baidu.com/view/11623757.htm,exact,,,,
6-0672-3-375,桃花源古建筑群,桃花源古建筑群,https://baike.baidu.com/view/2236954.htm,exact,,,,
6-0673-3-376,南岳庙,南岳庙,https://baike.baidu.com/subview/114931/19039079.htm,exact,,,,
6-0674-3-377,洪江古建筑群,洪江古建筑群,https://baike.baidu.com/view/11605677.htm,exact,洪江古建筑群,https://zh.wikipedia.org/wiki/%E6%B4%AA%E6%B1%9F%E5%8F%A4%E5%BB%BA%E7%AD%91%E7%BE%A4,exact,
6-0675-3-378,坪坦风雨桥,坪坦风雨桥,https://baike.baidu.com/view/3544639.htm,exact,坪坦风雨桥,https://zh.wikipedia.org/wiki/%E5%9D%AA%E5%9D%A6%E9%A3%8E%E9%9B%A8%E6%A1%A5,exact,
6-0676-3-379,蔡侯祠,蔡侯祠,https://baike.baidu.com/view/967808.htm,exact,蔡侯祠,https://zh.wikipedia.org/wiki/%E8%94%A1%E4%BE%AF%E7%A5%A0,exact,
6-0677-3-380,余家碑坊,余家碑坊,https://baike.baidu.com/item/%E4%BD%99%E5%AE%B6%E7%A2%91%E5%9D%8A,exact,,,,
6-0678-3-381,凤凰古城堡,凤凰古城堡,https://baike.baidu.com/item/%E5%87%A4%E5%87%B0%E5%8F%A4%E5%9F%8E%E5%A0%A1,exact,,,,
6-0679-3-382,慧光塔,慧光塔,https://baike.baidu.com/view/1252457.htm,exact,慧光塔,https://zh.wikipedia.org/wiki/%E6%85%A7%E5%85%89%E5%A1%94,exact,
6-0680-3-383,龟峰塔,龟峰塔,https://baike.baidu.com/subview/47892/8023179.htm,exact,,,,
6-0681-3-384,六榕寺塔,六榕寺塔,https://baike.baidu.com/view/11821717.htm,exact,,,,
6-0682-3-385,广裕祠,广裕祠,https://baike.baidu.com/view/1520235.htm,exact,广裕祠,https://zh.wikipedia.org/wiki/%E5%B9%BF%E8%A3%95%E7%A5%A0,exact,
6-0683-3-386,南社村和塘尾村古建筑群,南社村和塘尾村古建筑群,https://baike.baidu.com/view/11820530.htm,exact,,,,
6-0684-3-387,韩文公祠,韩文公祠,https://baike.baidu.com/subview/75148/75148.htm,exact,,,,
6-0685-3-388,道韵楼,道韵楼,https://baike.baidu.com/view/59517.htm,exact,道韵楼,https://zh.wikipedia.org/wiki/%E9%81%93%E9%9F%B5%E6%A5%BC,exact,
6-0686-3-389,从熙公祠,从熙公祠,https://baike.baidu.com/view/814957.htm,exact,从熙公祠,https://zh.wikipedia.org/wiki/%E4%BB%8E%E7%86%99%E5%85%AC%E7%A5%A0,exact,
6-0687-3-390,陈芳家宅,陈芳家宅,https://baike.baidu.com/view/7799253.htm,exact,陈芳家宅,https://zh.wikipedia.org/wiki/%E9%99%88%E8%8A%B3%E5%AE%B6%E5%AE%85,exact,
6-0688-3-391,江头村和长岗岭村古建筑群,江头村和长岗岭村古建筑群,https://baike.baidu.com/view/11808798.htm,exact,江头村和长岗岭村古建筑群,https://zh.wikipedia.org/wiki/%E6%B1%9F%E5%A4%B4%E6%9D%91%E5%92%8C%E9%95%BF%E5%B2%97%E5%B2%AD%E6%9D%91%E5%8F%A4%E5%BB%BA%E7%AD%91%E7%BE%A4,exact,
6-0689-3-392,马殷庙,马殷庙,https://baike.baidu.com/view/8434029.htm,exact,,,,
6-0690-3-393,燕窝楼,燕窝楼,https://baike.baidu.com/view/159092.htm,exact,燕窝楼,https://zh.wikipedia.org/wiki/%E7%87%95%E7%AA%9D%E6%A5%BC,exact,
6-0691-3-394,恭城古建筑群,恭城古建筑群,https://baike.baidu.com/view/7284438.htm,exact,恭城古建筑群,https://zh.wikipedia.org/wiki/%E6%81%AD%E5%9F%8E%E5%8F%A4%E5%BB%BA%E7%AD%91%E7%BE%A4,exact,
6-0692-3-395,白帝城,白帝城,https://baike.baidu.com/subview/24298/7161922.htm,exact,白帝城,https://zh.wikipedia.org/wiki/%E7%99%BD%E5%B8%9D%E5%9F%8E,exact,
6-0693-3-396,湖广会馆,,,,湖广会馆,https://zh.wikipedia.org/wiki/%E6%B9%96%E5%B9%BF%E4%BC%9A%E9%A6%86,exact,北京湖广会馆 | https://baike.baidu.com/subview/516039/516039.htm | related-unconfirmed
6-0694-3-397,李业阙,李业阙,https://baike.baidu.com/view/5087832.htm,exact,,,,
6-0695-3-398,杨公阙,杨公阙,https://baike.baidu.com/view/5088365.htm,exact,,,,
6-0696-3-399,玉台山石塔,玉台山石塔,https://baike.baidu.com/view/5088031.htm,exact,,,,
6-0697-3-400,丹巴古碉群,丹巴古碉群,https://baike.baidu.com/view/5088528.htm,exact,,,,
6-0698-3-401,彭州佛塔,彭州佛塔,https://baike.baidu.com/view/5088402.htm,exact,彭州佛塔,https://zh.wikipedia.org/wiki/%E5%BD%AD%E5%B7%9E%E4%BD%9B%E5%A1%94,exact,
6-0699-3-402,无量宝塔,无量宝塔,https://baike.baidu.com/view/10098613.htm,exact,,,,
6-0700-3-403,圣德寺塔,圣德寺塔,https://baike.baidu.com/view/5088421.htm,exact,,,,
6-0701-3-404,淮口瑞光塔,淮口瑞光塔,https://baike.baidu.com/view/5088466.htm,exact,淮口瑞光塔,https://zh.wikipedia.org/wiki/%E6%B7%AE%E5%8F%A3%E7%91%9E%E5%85%89%E5%A1%94,exact,
6-0702-3-405,鹫峰寺塔,鹫峰寺塔,https://baike.baidu.com/view/5088509.htm,exact,,,,
6-0703-3-406,广德寺,广德寺,https://baike.baidu.com/subview/113543/5733733.htm,exact,广德寺,https://zh.wikipedia.org/wiki/%E5%B9%BF%E5%BE%B7%E5%AF%BA,exact,
6-0704-3-407,平襄楼,平襄楼,https://baike.baidu.com/view/1533009.htm,exact,,,,
6-0705-3-408,庐山青龙寺大殿,庐山青龙寺大殿,https://baike.baidu.com/item/%E5%BA%90%E5%B1%B1%E9%9D%92%E9%BE%99%E5%AF%BA%E5%A4%A7%E6%AE%BF,exact,庐山青龙寺大殿,https://zh.wikipedia.org/wiki/%E5%BA%90%E5%B1%B1%E9%9D%92%E9%BE%99%E5%AF%BA%E5%A4%A7%E6%AE%BF,exact,
6-0706-3-409,措尔机寺,措尔机寺,https://baike.baidu.com/view/5090593.htm,exact,,,,
6-0707-3-410,日斯满巴碉房,日斯满巴碉房,https://baike.baidu.com/view/5090391.htm,exact,,,,
6-0708-3-411,眉山报恩寺,眉山报恩寺,https://baike.baidu.com/view/5090478.htm,exact,报恩寺 (眉山),https://zh.wikipedia.org/wiki/%E6%8A%A5%E6%81%A9%E5%AF%BA_(%E7%9C%89%E5%B1%B1),redirect,
6-0709-3-412,醴峰观,醴峰观,https://baike.baidu.com/view/2266871.htm,exact,,,,
6-0710-3-413,木门寺,木门寺,https://baike.baidu.com/view/1294702.htm,exact,,,,
6-0711-3-414,旋螺殿,旋螺殿,https://baike.baidu.com/view/1066790.htm,exact,旋螺殿,https://zh.wikipedia.org/wiki/%E6%97%8B%E8%9E%BA%E6%AE%BF,exact,
6-0712-3-415,开善寺正殿,开善寺正殿,https://baike.baidu.com/view/10596596.htm,exact,,,,
6-0713-3-416,宝梵寺,宝梵寺,https://baike.baidu.com/subview/413368/5893159.htm,exact,宝梵寺,https://zh.wikipedia.org/wiki/%E5%AE%9D%E6%A2%B5%E5%AF%BA,exact,
6-0714-3-417,犍为文庙,犍为文庙,https://baike.baidu.com/view/2755971.htm,exact,犍为文庙,https://zh.wikipedia.org/wiki/%E7%8A%8D%E4%B8%BA%E6%96%87%E5%BA%99,exact,
6-0715-3-418,松格嘛呢石经城和巴格嘛呢石经墙,,,,松格嘛呢石经城和巴格嘛呢石经墙,https://zh.wikipedia.org/wiki/%E6%9D%BE%E6%A0%BC%E5%98%9B%E5%91%A2%E7%9F%B3%E7%B6%93%E5%9F%8E%E5%92%8C%E5%B7%B4%E6%A0%BC%E5%98%9B%E5%91%A2%E7%9F%B3%E7%B6%93%E7%89%86,manual,藏族 | https://zh.wikipedia.org/wiki/%E8%97%8F%E6%97%8F | different-title
6-0716-3-419,隘口石坊,隘口石坊,https://baike.baidu.com/view/5090778.htm,exact,隘口石牌坊,https://zh.wikipedia.org/wiki/%E9%9A%98%E5%8F%A3%E7%9F%B3%E7%89%8C%E5%9D%8A,redirect,
6-0717-3-420,望江楼古建筑群,望江楼古建筑群,https://baike.baidu.com/view/2236995.htm,exact,望江楼古建筑群,https://zh.wikipedia.org/wiki/%E6%9C%9B%E6%B1%9F%E6%A5%BC%E5%8F%A4%E5%BB%BA%E7%AD%91%E7%BE%A4,exact,
6-0718-3-421,洛带会馆,洛带会馆,https://baike.baidu.com/view/5091185.htm,exact,洛带会馆,https://zh.wikipedia.org/wiki/%E6%B4%9B%E5%B8%A6%E4%BC%9A%E9%A6%86,exact,
6-0719-3-422,春秋祠,春秋祠,https://baike.baidu.com/view/805362.htm,exact,春秋祠,https://zh.wikipedia.org/wiki/%E6%98%A5%E7%A7%8B%E7%A5%A0,exact,
6-0720-3-423,波日桥,波日桥,https://baike.baidu.com/view/1241657.htm,exact,波日桥,https://zh.wikipedia.org/wiki/%E6%B3%A2%E6%97%A5%E6%A1%A5,exact,
6-0721-3-424,庞统祠墓,庞统祠墓,https://baike.baidu.com/view/177560.htm,exact,庞统祠墓,https://zh.wikipedia.org/wiki/%E5%BA%9E%E7%BB%9F%E7%A5%A0%E5%A2%93,exact,
6-0722-3-425,三苏祠,三苏祠,https://baike.baidu.com/view/273788.htm,exact,三苏祠,https://zh.wikipedia.org/wiki/%E4%B8%89%E8%8B%8F%E7%A5%A0,exact,
6-0723-3-426,开江牌坊,开江牌坊,https://baike.baidu.com/view/5091491.htm,exact,,,,
6-0724-3-427,双堡牌坊,双堡牌坊,https://baike.baidu.com/view/11584609.htm,exact,,,,
6-0725-3-428,资中文庙和武庙,资中文庙和武庙,https://baike.baidu.com/view/11621488.htm,exact,,,,
6-0726-3-429,陈子昂读书台,陈子昂读书台,https://baike.baidu.com/view/909721.htm,exact,陈子昂读书台,https://zh.wikipedia.org/wiki/%E9%99%88%E5%AD%90%E6%98%82%E8%AF%BB%E4%B9%A6%E5%8F%B0,exact,
6-0727-3-430,宝箴塞,宝箴塞,https://baike.baidu.com/subview/760527/760527.htm,exact,寶箴塞,https://zh.wikipedia.org/wiki/%E5%AF%B6%E7%AE%B4%E5%A1%9E,redirect,
6-0728-3-431,织金古建筑群,织金古建筑群,https://baike.baidu.com/view/858862.htm,exact,,,,
6-0729-3-432,马头寨古建筑群,马头寨古建筑群,https://baike.baidu.com/view/8037955.htm,exact,,,,
6-0730-3-433,东山古建筑群,东山古建筑群,https://baike.baidu.com/view/10584115.htm,exact,,,,
6-0731-3-434,阳明洞和阳明祠,阳明洞和阳明祠,https://baike.baidu.com/view/13344033.htm,exact,,,,
6-0732-3-435,寨英村古建筑群,寨英村古建筑群,https://baike.baidu.com/view/4373236.htm,exact,,,,
6-0733-3-436,思唐古建筑群,思唐古建筑群,https://baike.baidu.com/view/4961829.htm,exact,思唐古建筑群,https://zh.wikipedia.org/wiki/%E6%80%9D%E5%94%90%E5%8F%A4%E5%BB%BA%E7%AD%91%E7%BE%A4,exact,
6-0734-3-437,飞云崖古建筑群,飞云崖古建筑群,https://baike.baidu.com/view/4956963.htm,exact,,,,
6-0735-3-438,旧州古建筑群,旧州古建筑群,https://baike.baidu.com/view/11598528.htm,exact,,,,
6-0736-3-439,文昌阁和甲秀楼,文昌阁和甲秀楼,https://baike.baidu.com/view/11597426.htm,exact,,,,
6-0737-3-440,葛镜桥,葛镜桥,https://baike.baidu.com/subview/1017466/1017466.htm,exact,葛镜桥,https://zh.wikipedia.org/wiki/%E8%91%9B%E9%95%9C%E6%A1%A5,exact,
6-0738-3-441,水目寺塔,水目寺塔,https://baike.baidu.com/view/1070322.htm,exact,水目寺塔,https://zh.wikipedia.org/wiki/%E6%B0%B4%E7%9B%AE%E5%AF%BA%E5%A1%94,exact,
6-0739-3-442,惠光寺塔和常乐寺塔,惠光寺塔和常乐寺塔,https://baike.baidu.com/view/1070308.htm,exact,,,,
6-0740-3-443,佛图寺塔,佛图寺塔,https://baike.baidu.com/view/1070300.htm,exact,佛图寺塔,https://zh.wikipedia.org/wiki/%E4%BD%9B%E5%9B%BE%E5%AF%BA%E5%A1%94,exact,
6-0741-3-444,大姚白塔,大姚白塔,https://baike.baidu.com/view/113206.htm,exact,大姚白塔,https://zh.wikipedia.org/wiki/%E5%A4%A7%E5%A7%9A%E7%99%BD%E5%A1%94,exact,
6-0742-3-445,曹溪寺,曹溪寺,https://baike.baidu.com/subview/49668/10974437.htm,exact,曹溪寺,https://zh.wikipedia.org/wiki/%E6%9B%B9%E6%BA%AA%E5%AF%BA,exact,
6-0743-3-446,秀山古建筑群,秀山古建筑群,https://baike.baidu.com/view/1070291.htm,exact,秀山古建筑群,https://zh.wikipedia.org/wiki/%E7%A7%80%E5%B1%B1%E5%8F%A4%E5%BB%BA%E7%AD%91%E7%BE%A4,exact,
6-0744-3-447,指林寺大殿,指林寺大殿,https://baike.baidu.com/view/1069324.htm,exact,指林寺大殿,https://zh.wikipedia.org/wiki/%E6%8C%87%E6%9E%97%E5%AF%BA%E5%A4%A7%E6%AE%BF,exact,
6-0745-3-448,宝山石头城,宝山石头城,https://baike.baidu.com/view/193651.htm,exact,宝山石头城,https://zh.wikipedia.org/wiki/%E5%AE%9D%E5%B1%B1%E7%9F%B3%E5%A4%B4%E5%9F%8E,exact,
6-0746-3-449,安宁文庙,安宁文庙,https://baike.baidu.com/view/1069315.htm,exact,安宁文庙,https://zh.wikipedia.org/wiki/%E5%AE%89%E5%AE%81%E6%96%87%E5%BA%99,exact,
6-0747-3-450,州城文庙和武庙,州城文庙和武庙,https://baike.baidu.com/view/1069306.htm,exact,,,,
6-0748-3-451,真庆观古建筑群,真庆观古建筑群,https://baike.baidu.com/view/1069303.htm,exact,,,,
6-0749-3-452,黑龙潭古建筑群,黑龙潭古建筑群,https://baike.baidu.com/item/%E9%BB%91%E9%BE%99%E6%BD%AD%E5%8F%A4%E5%BB%BA%E7%AD%91%E7%BE%A4/24156522,exact,,,,
6-0750-3-453,龙华寺,龙华寺,https://baike.baidu.com/subview/28091/9575606.htm,exact,,,,
6-0751-3-454,保山玉皇阁,保山玉皇阁,https://baike.baidu.com/view/1069293.htm,exact,,,,
6-0752-3-455,朝阳楼,朝阳楼,https://baike.baidu.com/subview/189849/19532869.htm,exact,朝阳楼,https://zh.wikipedia.org/wiki/%E6%9C%9D%E9%98%B3%E6%A5%BC,exact,
6-0753-3-456,西门街古建筑群,西门街古建筑群,https://baike.baidu.com/view/1069279.htm,exact,,,,
6-0754-3-457,沙溪兴教寺,沙溪兴教寺,https://baike.baidu.com/view/1069273.htm,exact,沙溪兴教寺,https://zh.wikipedia.org/wiki/%E6%B2%99%E6%BA%AA%E5%85%B4%E6%95%99%E5%AF%BA,exact,
6-0755-3-458,金龙桥,金龙桥,https://baike.baidu.com/subview/898176/12367803.htm,exact,,,,
6-0756-3-459,孟连宣抚司署,孟连宣抚司署,https://baike.baidu.com/view/54821.htm,exact,,,,
6-0757-3-460,曼短佛寺,曼短佛寺,https://baike.baidu.com/view/1069256.htm,exact,曼短佛寺,https://zh.wikipedia.org/wiki/%E6%9B%BC%E7%9F%AD%E4%BD%9B%E5%AF%BA,exact,
6-0758-3-461,双龙桥,双龙桥,https://baike.baidu.com/subview/233373/233373.htm,exact,双龙桥,https://zh.wikipedia.org/wiki/%E5%8F%8C%E9%BE%99%E6%A1%A5,exact,
6-0759-3-462,长春洞,长春洞,https://baike.baidu.com/view/998923.htm,exact,,,,
6-0760-3-463,寿国寺,寿国寺,https://baike.baidu.com/view/1069220.htm,exact,,,,
6-0761-3-464,会泽会馆,会泽会馆,https://baike.baidu.com/view/1069215.htm,exact,会泽会馆,https://zh.wikipedia.org/wiki/%E4%BC%9A%E6%B3%BD%E4%BC%9A%E9%A6%86,exact,
6-0762-3-465,松卡石塔,松卡石塔,https://baike.baidu.com/view/4945846.htm,exact,,,,
6-0763-3-466,聂塘卓玛拉康,聂塘卓玛拉康,https://baike.baidu.com/view/9804481.htm,exact,,,,
6-0764-3-467,查杰玛大殿,查杰玛大殿,https://baike.baidu.com/view/554294.htm,exact,,,,
6-0765-3-468,敏竹林寺,敏竹林寺,https://baike.baidu.com/view/3857090.htm,exact,,,,
6-0766-3-469,平措林寺,平措林寺,https://baike.baidu.com/view/358920.htm,exact,,,,
6-0767-3-470,邦纳寺,邦纳寺,https://baike.baidu.com/view/4945138.htm,exact,,,,
6-0768-3-471,康松桑卡林,康松桑卡林,https://baike.baidu.com/view/2237075.htm,exact,康松桑卡林,https://zh.wikipedia.org/wiki/%E5%BA%B7%E6%9D%BE%E6%A1%91%E5%8D%A1%E6%9E%97,exact,
6-0769-3-472,精进寺塔,精进寺塔,https://baike.baidu.com/view/693315.htm,exact,,,,
6-0770-3-473,长安圣寿寺塔,长安圣寿寺塔,https://baike.baidu.com/view/9895065.htm,exact,,,,
6-0771-3-474,长安华严寺塔,长安华严寺塔,https://baike.baidu.com/view/9895063.htm,exact,,,,
6-0772-3-475,百良寿圣寺塔,百良寿圣寺塔,https://baike.baidu.com/view/1671485.htm,exact,,,,
6-0773-3-476,昭慧塔,昭慧塔,https://baike.baidu.com/view/2122337.htm,exact,昭慧塔,https://zh.wikipedia.org/wiki/%E6%98%AD%E6%85%A7%E5%A1%94,exact,
6-0774-3-477,开明寺塔,开明寺塔,https://baike.baidu.com/view/967800.htm,exact,开明寺塔,https://zh.wikipedia.org/wiki/%E5%BC%80%E6%98%8E%E5%AF%BA%E5%A1%94,exact,
6-0775-3-478,大秦寺塔,大秦寺塔,https://baike.baidu.com/view/1087140.htm,exact,大秦寺塔,https://zh.wikipedia.org/wiki/%E5%A4%A7%E7%A7%A6%E5%AF%BA%E5%A1%94,exact,
6-0776-3-479,太平寺塔,太平寺塔,https://baike.baidu.com/view/1288614.htm,exact,太平寺塔,https://zh.wikipedia.org/wiki/%E5%A4%AA%E5%B9%B3%E5%AF%BA%E5%A1%94,exact,
6-0777-3-480,武陵寺塔,武陵寺塔,https://baike.baidu.com/view/79867.htm,exact,武陵寺塔,https://zh.wikipedia.org/wiki/%E6%AD%A6%E9%99%B5%E5%AF%BA%E5%A1%94,exact,
6-0778-3-481,神德寺塔,神德寺塔,https://baike.baidu.com/view/6862249.htm,exact,,,,
6-0779-3-482,法王庙,南阳法王庙,https://baike.baidu.com/item/%E5%8D%97%E9%98%B3%E6%B3%95%E7%8E%8B%E5%BA%99,related-location,法王庙,https://zh.wikipedia.org/wiki/%E6%B3%95%E7%8E%8B%E5%BA%99,exact,
6-0780-3-483,北营庙,北营庙,https://baike.baidu.com/view/11818590.htm,exact,北营庙,https://zh.wikipedia.org/wiki/%E5%8C%97%E8%90%A5%E5%BA%99,exact,
6-0781-3-484,五门堰,五门堰,https://baike.baidu.com/view/155836.htm,exact,,,,
6-0782-3-485,吴堡石城,吴堡石城,https://baike.baidu.com/view/1512602.htm,exact,,,,
6-0783-3-486,周公庙,周公庙,https://baike.baidu.com/subview/8584/6786620.htm,exact,周公庙,https://zh.wikipedia.org/wiki/%E5%91%A8%E5%85%AC%E5%BA%99,exact,
6-0784-3-487,榆林卫城,榆林卫城,https://baike.baidu.com/view/5450560.htm,exact,,,,
6-0785-3-488,张良庙,张良庙,https://baike.baidu.com/view/75593.htm,exact,,,,
6-0786-3-489,扶风城隍庙,扶风城隍庙,https://baike.baidu.com/view/11596241.htm,exact,扶风城隍庙,https://zh.wikipedia.org/wiki/%E6%89%B6%E9%A3%8E%E5%9F%8E%E9%9A%8D%E5%BA%99,exact,
6-0787-3-490,玉皇后土庙,玉皇后土庙,https://baike.baidu.com/view/11505218.htm,exact,,,,
6-0788-3-491,玄武庙青石殿,玄武庙青石殿,https://baike.baidu.com/view/1671478.htm,exact,,,,
6-0789-3-492,庆安寺塔,庆安寺塔,https://baike.baidu.com/view/4578441.htm,exact,庆安寺塔,https://zh.wikipedia.org/wiki/%E5%BA%86%E5%AE%89%E5%AF%BA%E5%A1%94,exact,
6-0790-3-493,咸阳文庙,咸阳文庙,https://baike.baidu.com/view/5833470.htm,exact,咸阳文庙,https://zh.wikipedia.org/wiki/%E5%92%B8%E9%98%B3%E6%96%87%E5%BA%99,exact,
6-0791-3-494,盘龙山古建筑群,盘龙山古建筑群,https://baike.baidu.com/view/2237108.htm,exact,,,,
6-0792-3-495,姜氏庄园,姜氏庄园,https://baike.baidu.com/subview/1272612/1272612.htm,exact,,,,
6-0793-3-496,丰图义仓,丰图义仓,https://baike.baidu.com/view/417835.htm,exact,,,,
6-0794-3-497,湘乐砖塔,湘乐砖塔,https://baike.baidu.com/view/10632577.htm,exact,湘乐砖塔,https://zh.wikipedia.org/wiki/%E6%B9%98%E4%B9%90%E7%A0%96%E5%A1%94,exact,
6-0795-3-498,玉泉观,玉泉观,https://baike.baidu.com/subview/185447/8794727.htm,exact,玉泉观,https://zh.wikipedia.org/wiki/%E7%8E%89%E6%B3%89%E8%A7%82,exact,
6-0796-3-499,后街清真寺,后街清真寺,https://baike.baidu.com/view/2237144.htm,exact,后街清真寺,https://zh.wikipedia.org/wiki/%E5%90%8E%E8%A1%97%E6%B8%85%E7%9C%9F%E5%AF%BA,exact,
6-0797-3-500,红城感恩寺,红城感恩寺,https://baike.baidu.com/view/8016850.htm,exact,,,,
6-0798-3-501,秦安文庙,秦安文庙,https://baike.baidu.com/view/8016772.htm,exact,,,,
6-0799-3-502,张掖鼓楼,张掖鼓楼,https://baike.baidu.com/view/4122423.htm,exact,张掖鼓楼,https://zh.wikipedia.org/wiki/%E5%BC%A0%E6%8E%96%E9%BC%93%E6%A5%BC,exact,
6-0800-3-503,西来寺,西来寺,https://baike.baidu.com/subview/475888/6282188.htm,exact,,,,
6-0801-3-504,罗川赵氏石坊,罗川赵氏石坊,https://baike.baidu.com/view/8016729.htm,exact,,,,
6-0802-3-505,永昌钟鼓楼,永昌钟鼓楼,https://baike.baidu.com/view/2237168.htm,exact,永昌钟鼓楼,https://zh.wikipedia.org/wiki/%E6%B0%B8%E6%98%8C%E9%92%9F%E9%BC%93%E6%A5%BC,exact,
6-0803-3-506,延恩寺塔,延恩寺塔,https://baike.baidu.com/view/8016647.htm,exact,延恩寺塔,https://zh.wikipedia.org/wiki/%E5%BB%B6%E6%81%A9%E5%AF%BA%E5%A1%94,exact,
6-0804-3-507,张掖会馆,张掖会馆,https://baike.baidu.com/view/8016575.htm,exact,,,,
6-0805-3-508,格萨尔三十大将军灵塔和达那寺,格萨尔三十大将军灵塔和达那寺,https://baike.baidu.com/view/11602003.htm,exact,,,,
6-0806-3-509,却藏寺,却藏寺,https://baike.baidu.com/view/282697.htm,exact,却藏寺,https://zh.wikipedia.org/wiki/%E5%8D%B4%E8%97%8F%E5%AF%BA,exact,
6-0807-3-510,承天寺塔,承天寺塔,https://baike.baidu.com/view/2159.htm,exact,承天寺塔,https://zh.wikipedia.org/wiki/%E6%89%BF%E5%A4%A9%E5%AF%BA%E5%A1%94,exact,
6-0808-3-511,董府,董府,https://baike.baidu.com/view/177550.htm,exact,,,,
6-0809-3-512,靖远寺,靖远寺,https://baike.baidu.com/view/563175.htm,exact,,,,
6-0810-3-513,大运河,大运河,https://baike.baidu.com/subview/60583/8295220.htm,exact,大运河,https://zh.wikipedia.org/wiki/%E5%A4%A7%E8%BF%90%E6%B2%B3,exact,
6-0811-4-001,千像寺造像,千像寺造像,https://baike.baidu.com/view/3798486.htm,exact,千像寺造像,https://zh.wikipedia.org/wiki/%E5%8D%83%E5%83%8F%E5%AF%BA%E9%80%A0%E5%83%8F,exact,
6-0812-4-002,五礼记碑,五礼记碑,https://baike.baidu.com/view/595679.htm,exact,五礼记碑,https://zh.wikipedia.org/wiki/%E4%BA%94%E7%A4%BC%E8%AE%B0%E7%A2%91,exact,
6-0813-4-003,宋璟碑,宋璟碑,https://baike.baidu.com/view/1322696.htm,exact,宋璟碑,https://zh.wikipedia.org/wiki/%E5%AE%8B%E7%92%9F%E7%A2%91,exact,
6-0814-4-004,大佛顶尊胜陀罗尼经幢,大佛顶尊胜陀罗尼经幢,https://baike.baidu.com/view/3187051.htm,exact,大佛顶尊胜陀罗尼经幢,https://zh.wikipedia.org/wiki/%E5%A4%A7%E4%BD%9B%E9%A1%B6%E5%B0%8A%E8%83%9C%E9%99%80%E7%BD%97%E5%B0%BC%E7%BB%8F%E5%B9%A2,exact,
6-0815-4-005,羊头山石窟,羊头山石窟,https://baike.baidu.com/view/170748.htm,exact,,,,
6-0816-4-006,碧落寺,碧落寺,https://baike.baidu.com/view/1703704.htm,exact,,,,
6-0817-4-007,金灯寺石窟,金灯寺石窟,https://baike.baidu.com/view/99407.htm,exact,,,,
6-0818-4-008,阴山岩画,阴山岩画,https://baike.baidu.com/subview/57252/57252.htm,exact,,,,
6-0819-4-009,真寂之寺石窟,真寂之寺石窟,https://baike.baidu.com/view/4448467.htm,exact,,,,
6-0820-4-010,阿什哈达摩崖,阿什哈达摩崖,https://baike.baidu.com/view/2055882.htm,exact,,,,
6-0821-4-011,天下第二泉庭院及石刻,天下第二泉庭院及石刻,https://baike.baidu.com/view/11811258.htm,exact,,,,
6-0822-4-012,顾渚贡茶院遗址及摩崖,顾渚贡茶院遗址及摩崖,https://baike.baidu.com/view/2734823.htm,exact,,,,
6-0823-4-013,安国寺经幢,安国寺经幢,https://baike.baidu.com/view/483820.htm,exact,安国寺经幢,https://zh.wikipedia.org/wiki/%E5%AE%89%E5%9B%BD%E5%AF%BA%E7%BB%8F%E5%B9%A2,exact,
6-0824-4-014,法隆寺经幢,法隆寺经幢,https://baike.baidu.com/view/1105181.htm,exact,法隆寺经幢,https://zh.wikipedia.org/wiki/%E6%B3%95%E9%9A%86%E5%AF%BA%E7%BB%8F%E5%B9%A2,exact,
6-0825-4-015,齐云山石刻,齐云山石刻,https://baike.baidu.com/view/9026680.htm,exact,,,,
6-0826-4-016,栖云洞造像,栖云洞造像,https://baike.baidu.com/view/4422784.htm,exact,栖云洞造像,https://zh.wikipedia.org/wiki/%E6%A0%96%E4%BA%91%E6%B4%9E%E9%80%A0%E5%83%8F,exact,
6-0827-4-017,显应宫泥塑,显应宫泥塑,https://baike.baidu.com/view/4422770.htm,exact,显应宫泥塑,https://zh.wikipedia.org/wiki/%E6%98%BE%E5%BA%94%E5%AE%AB%E6%B3%A5%E5%A1%91,exact,
6-0828-4-018,灵济宫碑,灵济宫碑,https://baike.baidu.com/view/4422737.htm,exact,灵济宫碑,https://zh.wikipedia.org/wiki/%E7%81%B5%E6%B5%8E%E5%AE%AB%E7%A2%91,exact,
6-0829-4-019,秀峰摩崖,秀峰摩崖,https://baike.baidu.com/view/4409795.htm,exact,秀峰摩崖,https://zh.wikipedia.org/wiki/%E7%A7%80%E5%B3%B0%E6%91%A9%E5%B4%96,exact,
6-0830-4-020,泷冈阡表碑,泷冈阡表碑,https://baike.baidu.com/view/4409514.htm,exact,泷冈阡表碑,https://zh.wikipedia.org/wiki/%E6%B3%B7%E5%86%88%E9%98%A1%E8%A1%A8%E7%A2%91,exact,
6-0831-4-021,大智彭氏家族石刻,大智彭氏家族石刻,https://baike.baidu.com/view/4409495.htm,exact,大智彭氏家族石刻,https://zh.wikipedia.org/wiki/%E5%A4%A7%E6%99%BA%E5%BD%AD%E6%B0%8F%E5%AE%B6%E6%97%8F%E7%9F%B3%E5%88%BB,exact,
6-0832-4-022,西天寺造像,西天寺造像,https://baike.baidu.com/view/4441691.htm,exact,西天寺造像,https://zh.wikipedia.org/wiki/%E8%A5%BF%E5%A4%A9%E5%AF%BA%E9%80%A0%E5%83%8F,exact,
6-0833-4-023,洪顶山摩崖,洪顶山摩崖,https://baike.baidu.com/view/4412945.htm,exact,,,,
6-0834-4-024,圣经山摩崖,圣经山摩崖,https://baike.baidu.com/view/4436865.htm,exact,,,,
6-0835-4-025,青天河摩崖,青天河摩崖,https://baike.baidu.com/view/13371861.htm,exact,,,,
6-0836-4-026,西明寺造像碑,西明寺造像碑,https://baike.baidu.com/view/11620310.htm,exact,,,,
6-0837-4-027,升仙太子碑,升仙太子碑,https://baike.baidu.com/view/237219.htm,exact,升仙太子碑,https://zh.wikipedia.org/wiki/%E5%8D%87%E4%BB%99%E5%A4%AA%E5%AD%90%E7%A2%91,exact,
6-0838-4-028,崇唐观造像,崇唐观造像,https://baike.baidu.com/item/%E5%B4%87%E5%94%90%E8%A7%82%E9%80%A0%E5%83%8F,exact,,,,
6-0839-4-029,元次山碑,元次山碑,https://baike.baidu.com/view/1022773.htm,exact,,,,
6-0840-4-030,云梦山摩崖,云梦山摩崖,https://baike.baidu.com/view/11579747.htm,exact,,,,
6-0841-4-031,彼岸寺碑,彼岸寺碑,https://baike.baidu.com/view/11594298.htm,exact,彼岸寺碑,https://zh.wikipedia.org/wiki/%E5%BD%BC%E5%B2%B8%E5%AF%BA%E7%A2%91,exact,
6-0842-4-032,刘碑寺碑,刘碑寺碑,https://baike.baidu.com/item/%E5%88%98%E7%A2%91%E5%AF%BA%E7%A2%91,exact,,,,
6-0843-4-033,唐兀公碑,唐兀公碑,https://baike.baidu.com/view/273846.htm,exact,唐兀公碑,https://zh.wikipedia.org/wiki/%E5%94%90%E5%85%80%E5%85%AC%E7%A2%91,exact,
6-0844-4-034,三游洞摩崖,三游洞摩崖,https://baike.baidu.com/view/8407782.htm,exact,三游洞摩崖,https://zh.wikipedia.org/wiki/%E4%B8%89%E6%B8%B8%E6%B4%9E%E6%91%A9%E5%B4%96,exact,
6-0845-4-035,仙佛寺石窟,仙佛寺石窟,https://baike.baidu.com/view/1511141.htm,exact,仙佛寺石窟,https://zh.wikipedia.org/wiki/%E4%BB%99%E4%BD%9B%E5%AF%BA%E7%9F%B3%E7%AA%9F,exact,
6-0846-4-036,东坡赤壁,东坡赤壁,https://baike.baidu.com/subview/44032/44032.htm,exact,东坡赤壁,https://zh.wikipedia.org/wiki/%E4%B8%9C%E5%9D%A1%E8%B5%A4%E5%A3%81,exact,
6-0847-4-037,慈孝沟“采皇木”摩崖,,,,慈孝沟“采皇木”摩崖,https://zh.wikipedia.org/wiki/%E6%85%88%E5%AD%9D%E6%B2%9F%E2%80%9C%E9%87%87%E7%9A%87%E6%9C%A8%E2%80%9D%E6%91%A9%E5%B4%96,exact,
6-0848-4-038,阳华岩摩崖,阳华岩摩崖,https://baike.baidu.com/item/%E9%98%B3%E5%8D%8E%E5%B2%A9%E6%91%A9%E5%B4%96,exact,,,,
6-0849-4-039,却金亭碑,却金亭碑,https://baike.baidu.com/view/402049.htm,exact,却金亭碑,https://zh.wikipedia.org/wiki/%E5%8D%B4%E9%87%91%E4%BA%AD%E7%A2%91,exact,
6-0850-4-040,柳侯祠碑刻,柳侯祠碑刻,https://baike.baidu.com/view/5351201.htm,exact,,,,
6-0851-4-041,潼南大佛寺摩崖造像,潼南大佛寺摩崖造像,https://baike.baidu.com/view/11607418.htm,exact,潼南大佛寺摩崖造像,https://zh.wikipedia.org/wiki/%E6%BD%BC%E5%8D%97%E5%A4%A7%E4%BD%9B%E5%AF%BA%E6%91%A9%E5%B4%96%E9%80%A0%E5%83%8F,exact,
6-0852-4-042,涞滩二佛寺摩崖造像,涞滩二佛寺摩崖造像,https://baike.baidu.com/view/11606416.htm,exact,涞滩二佛寺摩崖造像,https://zh.wikipedia.org/wiki/%E6%B6%9E%E6%BB%A9%E4%BA%8C%E4%BD%9B%E5%AF%BA%E6%91%A9%E5%B4%96%E9%80%A0%E5%83%8F,exact,
6-0853-4-043,蒲江石窟,蒲江石窟,https://baike.baidu.com/view/5091619.htm,exact,蒲江石窟,https://zh.wikipedia.org/wiki/%E8%92%B2%E6%B1%9F%E7%9F%B3%E7%AA%9F,exact,
6-0854-4-044,邛崃石窟,邛崃石窟,https://baike.baidu.com/view/572207.htm,exact,,,,
6-0855-4-045,博什瓦黑岩画,博什瓦黑岩画,https://baike.baidu.com/view/900413.htm,exact,,,,
6-0856-4-046,荣县大佛石窟,荣县大佛石窟,https://baike.baidu.com/view/11618099.htm,exact,,,,
6-0857-4-047,夹江千佛岩石窟,夹江千佛岩石窟,https://baike.baidu.com/item/%E5%A4%B9%E6%B1%9F%E5%8D%83%E4%BD%9B%E5%B2%A9%E7%9F%B3%E7%AA%9F,exact,,,,
6-0858-4-048,通江千佛岩石窟,通江千佛岩石窟,https://baike.baidu.com/view/10596600.htm,exact,,,,
6-0859-4-049,牛角寨石窟,牛角寨石窟,https://baike.baidu.com/view/5091888.htm,exact,牛角寨石窟,https://zh.wikipedia.org/wiki/%E7%89%9B%E8%A7%92%E5%AF%A8%E7%9F%B3%E7%AA%9F,exact,
6-0860-4-050,卧龙山千佛岩石窟,卧龙山千佛岩石窟,https://baike.baidu.com/view/11584411.htm,exact,卧龙山千佛岩石窟,https://zh.wikipedia.org/wiki/%E5%8D%A7%E9%BE%99%E5%B1%B1%E5%8D%83%E4%BD%9B%E5%B2%A9%E7%9F%B3%E7%AA%9F,exact,
6-0861-4-051,孟孝琚碑,孟孝琚碑,https://baike.baidu.com/view/472760.htm,exact,孟孝琚碑,https://zh.wikipedia.org/wiki/%E5%AD%9F%E5%AD%9D%E7%90%9A%E7%A2%91,exact,
6-0862-4-052,王仁求碑,王仁求碑,https://baike.baidu.com/view/1069213.htm,exact,王仁求碑,https://zh.wikipedia.org/wiki/%E7%8E%8B%E4%BB%81%E6%B1%82%E7%A2%91,exact,
6-0863-4-053,马哈只墓碑,马哈只墓碑,https://baike.baidu.com/view/1069210.htm,exact,,,,
6-0864-4-054,灵岩寺摩崖,灵岩寺摩崖,https://baike.baidu.com/view/10645396.htm,exact,,,,
6-0865-4-055,石泓寺石窟,石泓寺石窟,https://baike.baidu.com/view/833953.htm,exact,,,,
6-0866-4-056,杨珣碑,杨珣碑,https://baike.baidu.com/view/8229759.htm,exact,,,,
6-0867-4-057,万安禅院石窟,万安禅院石窟,https://baike.baidu.com/view/11576041.htm,exact,,,,
6-0868-4-058,云崖寺和陈家洞石窟,云崖寺和陈家洞石窟,https://baike.baidu.com/view/8016529.htm,exact,,,,
6-0869-4-059,木梯寺石窟,木梯寺石窟,https://baike.baidu.com/view/4122397.htm,exact,木梯寺石窟,https://zh.wikipedia.org/wiki/%E6%9C%A8%E6%A2%AF%E5%AF%BA%E7%9F%B3%E7%AA%9F,exact,
6-0870-4-060,王母宫石窟,王母宫石窟,https://baike.baidu.com/view/537122.htm,exact,王母宫石窟,https://zh.wikipedia.org/wiki/%E7%8E%8B%E6%AF%8D%E5%AE%AB%E7%9F%B3%E7%AA%9F,exact,
6-0871-4-061,《新修白水路记》摩崖,《新修白水路记》摩崖,https://baike.baidu.com/item/%E3%80%8A%E6%96%B0%E4%BF%AE%E7%99%BD%E6%B0%B4%E8%B7%AF%E8%AE%B0%E3%80%8B%E6%91%A9%E5%B4%96,exact,《新修白水路记》摩崖,https://zh.wikipedia.org/wiki/%E3%80%8A%E6%96%B0%E4%BF%AE%E7%99%BD%E6%B0%B4%E8%B7%AF%E8%AE%B0%E3%80%8B%E6%91%A9%E5%B4%96,exact,
6-0872-4-062,贝大日如来佛石窟寺和勒巴沟摩崖,贝大日如来佛石窟寺和勒巴沟摩崖,https://baike.baidu.com/item/%E8%B4%9D%E5%A4%A7%E6%97%A5%E5%A6%82%E6%9D%A5%E4%BD%9B%E7%9F%B3%E7%AA%9F%E5%AF%BA%E5%92%8C%E5%8B%92%E5%B7%B4%E6%B2%9F%E6%91%A9%E5%B4%96,exact,,,,
6-0873-4-063,吐峪沟石窟,吐峪沟石窟,https://baike.baidu.com/view/471742.htm,exact,吐峪沟石窟,https://zh.wikipedia.org/wiki/%E5%90%90%E5%B3%AA%E6%B2%9F%E7%9F%B3%E7%AA%9F,exact,
6-0874-5-001,京师大学堂分科大学旧址,京师大学堂分科大学旧址,https://baike.baidu.com/view/10748744.htm,exact,京师大学堂分科大学旧址,https://zh.wikipedia.org/wiki/%E4%BA%AC%E5%B8%88%E5%A4%A7%E5%AD%A6%E5%A0%82%E5%88%86%E7%A7%91%E5%A4%A7%E5%AD%A6%E6%97%A7%E5%9D%80,exact,
6-0875-5-002,清陆军部和海军部旧址,清陆军部和海军部旧址,https://baike.baidu.com/view/7448362.htm,exact,清陆军部和海军部旧址,https://zh.wikipedia.org/wiki/%E6%B8%85%E9%99%86%E5%86%9B%E9%83%A8%E5%92%8C%E6%B5%B7%E5%86%9B%E9%83%A8%E6%97%A7%E5%9D%80,exact,
6-0876-5-003,亚斯立堂,亚斯立堂,https://baike.baidu.com/view/1062685.htm,exact,亚斯立堂,https://zh.wikipedia.org/wiki/%E4%BA%9A%E6%96%AF%E7%AB%8B%E5%A0%82,exact,
6-0877-5-004,清农事试验场旧址,清农事试验场旧址,https://baike.baidu.com/view/2904050.htm,exact,,,,
6-0878-5-005,西什库教堂,西什库教堂,https://baike.baidu.com/view/8041.htm,exact,,,,
6-0879-5-006,国立蒙藏学校旧址,国立蒙藏学校旧址,https://baike.baidu.com/view/1064382.htm,exact,国立蒙藏学校旧址,https://zh.wikipedia.org/wiki/%E5%9B%BD%E7%AB%8B%E8%92%99%E8%97%8F%E5%AD%A6%E6%A0%A1%E6%97%A7%E5%9D%80,exact,
6-0880-5-007,北京国会旧址,北京国会旧址,https://baike.baidu.com/view/10264748.htm,exact,北京国会旧址,https://zh.wikipedia.org/wiki/%E5%8C%97%E4%BA%AC%E5%9B%BD%E4%BC%9A%E6%97%A7%E5%9D%80,exact,
6-0881-5-008,京师女子师范学堂旧址,京师女子师范学堂旧址,https://baike.baidu.com/view/10655598.htm,exact,,,,
6-0882-5-009,国民政府财政部印刷局旧址,国民政府财政部印刷局旧址,https://baike.baidu.com/view/3110383.htm,exact,国民政府财政部印刷局旧址,https://zh.wikipedia.org/wiki/%E5%9B%BD%E6%B0%91%E6%94%BF%E5%BA%9C%E8%B4%A2%E6%94%BF%E9%83%A8%E5%8D%B0%E5%88%B7%E5%B1%80%E6%97%A7%E5%9D%80,exact,
6-0883-5-010,大栅栏商业建筑,大栅栏商业建筑,https://baike.baidu.com/item/%E5%A4%A7%E6%A0%85%E6%A0%8F%E5%95%86%E4%B8%9A%E5%BB%BA%E7%AD%91,exact,,,,
6-0884-5-011,协和医学院旧址,协和医学院旧址,https://baike.baidu.com/view/10651115.htm,exact,,,,
6-0885-5-012,北平图书馆旧址,北平图书馆旧址,https://baike.baidu.com/view/7447742.htm,exact,,,,
6-0886-5-013,辛亥滦州起义纪念园,辛亥滦州起义纪念园,https://baike.baidu.com/view/1064584.htm,exact,,,,
6-0887-5-014,孙中山行馆,孙中山行馆,https://baike.baidu.com/view/5318796.htm,exact,孙中山行馆,https://zh.wikipedia.org/wiki/%E5%AD%99%E4%B8%AD%E5%B1%B1%E8%A1%8C%E9%A6%86,exact,
6-0888-5-015,北京鲁迅旧居,北京鲁迅旧居,https://baike.baidu.com/item/%E5%8C%97%E4%BA%AC%E9%B2%81%E8%BF%85%E6%97%A7%E5%B1%85,exact,,,,
6-0889-5-016,盐业银行旧址,盐业银行旧址,https://baike.baidu.com/item/%E7%9B%90%E4%B8%9A%E9%93%B6%E8%A1%8C%E6%97%A7%E5%9D%80/63141117,exact,,,,
6-0890-5-017,法国公议局旧址,法国公议局旧址,https://baike.baidu.com/view/3798512.htm,exact,法国公议局旧址,https://zh.wikipedia.org/wiki/%E6%B3%95%E5%9B%BD%E5%85%AC%E8%AE%AE%E5%B1%80%E6%97%A7%E5%9D%80,exact,
6-0891-5-018,梁启超旧居,梁启超旧居,https://baike.baidu.com/item/%E6%A2%81%E5%90%AF%E8%B6%85%E6%97%A7%E5%B1%85/62629129,exact,,,,
6-0892-5-019,山海关八国联军营盘旧址,山海关八国联军营盘旧址,https://baike.baidu.com/view/3898882.htm,exact,山海关八国联军营盘旧址,https://zh.wikipedia.org/wiki/%E5%B1%B1%E6%B5%B7%E5%85%B3%E5%85%AB%E5%9B%BD%E8%81%94%E5%86%9B%E8%90%A5%E7%9B%98%E6%97%A7%E5%9D%80,exact,
6-0893-5-020,北戴河近代建筑群,北戴河近代建筑群,https://baike.baidu.com/view/4409369.htm,exact,北戴河近代建筑群,https://zh.wikipedia.org/wiki/%E5%8C%97%E6%88%B4%E6%B2%B3%E8%BF%91%E4%BB%A3%E5%BB%BA%E7%AD%91%E7%BE%A4,exact,
6-0894-5-021,丰润中学校旧址,丰润中学校旧址,https://baike.baidu.com/view/4409239.htm,exact,,,,
6-0895-5-022,义和拳议事厅旧址,义和拳议事厅旧址,https://baike.baidu.com/view/4407662.htm,exact,,,,
6-0896-5-023,育德中学旧址,育德中学旧址,https://baike.baidu.com/view/11616243.htm,exact,,,,
6-0897-5-024,保定陆军军官学校旧址,保定陆军军官学校旧址,https://baike.baidu.com/view/2310118.htm,exact,保定陆军军官学校旧址,https://zh.wikipedia.org/wiki/%E4%BF%9D%E5%AE%9A%E9%99%86%E5%86%9B%E5%86%9B%E5%AE%98%E5%AD%A6%E6%A0%A1%E6%97%A7%E5%9D%80,exact,
6-0898-5-025,察哈尔都统署旧址,察哈尔都统署旧址,https://baike.baidu.com/view/417567.htm,exact,察哈尔都统署旧址,https://zh.wikipedia.org/wiki/%E5%AF%9F%E5%93%88%E5%B0%94%E9%83%BD%E7%BB%9F%E7%BD%B2%E6%97%A7%E5%9D%80,exact,
6-0899-5-026,布里留法工艺学校旧址,布里留法工艺学校旧址,https://baike.baidu.com/view/13370424.htm,exact,布里留法工艺学校旧址,https://zh.wikipedia.org/wiki/%E5%B8%83%E9%87%8C%E7%95%99%E6%B3%95%E5%B7%A5%E8%89%BA%E5%AD%A6%E6%A0%A1%E6%97%A7%E5%9D%80,exact,
6-0900-5-027,晏阳初旧居,晏阳初旧居,https://baike.baidu.com/item/%E6%99%8F%E9%98%B3%E5%88%9D%E6%97%A7%E5%B1%85/62766241,exact,晏阳初旧居,https://zh.wikipedia.org/wiki/%E6%99%8F%E9%98%B3%E5%88%9D%E6%97%A7%E5%B1%85,exact,
6-0901-5-028,潘家峪惨案遗址,潘家峪惨案遗址,https://baike.baidu.com/view/4153447.htm,exact,潘家峪惨案遗址,https://zh.wikipedia.org/wiki/%E6%BD%98%E5%AE%B6%E5%B3%AA%E6%83%A8%E6%A1%88%E9%81%97%E5%9D%80,exact,
6-0902-5-029,中共晋冀鲁豫中央局和军区旧址,中共晋冀鲁豫中央局和军区旧址,https://baike.baidu.com/view/1019088.htm,exact,中共晋冀鲁豫中央局和军区旧址,https://zh.wikipedia.org/wiki/%E4%B8%AD%E5%85%B1%E6%99%8B%E5%86%80%E9%B2%81%E8%B1%AB%E4%B8%AD%E5%A4%AE%E5%B1%80%E5%92%8C%E5%86%9B%E5%8C%BA%E6%97%A7%E5%9D%80,exact,
6-0903-5-030,唐山大地震遗址,唐山大地震遗址,https://baike.baidu.com/view/2237200.htm,exact,唐山大地震遗址,https://zh.wikipedia.org/wiki/%E5%94%90%E5%B1%B1%E5%A4%A7%E5%9C%B0%E9%9C%87%E9%81%97%E5%9D%80,exact,
6-0904-5-031,徐向前故居,徐向前故居,https://baike.baidu.com/view/857933.htm,exact,徐向前故居,https://zh.wikipedia.org/wiki/%E5%BE%90%E5%90%91%E5%89%8D%E6%95%85%E5%B1%85,exact,
6-0905-5-032,大同煤矿万人坑,大同煤矿万人坑,https://baike.baidu.com/view/4413029.htm,exact,大同煤矿万人坑,https://zh.wikipedia.org/wiki/%E5%A4%A7%E5%90%8C%E7%85%A4%E7%9F%BF%E4%B8%87%E4%BA%BA%E5%9D%91,exact,
6-0906-5-033,西河头地道战遗址,西河头地道战遗址,https://baike.baidu.com/view/1924512.htm,exact,西河头地道战遗址,https://zh.wikipedia.org/wiki/%E8%A5%BF%E6%B2%B3%E5%A4%B4%E5%9C%B0%E9%81%93%E6%88%98%E9%81%97%E5%9D%80,exact,
6-0907-5-034,山西省立第三中学旧址,山西省立第三中学旧址,https://baike.baidu.com/view/11824149.htm,exact,山西省立第三中学旧址,https://zh.wikipedia.org/wiki/%E5%B1%B1%E8%A5%BF%E7%9C%81%E7%AB%8B%E7%AC%AC%E4%B8%89%E4%B8%AD%E5%AD%A6%E6%97%A7%E5%9D%80,exact,
6-0908-5-035,黄崖洞兵工厂旧址,黄崖洞兵工厂旧址,https://baike.baidu.com/view/2439245.htm,exact,,,,
6-0909-5-036,乌兰夫故居,乌兰夫故居,https://baike.baidu.com/view/224336.htm,exact,乌兰夫故居,https://zh.wikipedia.org/wiki/%E4%B9%8C%E5%85%B0%E5%A4%AB%E6%95%85%E5%B1%85,exact,
6-0910-5-037,成吉思汗庙,成吉思汗庙,https://baike.baidu.com/view/224799.htm,exact,成吉思汗庙,https://zh.wikipedia.org/wiki/%E6%88%90%E5%90%89%E6%80%9D%E6%B1%97%E5%BA%99,exact,
6-0911-5-038,“独贵龙”运动旧址,“独贵龙”运动旧址,https://baike.baidu.com/view/4448471.htm,exact,,,,
6-0912-5-039,百灵庙起义旧址,百灵庙起义旧址,https://baike.baidu.com/view/4448677.htm,exact,,,,
6-0913-5-040,内蒙古自治政府成立大会会址,内蒙古自治政府成立大会会址,https://baike.baidu.com/view/4043484.htm,exact,,,,
6-0914-5-041,万忠墓,万忠墓,https://baike.baidu.com/view/81160.htm,exact,万忠墓,https://zh.wikipedia.org/wiki/%E4%B8%87%E5%BF%A0%E5%A2%93,exact,
6-0915-5-042,锡伯族家庙,锡伯族家庙,https://baike.baidu.com/view/563299.htm,exact,,,,
6-0916-5-043,西炮台遗址,西炮台遗址,https://baike.baidu.com/view/113676.htm,exact,,,,
6-0917-5-044,关东厅博物馆旧址,旅顺博物馆,https://baike.baidu.com/view/90300.htm,manual,,,,旅顺博物馆 | https://baike.baidu.com/view/90300.htm | different-title；黄埔军校旧址 | https://zh.wikipedia.org/wiki/%E9%BB%84%E5%9F%94%E5%86%9B%E6%A0%A1%E6%97%A7%E5%9D%80 | different-title
6-0918-5-045,阜新万人坑,阜新万人坑,https://baike.baidu.com/view/2237236.htm,exact,,,,
6-0919-5-046,鸭绿江断桥,鸭绿江断桥,https://baike.baidu.com/view/23690.htm,exact,,,,
6-0920-5-047,抚顺战犯管理所旧址,抚顺战犯管理所旧址,https://baike.baidu.com/view/4419426.htm,exact,,,,
6-0921-5-048,四保临江战役指挥部旧址,四保临江战役指挥部旧址,https://baike.baidu.com/view/10510061.htm,exact,,,,
6-0922-5-049,哈尔滨莫斯科商场旧址,哈尔滨莫斯科商场旧址,https://baike.baidu.com/view/3123443.htm,exact,,,,
6-0923-5-050,中东铁路建筑群,中东铁路建筑群,https://baike.baidu.com/view/4430069.htm,exact,中东铁路建筑群,https://zh.wikipedia.org/wiki/%E4%B8%AD%E4%B8%9C%E9%93%81%E8%B7%AF%E5%BB%BA%E7%AD%91%E7%BE%A4,exact,
6-0924-5-051,侵华日军第七三一部队旧址,侵华日军第七三一部队旧址,https://baike.baidu.com/view/2237338.htm,exact,,,,
6-0925-5-052,侵华日军东北要塞,侵华日军东北要塞,https://baike.baidu.com/view/4430056.htm,exact,侵华日军东北要塞,https://zh.wikipedia.org/wiki/%E4%BE%B5%E5%8D%8E%E6%97%A5%E5%86%9B%E4%B8%9C%E5%8C%97%E8%A6%81%E5%A1%9E,exact,
6-0926-5-053,马勒住宅,马勒住宅,https://baike.baidu.com/view/2534898.htm,exact,,,,
6-0927-5-054,国际饭店,国际饭店,https://baike.baidu.com/subview/790976/7073335.htm,exact,国际饭店,https://zh.wikipedia.org/wiki/%E5%9B%BD%E9%99%85%E9%A5%AD%E5%BA%97,exact,
6-0928-5-055,俞樾旧居,俞樾旧居,https://baike.baidu.com/view/4430815.htm,exact,,,,
6-0929-5-056,阿炳故居,阿炳故居,https://baike.baidu.com/view/437941.htm,exact,,,,
6-0930-5-057,中央体育场旧址,中央体育场旧址,https://baike.baidu.com/view/11822326.htm,exact,,,,
6-0931-5-058,国民大会堂旧址,南京人民大会堂,https://baike.baidu.com/view/2742702.htm,manual,,,,南京人民大会堂 | https://baike.baidu.com/view/2742702.htm | different-title；黄埔军校旧址 | https://zh.wikipedia.org/wiki/%E9%BB%84%E5%9F%94%E5%86%9B%E6%A0%A1%E6%97%A7%E5%9D%80 | different-title
6-0932-5-059,中央大学旧址,中央大学旧址,https://baike.baidu.com/view/4430793.htm,exact,中央大学旧址,https://zh.wikipedia.org/wiki/%E4%B8%AD%E5%A4%AE%E5%A4%A7%E5%AD%A6%E6%97%A7%E5%9D%80,exact,
6-0933-5-060,金陵大学旧址,金陵大学旧址,https://baike.baidu.com/view/4430769.htm,exact,,,,
6-0934-5-061,金陵女子大学旧址,金陵女子大学旧址,https://baike.baidu.com/view/4430762.htm,exact,,,,
6-0935-5-062,春在楼,,,,春在楼,https://zh.wikipedia.org/wiki/%E6%98%A5%E5%9C%A8%E6%A5%BC,manual,东山雕花楼 | https://baike.baidu.com/view/650656.htm | different-title；春帆樓 | https://zh.wikipedia.org/wiki/%E6%98%A5%E5%B8%86%E6%A8%93 | different-title
6-0936-5-063,荣氏梅园,荣氏梅园,https://baike.baidu.com/view/4440250.htm,exact,荣氏梅园,https://zh.wikipedia.org/wiki/%E8%8D%A3%E6%B0%8F%E6%A2%85%E5%9B%AD,exact,
6-0937-5-064,张太雷旧居,张太雷旧居,https://baike.baidu.com/view/4430731.htm,exact,张太雷旧居,https://zh.wikipedia.org/wiki/%E5%BC%A0%E5%A4%AA%E9%9B%B7%E6%97%A7%E5%B1%85,exact,
6-0938-5-065,柳亚子旧居,柳亚子旧居,https://baike.baidu.com/subview/4430684/4430684.htm,exact,柳亚子旧居,https://zh.wikipedia.org/wiki/%E6%9F%B3%E4%BA%9A%E5%AD%90%E6%97%A7%E5%B1%85,exact,
6-0939-5-066,朱自清旧居,,,,朱自清旧居,https://zh.wikipedia.org/wiki/%E6%9C%B1%E8%87%AA%E6%B8%85%E6%97%A7%E5%B1%85,exact,朱自清故居 | https://baike.baidu.com/view/31008.htm | different-title
6-0940-5-067,侵华日军南京大屠杀死难同胞丛葬地,侵华日军南京大屠杀死难同胞丛葬地,https://baike.baidu.com/view/4430666.htm,exact,侵华日军南京大屠杀死难同胞丛葬地,https://zh.wikipedia.org/wiki/%E4%BE%B5%E5%8D%8E%E6%97%A5%E5%86%9B%E5%8D%97%E4%BA%AC%E5%A4%A7%E5%B1%A0%E6%9D%80%E6%AD%BB%E9%9A%BE%E5%90%8C%E8%83%9E%E4%B8%9B%E8%91%AC%E5%9C%B0,exact,
6-0941-5-068,新四军重建军部旧址,新四军重建军部旧址,https://baike.baidu.com/view/4430649.htm,exact,新四军重建军部旧址,https://zh.wikipedia.org/wiki/%E6%96%B0%E5%9B%9B%E5%86%9B%E9%87%8D%E5%BB%BA%E5%86%9B%E9%83%A8%E6%97%A7%E5%9D%80,exact,
6-0942-5-069,苏皖边区政府旧址,苏皖边区政府旧址,https://baike.baidu.com/view/558121.htm,exact,苏皖边区政府旧址,https://zh.wikipedia.org/wiki/%E8%8B%8F%E7%9A%96%E8%BE%B9%E5%8C%BA%E6%94%BF%E5%BA%9C%E6%97%A7%E5%9D%80,exact,
6-0943-5-070,人民海军诞生地,人民海军诞生地,https://baike.baidu.com/view/4430638.htm,exact,,,,
6-0944-5-071,大通学堂和徐锡麟故居,大通学堂和徐锡麟故居,https://baike.baidu.com/view/2731677.htm,exact,,,,
6-0945-5-072,江北天主教堂,江北天主教堂,https://baike.baidu.com/view/481739.htm,exact,,,,
6-0946-5-073,利济医学堂旧址,利济医学堂旧址,https://baike.baidu.com/view/2728567.htm,exact,利济医学堂旧址,https://zh.wikipedia.org/wiki/%E5%88%A9%E6%B5%8E%E5%8C%BB%E5%AD%A6%E5%A0%82%E6%97%A7%E5%9D%80,exact,
6-0947-5-074,王国维故居,王国维故居,https://baike.baidu.com/view/482147.htm,exact,王国维故居,https://zh.wikipedia.org/wiki/%E7%8E%8B%E5%9B%BD%E7%BB%B4%E6%95%85%E5%B1%85,exact,
6-0948-5-075,马寅初故居,马寅初故居,https://baike.baidu.com/view/311358.htm,exact,,,,
6-0949-5-076,莫干山别墅群,莫干山别墅群,https://baike.baidu.com/view/2735300.htm,exact,,,,
6-0950-5-077,钱塘江大桥,钱塘江大桥,https://baike.baidu.com/subview/139752/139752.htm,exact,,,,
6-0951-5-078,之江大学旧址,之江大学旧址,https://baike.baidu.com/view/2521962.htm,exact,,,,
6-0952-5-079,笕桥中央航校旧址,笕桥中央航校旧址,https://baike.baidu.com/view/2715780.htm,exact,,,,
6-0953-5-080,章太炎故居,章太炎故居,https://baike.baidu.com/subview/351731/7944208.htm,exact,章太炎故居,https://zh.wikipedia.org/wiki/%E7%AB%A0%E5%A4%AA%E7%82%8E%E6%95%85%E5%B1%85,exact,
6-0954-5-081,钱业会馆,钱业会馆,https://baike.baidu.com/subview/364675/6350975.htm,exact,钱业会馆,https://zh.wikipedia.org/wiki/%E9%92%B1%E4%B8%9A%E4%BC%9A%E9%A6%86,exact,
6-0955-5-082,陈英士墓,陈英士墓,https://baike.baidu.com/view/364716.htm,exact,,,,
6-0956-5-083,浙东抗日根据地旧址,浙东抗日根据地旧址,https://baike.baidu.com/view/2723483.htm,exact,浙东抗日根据地旧址,https://zh.wikipedia.org/wiki/%E6%B5%99%E4%B8%9C%E6%8A%97%E6%97%A5%E6%A0%B9%E6%8D%AE%E5%9C%B0%E6%97%A7%E5%9D%80,exact,
6-0957-5-084,刘铭传旧居,刘铭传旧居,https://baike.baidu.com/view/4412857.htm,exact,刘铭传旧居,https://zh.wikipedia.org/wiki/%E5%88%98%E9%93%AD%E4%BC%A0%E6%97%A7%E5%B1%85,exact,
6-0958-5-085,李氏庄园,,,,李氏庄园,https://zh.wikipedia.org/wiki/%E6%9D%8E%E6%B0%8F%E5%BA%84%E5%9B%AD,exact,李家圩地主庄园 | https://baike.baidu.com/subview/561451/561451.htm | different-title
6-0959-5-086,冯玉祥旧居,冯玉祥旧居,https://baike.baidu.com/subview/709970/709970.htm,exact,,,,
6-0960-5-087,半塔保卫战旧址,半塔保卫战旧址,https://baike.baidu.com/view/4412828.htm,exact,,,,
6-0961-5-088,淮海战役总前委和华东野战军指挥部旧址,淮海战役总前委和华东野战军指挥部旧址,https://baike.baidu.com/view/4412122.htm,exact,,,,
6-0962-5-089,陈化成墓,陈化成墓,https://baike.baidu.com/view/2879686.htm,exact,,,,
6-0963-5-090,鼓浪屿近代建筑群,鼓浪屿近代建筑群,https://baike.baidu.com/view/13348699.htm,exact,,,,
6-0964-5-091,严复故居和墓,严复故居和墓,https://baike.baidu.com/view/4444413.htm,exact,,,,
6-0965-5-092,天一总局旧址,天一总局旧址,https://baike.baidu.com/view/4422995.htm,exact,天一总局旧址,https://zh.wikipedia.org/wiki/%E5%A4%A9%E4%B8%80%E6%80%BB%E5%B1%80%E6%97%A7%E5%9D%80,exact,
6-0966-5-093,集美学村和厦门大学早期建筑,集美学村和厦门大学早期建筑,https://baike.baidu.com/item/%E9%9B%86%E7%BE%8E%E5%AD%A6%E6%9D%91%E5%92%8C%E5%8E%A6%E9%97%A8%E5%A4%A7%E5%AD%A6%E6%97%A9%E6%9C%9F%E5%BB%BA%E7%AD%91,exact,,,,
6-0967-5-094,厦门破狱斗争旧址,厦门破狱斗争旧址,https://baike.baidu.com/view/2700225.htm,exact,厦门破狱斗争旧址,https://zh.wikipedia.org/wiki/%E5%8E%A6%E9%97%A8%E7%A0%B4%E7%8B%B1%E6%96%97%E4%BA%89%E6%97%A7%E5%9D%80,exact,
6-0968-5-095,建宁红一方面军领导机关旧址,建宁红一方面军领导机关旧址,https://baike.baidu.com/view/11593334.htm,exact,,,,
6-0969-5-096,中国工农红军东路军领导机关旧址,中国工农红军东路军领导机关旧址,https://baike.baidu.com/view/2879872.htm,exact,,,,
6-0970-5-097,美孚洋行旧址,美孚洋行旧址,https://baike.baidu.com/view/4441921.htm,exact,美孚洋行旧址,https://zh.wikipedia.org/wiki/%E7%BE%8E%E5%AD%9A%E6%B4%8B%E8%A1%8C%E6%97%A7%E5%9D%80,exact,
6-0971-5-098,兴国革命旧址,兴国革命旧址,https://baike.baidu.com/view/4441910.htm,exact,兴国革命旧址,https://zh.wikipedia.org/wiki/%E5%85%B4%E5%9B%BD%E9%9D%A9%E5%91%BD%E6%97%A7%E5%9D%80,exact,
6-0972-5-099,罗坊会议和兴国调查会旧址,罗坊会议和兴国调查会旧址,https://baike.baidu.com/view/10623967.htm,exact,罗坊会议和兴国调查会旧址,https://zh.wikipedia.org/wiki/%E7%BD%97%E5%9D%8A%E4%BC%9A%E8%AE%AE%E5%92%8C%E5%85%B4%E5%9B%BD%E8%B0%83%E6%9F%A5%E4%BC%9A%E6%97%A7%E5%9D%80,exact,
6-0973-5-100,湘鄂赣革命根据地旧址,湘鄂赣革命根据地旧址,https://baike.baidu.com/view/4441899.htm,exact,湘鄂赣革命根据地旧址,https://zh.wikipedia.org/wiki/%E6%B9%98%E9%84%82%E8%B5%A3%E9%9D%A9%E5%91%BD%E6%A0%B9%E6%8D%AE%E5%9C%B0%E6%97%A7%E5%9D%80,exact,
6-0974-5-101,中央红军长征出发地旧址,中央红军长征出发地旧址,https://baike.baidu.com/view/4409903.htm,exact,中央红军长征出发地旧址,https://zh.wikipedia.org/wiki/%E4%B8%AD%E5%A4%AE%E7%BA%A2%E5%86%9B%E9%95%BF%E5%BE%81%E5%87%BA%E5%8F%91%E5%9C%B0%E6%97%A7%E5%9D%80,exact,
6-0975-5-102,南昌新四军军部旧址,南昌新四军军部旧址,https://baike.baidu.com/view/197930.htm,exact,南昌新四军军部旧址,https://zh.wikipedia.org/wiki/%E5%8D%97%E6%98%8C%E6%96%B0%E5%9B%9B%E5%86%9B%E5%86%9B%E9%83%A8%E6%97%A7%E5%9D%80,exact,
6-0976-5-103,洪家楼天主教堂,洪家楼天主教堂,https://baike.baidu.com/view/964088.htm,exact,,,,
6-0977-5-104,青岛啤酒厂早期建筑,青岛啤酒厂早期建筑,https://baike.baidu.com/view/13354218.htm,exact,,,,
6-0978-5-105,王尽美故居,王尽美故居,https://baike.baidu.com/view/60315.htm,exact,,,,
6-0979-5-106,烟台山近代建筑群,烟台山近代建筑群,https://baike.baidu.com/subview/11803710/12174998.htm,exact,烟台山近代建筑群,https://zh.wikipedia.org/wiki/%E7%83%9F%E5%8F%B0%E5%B1%B1%E8%BF%91%E4%BB%A3%E5%BB%BA%E7%AD%91%E7%BE%A4,exact,
6-0980-5-107,万字会旧址,万字会旧址,https://baike.baidu.com/view/4342856.htm,exact,,,,
6-0981-5-108,台儿庄大战旧址,台儿庄大战旧址,https://baike.baidu.com/view/4435849.htm,exact,台儿庄大战旧址,https://zh.wikipedia.org/wiki/%E5%8F%B0%E5%84%BF%E5%BA%84%E5%A4%A7%E6%88%98%E6%97%A7%E5%9D%80,exact,
6-0982-5-109,邓颖超祖居,邓颖超祖居,https://baike.baidu.com/view/976684.htm,exact,,,,
6-0983-5-110,刘青霞故居,刘青霞故居,https://baike.baidu.com/view/9482423.htm,exact,,,,
6-0984-5-111,河南留学欧美预备学校旧址,河南留学欧美预备学校旧址,https://baike.baidu.com/view/11604870.htm,exact,河南留学欧美预备学校旧址,https://zh.wikipedia.org/wiki/%E6%B2%B3%E5%8D%97%E7%95%99%E5%AD%A6%E6%AC%A7%E7%BE%8E%E9%A2%84%E5%A4%87%E5%AD%A6%E6%A0%A1%E6%97%A7%E5%9D%80,exact,
6-0985-5-112,吕潭学校旧址,吕潭学校旧址,https://baike.baidu.com/view/10530004.htm,exact,,,,
6-0986-5-113,中国工农红军第二十五军司令部旧址,中国工农红军第二十五军司令部旧址,https://baike.baidu.com/view/1611273.htm,exact,,,,
6-0987-5-114,八路军洛阳办事处旧址,八路军驻洛办事处纪念馆,https://baike.baidu.com/view/1988202.htm,manual,,,,八路军驻洛办事处纪念馆 | https://baike.baidu.com/view/1988202.htm | different-title；八路军重庆办事处旧址 | https://zh.wikipedia.org/wiki/%E5%85%AB%E8%B7%AF%E5%86%9B%E9%87%8D%E5%BA%86%E5%8A%9E%E4%BA%8B%E5%A4%84%E6%97%A7%E5%9D%80 | different-title
6-0988-5-115,冀鲁豫边区革命根据地旧址,冀鲁豫边区革命根据地旧址,https://baike.baidu.com/view/11581540.htm,exact,冀鲁豫边区革命根据地旧址,https://zh.wikipedia.org/wiki/%E5%86%80%E9%B2%81%E8%B1%AB%E8%BE%B9%E5%8C%BA%E9%9D%A9%E5%91%BD%E6%A0%B9%E6%8D%AE%E5%9C%B0%E6%97%A7%E5%9D%80,exact,
6-0989-5-116,嵖岈山卫星人民公社旧址,嵖岈山卫星人民公社旧址,https://baike.baidu.com/view/11811200.htm,exact,嵖岈山卫星人民公社旧址,https://zh.wikipedia.org/wiki/%E5%B5%96%E5%B2%88%E5%B1%B1%E5%8D%AB%E6%98%9F%E4%BA%BA%E6%B0%91%E5%85%AC%E7%A4%BE%E6%97%A7%E5%9D%80,exact,
6-0990-5-117,红旗渠,红旗渠,https://baike.baidu.com/subview/14223/8149019.htm,exact,,,,
6-0991-5-118,郑州二七罢工纪念塔和纪念堂,郑州二七罢工纪念塔和纪念堂,https://baike.baidu.com/view/13370695.htm,exact,,,,
6-0992-5-119,李先念故居,李先念故居,https://baike.baidu.com/view/1003227.htm,exact,,,,
6-0993-5-120,董必武故居,董必武故居,https://baike.baidu.com/view/1399202.htm,exact,,,,
6-0994-5-121,汉口近代建筑群,汉口近代建筑群,https://baike.baidu.com/view/8020684.htm,exact,汉口近代建筑群,https://zh.wikipedia.org/wiki/%E6%B1%89%E5%8F%A3%E8%BF%91%E4%BB%A3%E5%BB%BA%E7%AD%91%E7%BE%A4,exact,
6-0995-5-122,杨守敬故居和墓,杨守敬故居和墓,https://baike.baidu.com/view/11600864.htm,exact,,,,
6-0996-5-123,汉冶萍煤铁厂矿旧址,汉冶萍煤铁厂矿旧址,https://baike.baidu.com/view/5383280.htm,exact,汉冶萍煤铁厂矿旧址,https://zh.wikipedia.org/wiki/%E6%B1%89%E5%86%B6%E8%90%8D%E7%85%A4%E9%93%81%E5%8E%82%E7%9F%BF%E6%97%A7%E5%9D%80,exact,
6-0997-5-124,汉口中华全国总工会旧址,汉口中华全国总工会旧址,https://baike.baidu.com/view/8020724.htm,exact,汉口中华全国总工会旧址,https://zh.wikipedia.org/wiki/%E6%B1%89%E5%8F%A3%E4%B8%AD%E5%8D%8E%E5%85%A8%E5%9B%BD%E6%80%BB%E5%B7%A5%E4%BC%9A%E6%97%A7%E5%9D%80,exact,
6-0998-5-125,大冶兵暴旧址,大冶兵暴旧址,https://baike.baidu.com/view/5392917.htm,exact,大冶兵暴旧址,https://zh.wikipedia.org/wiki/%E5%A4%A7%E5%86%B6%E5%85%B5%E6%9A%B4%E6%97%A7%E5%9D%80,exact,
6-0999-5-126,红三军团革命旧址,红三军团革命旧址,https://baike.baidu.com/view/10623851.htm,exact,,,,
6-1000-5-127,五里坪革命旧址,五里坪革命旧址,https://baike.baidu.com/view/8911818.htm,exact,五里坪革命旧址,https://zh.wikipedia.org/wiki/%E4%BA%94%E9%87%8C%E5%9D%AA%E9%9D%A9%E5%91%BD%E6%97%A7%E5%9D%80,exact,
6-1001-5-128,中原军区旧址,中原军区旧址,https://baike.baidu.com/view/10620816.htm,exact,中原军区旧址,https://zh.wikipedia.org/wiki/%E4%B8%AD%E5%8E%9F%E5%86%9B%E5%8C%BA%E6%97%A7%E5%9D%80,exact,
6-1002-5-129,荆江分洪闸,荆江分洪闸,https://baike.baidu.com/subview/11618029/11966919.htm,exact,,,,
6-1003-5-130,沈从文故居,沈从文故居,https://baike.baidu.com/subview/335155/14766900.htm,exact,沈从文故居,https://zh.wikipedia.org/wiki/%E6%B2%88%E4%BB%8E%E6%96%87%E6%95%85%E5%B1%85,exact,
6-1004-5-131,贺龙故居,贺龙故居,https://baike.baidu.com/view/479447.htm,exact,,,,
6-1005-5-132,富厚堂,富厚堂,https://baike.baidu.com/view/973177.htm,exact,富厚堂,https://zh.wikipedia.org/wiki/%E5%AF%8C%E5%8E%9A%E5%A0%82,exact,
6-1006-5-133,齐白石故居,齐白石故居,https://baike.baidu.com/subview/342002/342002.htm,exact,,,,
6-1007-5-134,东山书院旧址,东山书院旧址,https://baike.baidu.com/view/2218715.htm,exact,,,,
6-1008-5-135,蔡锷故居、公馆和墓,蔡锷故居、公馆和墓,https://baike.baidu.com/item/%E8%94%A1%E9%94%B7%E6%95%85%E5%B1%85%E3%80%81%E5%85%AC%E9%A6%86%E5%92%8C%E5%A2%93,exact,,,,
6-1009-5-136,湖南省立第一师范学校旧址,湖南省立第一师范学校旧址,https://baike.baidu.com/view/8906390.htm,exact,湖南省立第一师范学校旧址,https://zh.wikipedia.org/wiki/%E6%B9%96%E5%8D%97%E7%9C%81%E7%AB%8B%E7%AC%AC%E4%B8%80%E5%B8%88%E8%8C%83%E5%AD%A6%E6%A0%A1%E6%97%A7%E5%9D%80,exact,
6-1010-5-137,树德山庄,树德山庄,https://baike.baidu.com/view/3651892.htm,exact,树德山庄,https://zh.wikipedia.org/wiki/%E6%A0%91%E5%BE%B7%E5%B1%B1%E5%BA%84,exact,
6-1011-5-138,中共湘区委员会旧址,中共湘区委员会旧址,https://baike.baidu.com/view/163061.htm,exact,中共湘区委员会旧址,https://zh.wikipedia.org/wiki/%E4%B8%AD%E5%85%B1%E6%B9%98%E5%8C%BA%E5%A7%94%E5%91%98%E4%BC%9A%E6%97%A7%E5%9D%80,exact,
6-1012-5-139,湘鄂川黔革命根据地旧址,湘鄂川黔革命根据地旧址,https://baike.baidu.com/view/11607058.htm,exact,湘鄂川黔革命根据地旧址,https://zh.wikipedia.org/wiki/%E6%B9%98%E9%84%82%E5%B7%9D%E9%BB%94%E9%9D%A9%E5%91%BD%E6%A0%B9%E6%8D%AE%E5%9C%B0%E6%97%A7%E5%9D%80,exact,
6-1013-5-140,塘田战时讲学院旧址,塘田战时讲学院旧址,https://baike.baidu.com/view/8906328.htm,exact,塘田战时讲学院旧址,https://zh.wikipedia.org/wiki/%E5%A1%98%E7%94%B0%E6%88%98%E6%97%B6%E8%AE%B2%E5%AD%A6%E9%99%A2%E6%97%A7%E5%9D%80,exact,
6-1014-5-141,抗日胜利芷江洽降旧址,抗日胜利芷江洽降旧址,https://baike.baidu.com/view/8906260.htm,exact,抗日胜利芷江洽降旧址,https://zh.wikipedia.org/wiki/%E6%8A%97%E6%97%A5%E8%83%9C%E5%88%A9%E8%8A%B7%E6%B1%9F%E6%B4%BD%E9%99%8D%E6%97%A7%E5%9D%80,exact,
6-1015-5-142,粤海关旧址,粤海关旧址,https://baike.baidu.com/view/6521823.htm,exact,,,,
6-1016-5-143,叶挺故居,叶挺故居,https://baike.baidu.com/subview/1462352/1462352.htm,exact,叶挺故居,https://zh.wikipedia.org/wiki/%E5%8F%B6%E6%8C%BA%E6%95%85%E5%B1%85,exact,
6-1017-5-144,丘逢甲故居,丘逢甲故居,https://baike.baidu.com/view/988072.htm,exact,,,,
6-1018-5-145,双峰寨,双峰寨,https://baike.baidu.com/view/267631.htm,exact,双峰寨,https://zh.wikipedia.org/wiki/%E5%8F%8C%E5%B3%B0%E5%AF%A8,exact,
6-1019-5-146,广东咨议局旧址,广东咨议局旧址,https://baike.baidu.com/view/1525103.htm,exact,,,,
6-1020-5-147,大岭山抗日根据地旧址,大岭山抗日根据地旧址,https://baike.baidu.com/view/401743.htm,exact,大岭山抗日根据地旧址,https://zh.wikipedia.org/wiki/%E5%A4%A7%E5%B2%AD%E5%B1%B1%E6%8A%97%E6%97%A5%E6%A0%B9%E6%8D%AE%E5%9C%B0%E6%97%A7%E5%9D%80,exact,
6-1021-5-148,连城要塞遗址和友谊关,连城要塞遗址和友谊关,https://baike.baidu.com/view/13362724.htm,exact,,,,
6-1022-5-149,容县近代建筑,容县近代建筑,https://baike.baidu.com/item/%E5%AE%B9%E5%8E%BF%E8%BF%91%E4%BB%A3%E5%BB%BA%E7%AD%91,exact,容县近代建筑,https://zh.wikipedia.org/wiki/%E5%AE%B9%E5%8E%BF%E8%BF%91%E4%BB%A3%E5%BB%BA%E7%AD%91,exact,
6-1023-5-150,太平天国永安活动旧址,太平天国永安活动旧址,https://baike.baidu.com/view/8905921.htm,exact,太平天国永安活动旧址,https://zh.wikipedia.org/wiki/%E5%A4%AA%E5%B9%B3%E5%A4%A9%E5%9B%BD%E6%B0%B8%E5%AE%89%E6%B4%BB%E5%8A%A8%E6%97%A7%E5%9D%80,exact,
6-1024-5-151,马胖鼓楼,马胖鼓楼,https://baike.baidu.com/view/1468613.htm,exact,,,,
6-1025-5-152,梧州中山纪念堂,梧州市中山纪念堂,https://baike.baidu.com/view/4643398.htm,manual,,,,梧州市中山纪念堂 | https://baike.baidu.com/view/4643398.htm | different-title；中山公園 | https://zh.wikipedia.org/wiki/%E4%B8%AD%E5%B1%B1%E5%85%AC%E5%9C%92 | different-title
6-1026-5-153,广西农民运动讲习所旧址,广西农民运动讲习所旧址,https://baike.baidu.com/view/1025069.htm,exact,,,,
6-1027-5-154,红军标语楼,红军标语楼,https://baike.baidu.com/view/4975046.htm,exact,红军标语楼,https://zh.wikipedia.org/wiki/%E7%BA%A2%E5%86%9B%E6%A0%87%E8%AF%AD%E6%A5%BC,exact,
6-1028-5-155,湘江战役旧址,湘江战役旧址,https://baike.baidu.com/view/3894029.htm,exact,湘江战役旧址,https://zh.wikipedia.org/wiki/%E6%B9%98%E6%B1%9F%E6%88%98%E5%BD%B9%E6%97%A7%E5%9D%80,exact,
6-1029-5-156,昆仑关战役旧址,昆仑关战役旧址,https://baike.baidu.com/view/2237404.htm,exact,昆仑关战役旧址,https://zh.wikipedia.org/wiki/%E6%98%86%E4%BB%91%E5%85%B3%E6%88%98%E5%BD%B9%E6%97%A7%E5%9D%80,exact,
6-1030-5-157,胡志明旧居,胡志明旧居,https://baike.baidu.com/subview/5350929/5384144.htm,exact,胡志明旧居,https://zh.wikipedia.org/wiki/%E8%83%A1%E5%BF%97%E6%98%8E%E6%97%A7%E5%B1%85,exact,
6-1031-5-158,秀英炮台,秀英炮台,https://baike.baidu.com/view/935945.htm,exact,秀英炮台,https://zh.wikipedia.org/wiki/%E7%A7%80%E8%8B%B1%E7%82%AE%E5%8F%B0,exact,
6-1032-5-159,蔡家宅,蔡家宅,https://baike.baidu.com/view/11808232.htm,exact,蔡家宅,https://zh.wikipedia.org/wiki/%E8%94%A1%E5%AE%B6%E5%AE%85,exact,
6-1033-5-160,陵水县苏维埃政府旧址,陵水县苏维埃政府旧址,https://baike.baidu.com/view/11623365.htm,exact,,,,
6-1034-5-161,杨氏民宅,杨氏民宅,https://baike.baidu.com/view/11600929.htm,exact,,,,
6-1035-5-162,中国西部科学院旧址,中国西部科学院旧址,https://baike.baidu.com/view/4204504.htm,exact,,,,
6-1036-5-163,育才学校旧址,育才学校旧址,https://baike.baidu.com/view/1138529.htm,exact,,,,
6-1037-5-164,乐山郭沫若故居,乐山郭沫若故居,https://baike.baidu.com/item/%E4%B9%90%E5%B1%B1%E9%83%AD%E6%B2%AB%E8%8B%A5%E6%95%85%E5%B1%85,exact,,,,
6-1038-5-165,陈毅故居,陈毅故居,https://baike.baidu.com/view/251215.htm,exact,陈毅故居,https://zh.wikipedia.org/wiki/%E9%99%88%E6%AF%85%E6%95%85%E5%B1%85,exact,
6-1039-5-166,领报修院,领报修院,https://baike.baidu.com/view/1606867.htm,exact,,,,
6-1040-5-167,吴玉章故居,吴玉章故居,https://baike.baidu.com/view/113577.htm,exact,,,,
6-1041-5-168,通江红军石刻标语群,通江红军石刻标语群,https://baike.baidu.com/view/1604853.htm,exact,通江红军石刻标语群,https://zh.wikipedia.org/wiki/%E9%80%9A%E6%B1%9F%E7%BA%A2%E5%86%9B%E7%9F%B3%E5%88%BB%E6%A0%87%E8%AF%AD%E7%BE%A4,exact,
6-1042-5-169,阿坝红军长征遗迹,阿坝红军长征遗迹,https://baike.baidu.com/view/8905818.htm,exact,,,,
6-1043-5-170,白利寺,白利寺,https://baike.baidu.com/view/87376.htm,exact,白利寺,https://zh.wikipedia.org/wiki/%E7%99%BD%E5%88%A9%E5%AF%BA,exact,
6-1044-5-171,张澜旧居,张澜旧居,https://baike.baidu.com/subview/11810803/12182698.htm,exact,,,,
6-1045-5-172,中国营造学社旧址,中国营造学社旧址,https://baike.baidu.com/view/5091968.htm,exact,中国营造学社旧址,https://zh.wikipedia.org/wiki/%E4%B8%AD%E5%9B%BD%E8%90%A5%E9%80%A0%E5%AD%A6%E7%A4%BE%E6%97%A7%E5%9D%80,exact,
6-1046-5-173,黔东特区革命委员会旧址,黔东特区革命委员会旧址,https://baike.baidu.com/item/%E9%BB%94%E4%B8%9C%E7%89%B9%E5%8C%BA%E9%9D%A9%E5%91%BD%E5%A7%94%E5%91%98%E4%BC%9A%E6%97%A7%E5%9D%80,exact,,,,
6-1047-5-174,黎平会议会址,黎平会议会址,https://baike.baidu.com/view/1108638.htm,exact,,,,
6-1048-5-175,红军四渡赤水战役旧址,红军四渡赤水战役旧址,https://baike.baidu.com/view/8905728.htm,exact,红军四渡赤水战役旧址,https://zh.wikipedia.org/wiki/%E7%BA%A2%E5%86%9B%E5%9B%9B%E6%B8%A1%E8%B5%A4%E6%B0%B4%E6%88%98%E5%BD%B9%E6%97%A7%E5%9D%80,exact,
6-1049-5-176,川滇黔省革命委员会旧址,川滇黔省革命委员会旧址,https://baike.baidu.com/view/4960136.htm,exact,,,,
6-1050-5-177,“二十四道拐”抗战公路,“二十四道拐”抗战公路,https://baike.baidu.com/item/%E2%80%9C%E4%BA%8C%E5%8D%81%E5%9B%9B%E9%81%93%E6%8B%90%E2%80%9D%E6%8A%97%E6%88%98%E5%85%AC%E8%B7%AF,exact,“二十四道拐”抗战公路,https://zh.wikipedia.org/wiki/%E2%80%9C%E4%BA%8C%E5%8D%81%E5%9B%9B%E9%81%93%E6%8B%90%E2%80%9D%E6%8A%97%E6%88%98%E5%85%AC%E8%B7%AF,exact,
6-1051-5-178,湄潭浙江大学旧址,湄潭浙江大学旧址,https://baike.baidu.com/view/4959894.htm,exact,湄潭浙江大学旧址,https://zh.wikipedia.org/wiki/%E6%B9%84%E6%BD%AD%E6%B5%99%E6%B1%9F%E5%A4%A7%E5%AD%A6%E6%97%A7%E5%9D%80,exact,
6-1052-5-179,和平村旧址,和平村旧址,https://baike.baidu.com/view/1559020.htm,exact,,,,
6-1053-5-180,五家寨铁路桥,五家寨铁路桥,https://baike.baidu.com/view/1069207.htm,exact,五家寨铁路桥,https://zh.wikipedia.org/wiki/%E4%BA%94%E5%AE%B6%E5%AF%A8%E9%93%81%E8%B7%AF%E6%A1%A5,exact,
6-1054-5-181,茨中教堂,茨中教堂,https://baike.baidu.com/view/1069203.htm,exact,,,,
6-1055-5-182,石龙坝水电站,石龙坝水电站,https://baike.baidu.com/view/667893.htm,exact,石龙坝水电站,https://zh.wikipedia.org/wiki/%E7%9F%B3%E9%BE%99%E5%9D%9D%E6%B0%B4%E7%94%B5%E7%AB%99,exact,
6-1056-5-183,蒙自海关旧址,蒙自海关旧址,https://baike.baidu.com/view/1069199.htm,exact,蒙自海关旧址,https://zh.wikipedia.org/wiki/%E8%92%99%E8%87%AA%E6%B5%B7%E5%85%B3%E6%97%A7%E5%9D%80,exact,
6-1057-5-184,鸡街火车站,鸡街火车站,https://baike.baidu.com/subview/1069192/1069192.htm,exact,,,,
6-1058-5-185,企鹤楼,企鹤楼,https://baike.baidu.com/view/1069190.htm,exact,,,,
6-1059-5-186,陈氏宗祠,陈氏宗祠,https://baike.baidu.com/subview/1069185/12023675.htm,exact,,,,
6-1060-5-187,和顺图书馆旧址,和顺图书馆旧址,https://baike.baidu.com/view/1069155.htm,exact,,,,
6-1061-5-188,允燕塔,允燕塔,https://baike.baidu.com/view/76199.htm,exact,允燕塔,https://zh.wikipedia.org/wiki/%E5%85%81%E7%87%95%E5%A1%94,exact,
6-1062-5-189,国立西南联合大学旧址,国立西南联合大学旧址,https://baike.baidu.com/view/1069148.htm,exact,,,,
6-1063-5-190,松山战役旧址,松山战役旧址,https://baike.baidu.com/view/1069082.htm,exact,,,,
6-1064-5-191,抗战胜利纪念堂,抗战胜利纪念堂,https://baike.baidu.com/view/1069070.htm,exact,抗战胜利纪念堂,https://zh.wikipedia.org/wiki/%E6%8A%97%E6%88%98%E8%83%9C%E5%88%A9%E7%BA%AA%E5%BF%B5%E5%A0%82,exact,
6-1065-5-192,民族团结誓词碑,民族团结誓词碑,https://baike.baidu.com/view/1069066.htm,exact,,,,
6-1066-5-193,易俗社剧场,易俗社剧场,https://baike.baidu.com/view/7360204.htm,exact,,,,
6-1067-5-194,渭华起义旧址,渭华起义旧址,https://baike.baidu.com/view/8905615.htm,exact,,,,
6-1068-5-195,吴旗革命旧址,吴旗革命旧址,https://baike.baidu.com/view/8905541.htm,exact,吴旗革命旧址,https://zh.wikipedia.org/wiki/%E5%90%B4%E6%97%97%E9%9D%A9%E5%91%BD%E6%97%A7%E5%9D%80,exact,
6-1069-5-196,保安革命旧址,保安革命旧址,https://baike.baidu.com/view/833807.htm,exact,保安革命旧址,https://zh.wikipedia.org/wiki/%E4%BF%9D%E5%AE%89%E9%9D%A9%E5%91%BD%E6%97%A7%E5%9D%80,exact,
6-1070-5-197,兰州黄河铁桥,兰州黄河铁桥,https://baike.baidu.com/view/42647.htm,exact,,,,
6-1071-5-198,瑞安堡,瑞安堡,https://baike.baidu.com/view/90552.htm,exact,,,,
6-1072-5-199,灞陵桥,灞陵桥,https://baike.baidu.com/subview/43030/8786881.htm,exact,,,,
6-1073-5-200,俄界会议旧址,俄界会议旧址,https://baike.baidu.com/view/5372672.htm,exact,俄界会议旧址,https://zh.wikipedia.org/wiki/%E4%BF%84%E7%95%8C%E4%BC%9A%E8%AE%AE%E6%97%A7%E5%9D%80,exact,
6-1074-5-201,新寨嘉那嘛呢,新寨嘉那嘛呢,https://baike.baidu.com/item/%E6%96%B0%E5%AF%A8%E5%98%89%E9%82%A3%E5%98%9B%E5%91%A2,exact,新寨嘉那嘛呢,https://zh.wikipedia.org/wiki/%E6%96%B0%E5%AF%A8%E5%98%89%E9%82%A3%E5%98%9B%E5%91%A2,exact,
6-1075-5-202,循化西路红军革命旧址,循化西路红军革命旧址,https://baike.baidu.com/view/8905429.htm,exact,,,,
6-1076-5-203,将台堡革命旧址,将台堡革命旧址,https://baike.baidu.com/view/11499293.htm,exact,将台堡革命旧址,https://zh.wikipedia.org/wiki/%E5%B0%86%E5%8F%B0%E5%A0%A1%E9%9D%A9%E5%91%BD%E6%97%A7%E5%9D%80,exact,
6-1077-5-204,坎尔井地下水利工程,坎儿井,https://baike.baidu.com/view/2942.htm,manual,,,,坎儿井 | https://baike.baidu.com/view/2942.htm | different-title；新疆维吾尔自治区境内的全国重点文物保护单位列表 | https://zh.wikipedia.org/wiki/%E6%96%B0%E7%96%86%E7%BB%B4%E5%90%BE%E5%B0%94%E8%87%AA%E6%B2%BB%E5%8C%BA%E5%A2%83%E5%86%85%E7%9A%84%E5%85%A8%E5%9B%BD%E9%87%8D%E7%82%B9%E6%96%87%E7%89%A9%E4%BF%9D%E6%8A%A4%E5%8D%95%E4%BD%8D%E5%88%97%E8%A1%A8 | different-title
6-1078-5-205,塔城红楼,塔城红楼,https://baike.baidu.com/view/4944682.htm,exact,塔城红楼,https://zh.wikipedia.org/wiki/%E5%A1%94%E5%9F%8E%E7%BA%A2%E6%A5%BC,exact,
6-1079-5-206,三区革命政府政治文化活动中心旧址,三区革命政府政治文化活动中心旧址,https://baike.baidu.com/view/4940692.htm,exact,三区革命政府政治文化活动中心旧址,https://zh.wikipedia.org/wiki/%E4%B8%89%E5%8C%BA%E9%9D%A9%E5%91%BD%E6%94%BF%E5%BA%9C%E6%94%BF%E6%B2%BB%E6%96%87%E5%8C%96%E6%B4%BB%E5%8A%A8%E4%B8%AD%E5%BF%83%E6%97%A7%E5%9D%80,exact,
6-1080-6-001,聚馆古贡枣园,聚馆古贡枣园,https://baike.baidu.com/view/5953948.htm,exact,,,,
6-1081-5-207,安江农校纪念园,安江农校纪念园,https://baike.baidu.com/item/%E5%AE%89%E6%B1%9F%E5%86%9C%E6%A0%A1%E7%BA%AA%E5%BF%B5%E5%9B%AD,exact,,,,
merge-6-063,大生纱厂,大生纱厂,https://baike.baidu.com/view/771034.htm,exact,大生纱厂,https://zh.wikipedia.org/wiki/%E5%A4%A7%E7%94%9F%E7%BA%B1%E5%8E%82,exact,
7-0001-1-001,延庆古崖居,延庆古崖居,https://baike.baidu.com/view/576623.htm,exact,延庆古崖居,https://zh.wikipedia.org/wiki/%E5%BB%B6%E5%BA%86%E5%8F%A4%E5%B4%96%E5%B1%85,exact,
7-0002-1-002,四方洞遗址,四方洞遗址,https://baike.baidu.com/subview/864315/864315.htm,exact,四方洞遗址,https://zh.wikipedia.org/wiki/%E5%9B%9B%E6%96%B9%E6%B4%9E%E9%81%97%E5%9D%80,exact,
7-0003-1-003,化子洞遗址,化子洞遗址,https://baike.baidu.com/view/3908188.htm,exact,化子洞遗址,https://zh.wikipedia.org/wiki/%E5%8C%96%E5%AD%90%E6%B4%9E%E9%81%97%E5%9D%80,exact,
7-0004-1-004,孟家泉遗址,孟家泉遗址,https://baike.baidu.com/view/7912771.htm,exact,孟家泉遗址,https://zh.wikipedia.org/wiki/%E5%AD%9F%E5%AE%B6%E6%B3%89%E9%81%97%E5%9D%80,exact,
7-0005-1-005,筛子绫罗遗址,筛子绫罗遗址,https://baike.baidu.com/view/10553544.htm,exact,,,,
7-0006-1-006,三各庄遗址,三各庄遗址,https://baike.baidu.com/view/7771112.htm,exact,三各庄遗址,https://zh.wikipedia.org/wiki/%E4%B8%89%E5%90%84%E5%BA%84%E9%81%97%E5%9D%80,exact,
7-0007-1-007,哑叭庄遗址,哑叭庄遗址,https://baike.baidu.com/view/177106.htm,exact,哑叭庄遗址,https://zh.wikipedia.org/wiki/%E5%93%91%E5%8F%AD%E5%BA%84%E9%81%97%E5%9D%80,exact,
7-0008-1-008,万军山遗址,万军山遗址,https://baike.baidu.com/view/10607079.htm,exact,万军山遗址,https://zh.wikipedia.org/wiki/%E4%B8%87%E5%86%9B%E5%B1%B1%E9%81%97%E5%9D%80,exact,
7-0009-1-009,庄窠遗址,庄窠遗址,https://baike.baidu.com/view/10613487.htm,exact,庄窠遗址,https://zh.wikipedia.org/wiki/%E5%BA%84%E7%AA%A0%E9%81%97%E5%9D%80,exact,
7-0010-1-010,三关遗址,三关遗址,https://baike.baidu.com/view/10554860.htm,exact,三关遗址,https://zh.wikipedia.org/wiki/%E4%B8%89%E5%85%B3%E9%81%97%E5%9D%80,exact,
7-0011-1-011,南城村遗址,南城村遗址,https://baike.baidu.com/view/10554790.htm,exact,南城村遗址,https://zh.wikipedia.org/wiki/%E5%8D%97%E5%9F%8E%E6%9D%91%E9%81%97%E5%9D%80,exact,
7-0012-1-012,涧沟遗址,涧沟遗址,https://baike.baidu.com/view/1027268.htm,exact,,,,
7-0013-1-013,补要村遗址,补要村遗址,https://baike.baidu.com/view/10610515.htm,exact,,,,
7-0014-1-014,顶子城遗址,顶子城遗址,https://baike.baidu.com/view/4081284.htm,exact,,,,
7-0015-1-015,龟地遗址,龟地遗址,https://baike.baidu.com/view/10554915.htm,exact,,,,
7-0016-1-016,北放水遗址,北放水遗址,https://baike.baidu.com/view/6612418.htm,exact,北放水遗址,https://zh.wikipedia.org/wiki/%E5%8C%97%E6%94%BE%E6%B0%B4%E9%81%97%E5%9D%80,exact,
7-0017-1-017,要庄遗址,要庄遗址,https://baike.baidu.com/view/10554956.htm,exact,,,,
7-0018-1-018,伏羲台遗址,伏羲台遗址,https://baike.baidu.com/item/%E4%BC%8F%E7%BE%B2%E5%8F%B0%E9%81%97%E5%9D%80,exact,伏羲台遗址,https://zh.wikipedia.org/wiki/%E4%BC%8F%E7%BE%B2%E5%8F%B0%E9%81%97%E5%9D%80,exact,
7-0019-1-019,西张村遗址,,,,西张村遗址 (元氏县),https://zh.wikipedia.org/wiki/%E8%A5%BF%E5%BC%A0%E6%9D%91%E9%81%97%E5%9D%80_(%E5%85%83%E6%B0%8F%E5%8E%BF),search-related-location,西张村西周遗址 | https://baike.baidu.com/view/5478462.htm | different-title
7-0020-1-020,柏人城遗址,柏人城遗址,https://baike.baidu.com/view/12097612.htm,exact,,,,
7-0021-1-021,鹿城岗城址,鹿城岗城址,https://baike.baidu.com/item/%E9%B9%BF%E5%9F%8E%E5%B2%97%E5%9F%8E%E5%9D%80,exact,,,,
7-0022-1-022,固镇古城遗址,固镇古城遗址,https://baike.baidu.com/item/%E5%9B%BA%E9%95%87%E5%8F%A4%E5%9F%8E%E9%81%97%E5%9D%80,exact,固镇古城遗址,https://zh.wikipedia.org/wiki/%E5%9B%BA%E9%95%87%E5%8F%A4%E5%9F%8E%E9%81%97%E5%9D%80,exact,
7-0023-1-023,付将沟遗址,付将沟遗址,https://baike.baidu.com/view/10555194.htm,exact,付将沟遗址,https://zh.wikipedia.org/wiki/%E4%BB%98%E5%B0%86%E6%B2%9F%E9%81%97%E5%9D%80,exact,
7-0024-1-024,东垣古城遗址,东垣古城遗址,https://baike.baidu.com/view/3907950.htm,exact,东垣古城遗址,https://zh.wikipedia.org/wiki/%E4%B8%9C%E5%9E%A3%E5%8F%A4%E5%9F%8E%E9%81%97%E5%9D%80,exact,
7-0025-1-025,武垣城址,武垣城址,https://baike.baidu.com/view/7771124.htm,exact,,,,
7-0026-1-026,东黑山遗址,东黑山遗址,https://baike.baidu.com/view/10555661.htm,exact,东黑山遗址,https://zh.wikipedia.org/wiki/%E4%B8%9C%E9%BB%91%E5%B1%B1%E9%81%97%E5%9D%80,exact,
7-0027-1-027,古宋城址,古宋城址,https://baike.baidu.com/view/10606339.htm,exact,古宋城址,https://zh.wikipedia.org/wiki/%E5%8F%A4%E5%AE%8B%E5%9F%8E%E5%9D%80,exact,
7-0028-1-028,冀州古城遗址,冀州古城遗址,https://baike.baidu.com/view/10569864.htm,exact,冀州古城遗址,https://zh.wikipedia.org/wiki/%E5%86%80%E5%B7%9E%E5%8F%A4%E5%9F%8E%E9%81%97%E5%9D%80,exact,
7-0029-1-029,后底阁遗址,后底阁遗址,https://baike.baidu.com/view/10556220.htm,exact,后底阁遗址,https://zh.wikipedia.org/wiki/%E5%90%8E%E5%BA%95%E9%98%81%E9%81%97%E5%9D%80,exact,
7-0030-1-030,临清古城遗址,临清古城遗址,https://baike.baidu.com/view/10556312.htm,exact,临清古城遗址,https://zh.wikipedia.org/wiki/%E4%B8%B4%E6%B8%85%E5%8F%A4%E5%9F%8E%E9%81%97%E5%9D%80,exact,
7-0031-1-031,隆化土城子城址,隆化土城子城址,https://baike.baidu.com/view/10614380.htm,exact,,,,
7-0032-1-032,禅果寺遗址,禅果寺遗址,https://baike.baidu.com/item/%E7%A6%85%E6%9E%9C%E5%AF%BA%E9%81%97%E5%9D%80,exact,,,,
7-0033-1-033,沧州旧城,沧州旧城,https://baike.baidu.com/view/484915.htm,exact,,,,
7-0034-1-034,板厂峪窑址群遗址,,,,板厂峪窑址群遗址,https://zh.wikipedia.org/wiki/%E6%9D%BF%E5%8E%82%E5%B3%AA%E7%AA%91%E5%9D%80%E7%BE%A4%E9%81%97%E5%9D%80,exact,明长城砖窑群 | https://baike.baidu.com/view/107376.htm | different-title
7-0035-1-035,古交遗址,古交遗址,https://baike.baidu.com/view/1383501.htm,exact,古交遗址,https://zh.wikipedia.org/wiki/%E5%8F%A4%E4%BA%A4%E9%81%97%E5%9D%80,exact,
7-0036-1-036,匼河遗址,匼河遗址,https://baike.baidu.com/view/940084.htm,exact,匼河遗址,https://zh.wikipedia.org/wiki/%E5%8C%BC%E6%B2%B3%E9%81%97%E5%9D%80,exact,
7-0037-1-037,梁村遗址,梁村遗址,https://baike.baidu.com/view/1995947.htm,exact,,,,
7-0038-1-038,坡头遗址,坡头遗址,https://baike.baidu.com/view/795223.htm,exact,坡头遗址,https://zh.wikipedia.org/wiki/%E5%9D%A1%E5%A4%B4%E9%81%97%E5%9D%80,exact,
7-0039-1-039,金胜庄遗址,金胜庄遗址,https://baike.baidu.com/view/1948534.htm,exact,,,,
7-0040-1-040,东庄遗址,东庄遗址,https://baike.baidu.com/view/10562605.htm,exact,东庄遗址,https://zh.wikipedia.org/wiki/%E4%B8%9C%E5%BA%84%E9%81%97%E5%9D%80,exact,
7-0041-1-041,西王村遗址,西王村遗址,https://baike.baidu.com/subview/10562861/10752783.htm,exact,,,,
7-0042-1-042,周家庄遗址,周家庄遗址,https://baike.baidu.com/view/1948590.htm,exact,周家庄遗址,https://zh.wikipedia.org/wiki/%E5%91%A8%E5%AE%B6%E5%BA%84%E9%81%97%E5%9D%80,exact,
7-0043-1-043,古魏城遗址,古魏城遗址,https://baike.baidu.com/view/1948539.htm,exact,古魏城遗址,https://zh.wikipedia.org/wiki/%E5%8F%A4%E9%AD%8F%E5%9F%8E%E9%81%97%E5%9D%80,exact,
7-0044-1-044,下阳城遗址,下阳城遗址,https://baike.baidu.com/view/1993465.htm,exact,下阳城遗址,https://zh.wikipedia.org/wiki/%E4%B8%8B%E9%98%B3%E5%9F%8E%E9%81%97%E5%9D%80,exact,
7-0045-1-045,虞国古城遗址,虞国古城遗址,https://baike.baidu.com/view/1993467.htm,exact,,,,
7-0046-1-046,虞坂古盐道,虞坂古盐道,https://baike.baidu.com/view/10563009.htm,exact,,,,
7-0047-1-047,程村遗址,程村遗址,https://baike.baidu.com/view/7914177.htm,exact,,,,
7-0048-1-048,娄烦古城遗址,娄烦古城遗址,https://baike.baidu.com/view/1947095.htm,exact,娄烦古城遗址,https://zh.wikipedia.org/wiki/%E5%A8%84%E7%83%A6%E5%8F%A4%E5%9F%8E%E9%81%97%E5%9D%80,exact,
7-0049-1-049,猗氏故城,猗氏故城,https://baike.baidu.com/view/1991356.htm,exact,,,,
7-0050-1-050,玉壁城遗址,玉壁城遗址,https://baike.baidu.com/item/%E7%8E%89%E5%A3%81%E5%9F%8E%E9%81%97%E5%9D%80,exact,,,,
7-0051-1-051,蘑菇山北遗址,蘑菇山北遗址,https://baike.baidu.com/view/10563610.htm,exact,,,,
7-0052-1-052,金斯太洞穴遗址,金斯太洞穴遗址,https://baike.baidu.com/view/10563655.htm,exact,,,,
7-0053-1-053,辉河水坝遗址,辉河水坝遗址,https://baike.baidu.com/view/10563695.htm,exact,,,,
7-0054-1-054,哈克遗址,哈克遗址,https://baike.baidu.com/view/10563746.htm,exact,哈克遗址,https://zh.wikipedia.org/wiki/%E5%93%88%E5%85%8B%E9%81%97%E5%9D%80,exact,
7-0055-1-055,白音长汗遗址,白音长汗遗址,https://baike.baidu.com/view/10564160.htm,exact,,,,
7-0056-1-056,兴隆沟遗址,兴隆沟遗址,https://baike.baidu.com/view/546321.htm,exact,兴隆沟遗址,https://zh.wikipedia.org/wiki/%E5%85%B4%E9%9A%86%E6%B2%9F%E9%81%97%E5%9D%80,exact,
7-0057-1-057,魏家窝铺遗址,魏家窝铺遗址,https://baike.baidu.com/item/%E9%AD%8F%E5%AE%B6%E7%AA%9D%E9%93%BA%E9%81%97%E5%9D%80,exact,魏家窝铺遗址,https://zh.wikipedia.org/wiki/%E9%AD%8F%E5%AE%B6%E7%AA%9D%E9%93%BA%E9%81%97%E5%9D%80,exact,
7-0058-1-058,富河沟门遗址,富河沟门遗址,https://baike.baidu.com/view/1263848.htm,exact,富河沟门遗址,https://zh.wikipedia.org/wiki/%E5%AF%8C%E6%B2%B3%E6%B2%9F%E9%97%A8%E9%81%97%E5%9D%80,exact,
7-0059-1-059,寨子圪旦遗址,寨子圪旦遗址,https://baike.baidu.com/view/10567891.htm,exact,寨子圪旦遗址,https://zh.wikipedia.org/wiki/%E5%AF%A8%E5%AD%90%E5%9C%AA%E6%97%A6%E9%81%97%E5%9D%80,exact,
7-0060-1-060,草帽山遗址,草帽山遗址,https://baike.baidu.com/view/10571955.htm,exact,草帽山遗址,https://zh.wikipedia.org/wiki/%E8%8D%89%E5%B8%BD%E5%B1%B1%E9%81%97%E5%9D%80,exact,
7-0061-1-061,马架子遗址,马架子遗址,https://baike.baidu.com/view/10572129.htm,exact,,,,
7-0062-1-062,三座店石城遗址,三座店石城遗址,https://baike.baidu.com/view/10572500.htm,exact,,,,
7-0063-1-063,二道井子遗址,二道井子遗址,https://baike.baidu.com/item/%E4%BA%8C%E9%81%93%E4%BA%95%E5%AD%90%E9%81%97%E5%9D%80,exact,二道井子遗址,https://zh.wikipedia.org/wiki/%E4%BA%8C%E9%81%93%E4%BA%95%E5%AD%90%E9%81%97%E5%9D%80,exact,
7-0064-1-064,太平庄遗址群,太平庄遗址群,https://baike.baidu.com/view/10572547.htm,exact,,,,
7-0065-1-065,尹家店山城遗址,尹家店山城遗址,https://baike.baidu.com/view/10572626.htm,exact,,,,
7-0066-1-066,南山根遗址,南山根遗址,https://baike.baidu.com/view/10576907.htm,exact,南山根遗址,https://zh.wikipedia.org/wiki/%E5%8D%97%E5%B1%B1%E6%A0%B9%E9%81%97%E5%9D%80,exact,
7-0067-1-067,奈曼土城子城址,奈曼土城子城址,https://baike.baidu.com/item/%E5%A5%88%E6%9B%BC%E5%9C%9F%E5%9F%8E%E5%AD%90%E5%9F%8E%E5%9D%80,exact,,,,
7-0068-1-068,云中郡故城,云中郡故城,https://baike.baidu.com/item/%E4%BA%91%E4%B8%AD%E9%83%A1%E6%95%85%E5%9F%8E,exact,,,,
7-0069-1-069,浩特陶海城址,浩特陶海城址,https://baike.baidu.com/view/10578523.htm,exact,,,,
7-0070-1-070,灵安州遗址,灵安州遗址,https://baike.baidu.com/view/10578577.htm,exact,,,,
7-0071-1-071,豫州城遗址及墓地,豫州城遗址及墓地,https://baike.baidu.com/item/%E8%B1%AB%E5%B7%9E%E5%9F%8E%E9%81%97%E5%9D%80%E5%8F%8A%E5%A2%93%E5%9C%B0,exact,豫州城遗址及墓地,https://zh.wikipedia.org/wiki/%E8%B1%AB%E5%B7%9E%E5%9F%8E%E9%81%97%E5%9D%80%E5%8F%8A%E5%A2%93%E5%9C%B0,exact,
7-0072-1-072,韩州城遗址,韩州城遗址,https://baike.baidu.com/item/%E9%9F%A9%E5%B7%9E%E5%9F%8E%E9%81%97%E5%9D%80,exact,韩州城遗址,https://zh.wikipedia.org/wiki/%E9%9F%A9%E5%B7%9E%E5%9F%8E%E9%81%97%E5%9D%80,exact,
7-0073-1-073,饶州故城址,饶州故城址,https://baike.baidu.com/view/10578872.htm,exact,,,,
7-0074-1-074,武安州遗址,武安州遗址,https://baike.baidu.com/view/10579911.htm,exact,,,,
7-0075-1-075,宁昌路遗址,宁昌路遗址,https://baike.baidu.com/view/10582093.htm,exact,,,,
7-0076-1-076,吐列毛杜古城遗址,吐列毛杜古城遗址,https://baike.baidu.com/view/10582465.htm,exact,,,,
7-0077-1-077,四郎城古城,四郎城古城,https://baike.baidu.com/item/%E5%9B%9B%E9%83%8E%E5%9F%8E%E5%8F%A4%E5%9F%8E,exact,,,,
7-0078-1-078,燕家梁遗址,燕家梁遗址,https://baike.baidu.com/view/10582502.htm,exact,,,,
7-0079-1-079,新忽热古城址,新忽热古城址,https://baike.baidu.com/view/10582528.htm,exact,,,,
7-0080-1-080,前阳洞穴遗址,前阳洞穴遗址,https://baike.baidu.com/view/10582560.htm,exact,,,,
7-0081-1-081,后洼遗址,后洼遗址,https://baike.baidu.com/view/3553812.htm,exact,后洼遗址,https://zh.wikipedia.org/wiki/%E5%90%8E%E6%B4%BC%E9%81%97%E5%9D%80,exact,
7-0082-1-082,沙锅屯遗址,沙锅屯遗址,https://baike.baidu.com/view/10582607.htm,exact,沙锅屯遗址,https://zh.wikipedia.org/wiki/%E6%B2%99%E9%94%85%E5%B1%AF%E9%81%97%E5%9D%80,exact,
7-0083-1-083,小珠山遗址,小珠山遗址,https://baike.baidu.com/view/1434586.htm,exact,小珠山遗址,https://zh.wikipedia.org/wiki/%E5%B0%8F%E7%8F%A0%E5%B1%B1%E9%81%97%E5%9D%80,exact,
7-0084-1-084,双砣子遗址,双砣子遗址,https://baike.baidu.com/view/10582669.htm,exact,,,,
7-0085-1-085,五连城城址,五连城城址,https://baike.baidu.com/item/%E4%BA%94%E8%BF%9E%E5%9F%8E%E5%9F%8E%E5%9D%80,exact,,,,
7-0086-1-086,团山遗址,团山遗址,https://baike.baidu.com/view/9659936.htm,exact,,,,
7-0087-1-087,永陵南城址,永陵南城址,https://baike.baidu.com/view/10584823.htm,exact,,,,
7-0088-1-088,高俭地山城,高俭地山城,https://baike.baidu.com/view/1315712.htm,exact,高俭地山城,https://zh.wikipedia.org/wiki/%E9%AB%98%E4%BF%AD%E5%9C%B0%E5%B1%B1%E5%9F%8E,exact,
7-0089-1-089,高丽城山城,高丽城山城,https://baike.baidu.com/view/10584844.htm,exact,高丽城山城,https://zh.wikipedia.org/wiki/%E9%AB%98%E4%B8%BD%E5%9F%8E%E5%B1%B1%E5%9F%8E,exact,
7-0090-1-090,巍霸山城（含清泉寺）,巍霸山城,https://baike.baidu.com/view/1026279.htm,manual,,,,广济寺古建筑群 | https://zh.wikipedia.org/wiki/%E5%B9%BF%E6%B5%8E%E5%AF%BA%E5%8F%A4%E5%BB%BA%E7%AD%91%E7%BE%A4 | different-title
7-0091-1-091,下古城子城址,下古城子城址,https://baike.baidu.com/view/10584899.htm,exact,下古城子城址,https://zh.wikipedia.org/wiki/%E4%B8%8B%E5%8F%A4%E5%9F%8E%E5%AD%90%E5%9F%8E%E5%9D%80,exact,
7-0092-1-092,燕州城山城,燕州城山城,https://baike.baidu.com/view/10584981.htm,exact,燕州城,https://zh.wikipedia.org/wiki/%E7%87%95%E5%B7%9E%E5%9F%8E,redirect,
7-0093-1-093,邰集屯城址,邰集屯城址,https://baike.baidu.com/view/10585045.htm,exact,,,,
7-0094-1-094,边牛山城址,边牛山城址,https://baike.baidu.com/item/%E8%BE%B9%E7%89%9B%E5%B1%B1%E5%9F%8E%E5%9D%80,exact,边牛山城址,https://zh.wikipedia.org/wiki/%E8%BE%B9%E7%89%9B%E5%B1%B1%E5%9F%8E%E5%9D%80,exact,
7-0095-1-095,大黑山山城,大黑山山城,https://baike.baidu.com/view/5569235.htm,exact,大黑山山城,https://zh.wikipedia.org/wiki/%E5%A4%A7%E9%BB%91%E5%B1%B1%E5%B1%B1%E5%9F%8E,exact,
7-0096-1-096,得利寺山城,得利寺山城,https://baike.baidu.com/view/6076604.htm,exact,得利寺山城,https://zh.wikipedia.org/wiki/%E5%BE%97%E5%88%A9%E5%AF%BA%E5%B1%B1%E5%9F%8E,exact,
7-0097-1-097,城子山山城,城子山山城,https://baike.baidu.com/view/1368396.htm,exact,,,,
7-0098-1-098,四面城城址,四面城城址,https://baike.baidu.com/view/10585479.htm,exact,,,,
7-0099-1-099,冮官屯窑址,冮官屯窑址,https://baike.baidu.com/view/1024817.htm,exact,,,,
7-0100-1-100,八家子城址,八家子城址,https://baike.baidu.com/view/10585501.htm,exact,,,,
7-0101-1-101,东京城城址,东京城城址,https://baike.baidu.com/view/10585518.htm,exact,,,,
7-0102-1-102,石人沟遗址,石人沟遗址,https://baike.baidu.com/view/10585547.htm,exact,,,,
7-0103-1-103,新屯子西山遗址,新屯子西山遗址,https://baike.baidu.com/view/10585567.htm,exact,新屯子西山遗址,https://zh.wikipedia.org/wiki/%E6%96%B0%E5%B1%AF%E5%AD%90%E8%A5%BF%E5%B1%B1%E9%81%97%E5%9D%80,exact,
7-0104-1-104,寿山仙人洞遗址,寿山仙人洞遗址,https://baike.baidu.com/item/%E5%AF%BF%E5%B1%B1%E4%BB%99%E4%BA%BA%E6%B4%9E%E9%81%97%E5%9D%80,exact,寿山仙人洞遗址,https://zh.wikipedia.org/wiki/%E5%AF%BF%E5%B1%B1%E4%BB%99%E4%BA%BA%E6%B4%9E%E9%81%97%E5%9D%80,exact,
7-0105-1-105,向阳南岗遗址,向阳南岗遗址,https://baike.baidu.com/view/10585605.htm,exact,向阳南岗遗址,https://zh.wikipedia.org/wiki/%E5%90%91%E9%98%B3%E5%8D%97%E5%B2%97%E9%81%97%E5%9D%80,exact,
7-0106-1-106,后太平遗址群,后太平遗址群,https://baike.baidu.com/view/10585693.htm,exact,后太平遗址群,https://zh.wikipedia.org/wiki/%E5%90%8E%E5%A4%AA%E5%B9%B3%E9%81%97%E5%9D%80%E7%BE%A4,exact,
7-0107-1-107,双塔遗址,双塔遗址,https://baike.baidu.com/view/8605474.htm,exact,,,,
7-0108-1-108,余富遗址,余富遗址,https://baike.baidu.com/view/10585728.htm,exact,余富遗址,https://zh.wikipedia.org/wiki/%E4%BD%99%E5%AF%8C%E9%81%97%E5%9D%80,exact,
7-0109-1-109,五家子遗址,五家子遗址,https://baike.baidu.com/view/10585763.htm,exact,五家子遗址,https://zh.wikipedia.org/wiki/%E4%BA%94%E5%AE%B6%E5%AD%90%E9%81%97%E5%9D%80,exact,
7-0110-1-110,大青山遗址,大青山遗址,https://baike.baidu.com/view/408026.htm,exact,大青山遗址,https://zh.wikipedia.org/wiki/%E5%A4%A7%E9%9D%92%E5%B1%B1%E9%81%97%E5%9D%80,exact,
7-0111-1-111,龙岗遗址群,龙岗遗址群,https://baike.baidu.com/view/10585815.htm,exact,,,,
7-0112-1-112,赤柏松古城址,赤柏松古城址,https://baike.baidu.com/view/10585885.htm,exact,,,,
7-0113-1-113,萨其城址,萨其城址,https://baike.baidu.com/item/%E8%90%A8%E5%85%B6%E5%9F%8E%E5%9D%80,exact,,,,
7-0114-1-114,温特赫部城址与裴优城址,温特赫部城址与裴优城址,https://baike.baidu.com/view/10587802.htm,exact,温特赫部城址与裴优城址,https://zh.wikipedia.org/wiki/%E6%B8%A9%E7%89%B9%E8%B5%AB%E9%83%A8%E5%9F%8E%E5%9D%80%E4%B8%8E%E8%A3%B4%E4%BC%98%E5%9F%8E%E5%9D%80,exact,
7-0115-1-115,春捺钵遗址群,春捺钵遗址群,https://baike.baidu.com/view/3194065.htm,exact,春捺钵遗址群,https://zh.wikipedia.org/wiki/%E6%98%A5%E6%8D%BA%E9%92%B5%E9%81%97%E5%9D%80%E7%BE%A4,exact,
7-0116-1-116,石头城子古城址,石头城子古城址,https://baike.baidu.com/view/10587846.htm,exact,,,,
7-0117-1-117,嘎呀河城址,嘎呀河城址,https://baike.baidu.com/view/10587925.htm,exact,嘎呀河城址,https://zh.wikipedia.org/wiki/%E5%98%8E%E5%91%80%E6%B2%B3%E5%9F%8E%E5%9D%80,exact,
7-0118-1-118,揽头窝堡遗址,揽头窝堡遗址,https://baike.baidu.com/view/10587993.htm,exact,揽头窝堡遗址,https://zh.wikipedia.org/wiki/%E6%8F%BD%E5%A4%B4%E7%AA%9D%E5%A0%A1%E9%81%97%E5%9D%80,exact,
7-0119-1-119,前进古城址,前进古城址,https://baike.baidu.com/view/10588028.htm,exact,,,,
7-0120-1-120,五家子城址,五家子城址,https://baike.baidu.com/view/10588089.htm,exact,五家子城址,https://zh.wikipedia.org/wiki/%E4%BA%94%E5%AE%B6%E5%AD%90%E5%9F%8E%E5%9D%80,exact,
7-0121-1-121,乌拉街沿江古城址,乌拉街沿江古城址,https://baike.baidu.com/view/10588133.htm,exact,乌拉街沿江古城址,https://zh.wikipedia.org/wiki/%E4%B9%8C%E6%8B%89%E8%A1%97%E6%B2%BF%E6%B1%9F%E5%8F%A4%E5%9F%8E%E5%9D%80,exact,
7-0122-1-122,乌拉部故城,乌拉部故城,https://baike.baidu.com/view/10588161.htm,exact,乌拉部故城,https://zh.wikipedia.org/wiki/%E4%B9%8C%E6%8B%89%E9%83%A8%E6%95%85%E5%9F%8E,exact,
7-0123-1-123,小拉哈遗址,小拉哈遗址,https://baike.baidu.com/view/10588193.htm,exact,,,,
7-0124-1-124,王脖子山遗址群,王脖子山遗址群,https://baike.baidu.com/view/984806.htm,exact,,,,
7-0125-1-125,老龙头遗址,老龙头遗址,https://baike.baidu.com/view/4356795.htm,exact,,,,
7-0126-1-126,庆华古山寨遗址,庆华古山寨遗址,https://baike.baidu.com/view/10594787.htm,exact,,,,
7-0127-1-127,团结遗址,团结遗址,https://baike.baidu.com/item/%E5%9B%A2%E7%BB%93%E9%81%97%E5%9D%80/62988894,exact,团结遗址,https://zh.wikipedia.org/wiki/%E5%9B%A2%E7%BB%93%E9%81%97%E5%9D%80,exact,
7-0128-1-128,中兴城址,中兴城址,https://baike.baidu.com/view/10595051.htm,exact,中兴城址,https://zh.wikipedia.org/wiki/%E4%B8%AD%E5%85%B4%E5%9F%8E%E5%9D%80,exact,
7-0129-1-129,土城子遗址,土城子遗址,https://baike.baidu.com/subview/1111528/10817018.htm,exact,土城子遗址,https://zh.wikipedia.org/wiki/%E5%9C%9F%E5%9F%8E%E5%AD%90%E9%81%97%E5%9D%80,exact,
7-0130-1-130,郝家城子古城遗址,郝家城子古城遗址,https://baike.baidu.com/view/10595220.htm,exact,,,,
7-0131-1-131,墨尔根至漠河古驿站驿道,墨尔根至漠河古驿站驿道,https://baike.baidu.com/item/%E5%A2%A8%E5%B0%94%E6%A0%B9%E8%87%B3%E6%BC%A0%E6%B2%B3%E5%8F%A4%E9%A9%BF%E7%AB%99%E9%A9%BF%E9%81%93,exact,墨尔根至漠河古驿站驿道,https://zh.wikipedia.org/wiki/%E5%A2%A8%E5%B0%94%E6%A0%B9%E8%87%B3%E6%BC%A0%E6%B2%B3%E5%8F%A4%E9%A9%BF%E7%AB%99%E9%A9%BF%E9%81%93,exact,
7-0132-1-132,鄂伦春神泉祭坛遗址,鄂伦春神泉祭坛遗址,https://baike.baidu.com/view/10596542.htm,exact,,,,
7-0133-1-133,宁古塔将军驻地旧城遗址,宁古塔将军驻地旧城遗址,https://baike.baidu.com/view/10596555.htm,exact,,,,
7-0134-1-134,崧泽遗址,崧泽遗址,https://baike.baidu.com/view/387573.htm,exact,崧泽遗址,https://zh.wikipedia.org/wiki/%E5%B4%A7%E6%B3%BD%E9%81%97%E5%9D%80,exact,
7-0135-1-135,上海马桥遗址,上海马桥遗址,https://baike.baidu.com/view/2718132.htm,exact,,,,
7-0136-1-136,广富林遗址,广富林遗址,https://baike.baidu.com/item/%E5%B9%BF%E5%AF%8C%E6%9E%97%E9%81%97%E5%9D%80,exact,广富林遗址,https://zh.wikipedia.org/wiki/%E5%B9%BF%E5%AF%8C%E6%9E%97%E9%81%97%E5%9D%80,exact,
7-0137-1-137,志丹苑元代水闸遗址,上海元代水闸遗址博物馆,https://baike.baidu.com/view/8825408.htm,manual,,,,上海元代水闸遗址博物馆 | https://baike.baidu.com/view/8825408.htm | different-title；豫园 | https://zh.wikipedia.org/wiki/%E8%B1%AB%E5%9B%AD | different-title
7-0138-1-138,中华曙猿化石地点,中华曙猿化石地点,https://baike.baidu.com/view/8813223.htm,exact,中华曙猿化石地点,https://zh.wikipedia.org/wiki/%E4%B8%AD%E5%8D%8E%E6%9B%99%E7%8C%BF%E5%8C%96%E7%9F%B3%E5%9C%B0%E7%82%B9,exact,
7-0139-1-139,青莲岗遗址,青莲岗遗址,https://baike.baidu.com/item/%E9%9D%92%E8%8E%B2%E5%B2%97%E9%81%97%E5%9D%80,exact,,,,
7-0140-1-140,薛城遗址,薛城遗址,https://baike.baidu.com/subview/1227666/1227666.htm,exact,,,,
7-0141-1-141,草鞋山遗址,草鞋山遗址,https://baike.baidu.com/view/138078.htm,exact,,,,
7-0142-1-142,东山村遗址,东山村遗址,https://baike.baidu.com/view/4356483.htm,exact,东山村遗址,https://zh.wikipedia.org/wiki/%E4%B8%9C%E5%B1%B1%E6%9D%91%E9%81%97%E5%9D%80,exact,
7-0143-1-143,赵陵山遗址,赵陵山遗址,https://baike.baidu.com/view/1428492.htm,exact,,,,
7-0144-1-144,西溪遗址,西溪遗址,https://baike.baidu.com/view/4481159.htm,exact,,,,
7-0145-1-145,刘林遗址,刘林遗址,https://baike.baidu.com/view/3864323.htm,exact,刘林遗址,https://zh.wikipedia.org/wiki/%E5%88%98%E6%9E%97%E9%81%97%E5%9D%80,exact,
7-0146-1-146,城上村遗址,城上村遗址,https://baike.baidu.com/view/10597877.htm,exact,城上村遗址,https://zh.wikipedia.org/wiki/%E5%9F%8E%E4%B8%8A%E6%9D%91%E9%81%97%E5%9D%80,exact,
7-0147-1-147,梁王城遗址,梁王城遗址,https://baike.baidu.com/view/1509729.htm,exact,,,,
7-0148-1-148,佘城遗址,佘城遗址,https://baike.baidu.com/view/1412936.htm,exact,佘城遗址,https://zh.wikipedia.org/wiki/%E4%BD%98%E5%9F%8E%E9%81%97%E5%9D%80,exact,
7-0149-1-149,葛城遗址,葛城遗址,https://baike.baidu.com/subview/3753744/18877605.htm,exact,,,,
7-0150-1-150,晓店青墩遗址,晓店青墩遗址,https://baike.baidu.com/view/10601480.htm,exact,,,,
7-0151-1-151,阖闾城遗址,阖闾城遗址,https://baike.baidu.com/view/10596002.htm,exact,,,,
7-0152-1-152,固城遗址,固城遗址,https://baike.baidu.com/view/9161012.htm,exact,固城遗址,https://zh.wikipedia.org/wiki/%E5%9B%BA%E5%9F%8E%E9%81%97%E5%9D%80,exact,
7-0153-1-153,曲阳城遗址,曲阳城遗址,https://baike.baidu.com/view/2146839.htm,exact,,,,
7-0154-1-154,铁瓮城遗址,铁瓮城遗址,https://baike.baidu.com/view/10602447.htm,exact,,,,
7-0155-1-155,黄泗浦遗址,黄泗浦遗址,https://baike.baidu.com/view/7748496.htm,exact,,,,
7-0156-1-156,大报恩寺遗址,大报恩寺遗址,https://baike.baidu.com/view/1778716.htm,exact,,,,
7-0157-1-157,泗州城遗址,泗州城遗址,https://baike.baidu.com/item/%E6%B3%97%E5%B7%9E%E5%9F%8E%E9%81%97%E5%9D%80,exact,,,,
7-0158-1-158,宋元粮仓遗址,宋元粮仓遗址,https://baike.baidu.com/view/3956585.htm,exact,宋元粮仓遗址,https://zh.wikipedia.org/wiki/%E5%AE%8B%E5%85%83%E7%B2%AE%E4%BB%93%E9%81%97%E5%9D%80,exact,
7-0159-1-159,太仓海运仓遗址,太仓海运仓遗址,https://baike.baidu.com/item/%E5%A4%AA%E4%BB%93%E6%B5%B7%E8%BF%90%E4%BB%93%E9%81%97%E5%9D%80,exact,,,,
7-0160-1-160,大窑路窑群遗址,大窑路窑群遗址,https://baike.baidu.com/view/10602671.htm,exact,大窑路窑群遗址,https://zh.wikipedia.org/wiki/%E5%A4%A7%E7%AA%91%E8%B7%AF%E7%AA%91%E7%BE%A4%E9%81%97%E5%9D%80,exact,
7-0161-1-161,蜀山窑群,蜀山窑群,https://baike.baidu.com/view/8035662.htm,exact,,,,
7-0162-1-162,乌龟洞遗址,乌龟洞遗址,https://baike.baidu.com/item/%E4%B9%8C%E9%BE%9F%E6%B4%9E%E9%81%97%E5%9D%80,exact,乌龟洞遗址,https://zh.wikipedia.org/wiki/%E4%B9%8C%E9%BE%9F%E6%B4%9E%E9%81%97%E5%9D%80,exact,
7-0163-1-163,上马坎遗址,上马坎遗址,https://baike.baidu.com/view/2739380.htm,exact,上马坎遗址,https://zh.wikipedia.org/wiki/%E4%B8%8A%E9%A9%AC%E5%9D%8E%E9%81%97%E5%9D%80,exact,
7-0164-1-164,七里亭遗址,七里亭遗址,https://baike.baidu.com/view/10602842.htm,exact,七里亭遗址,https://zh.wikipedia.org/wiki/%E4%B8%83%E9%87%8C%E4%BA%AD%E9%81%97%E5%9D%80,exact,
7-0165-1-165,小古城遗址,小古城遗址,https://baike.baidu.com/subview/2718680/2718680.htm,exact,小古城遗址,https://zh.wikipedia.org/wiki/%E5%B0%8F%E5%8F%A4%E5%9F%8E%E9%81%97%E5%9D%80,exact,
7-0166-1-166,田螺山遗址,田螺山遗址,https://baike.baidu.com/view/930194.htm,exact,,,,
7-0167-1-167,鲻山遗址,鲻山遗址,https://baike.baidu.com/view/712561.htm,exact,,,,
7-0168-1-168,曹湾山遗址,曹湾山遗址,https://baike.baidu.com/view/10602973.htm,exact,,,,
7-0169-1-169,庄桥坟遗址,庄桥坟遗址,https://baike.baidu.com/view/10603049.htm,exact,庄桥坟遗址,https://zh.wikipedia.org/wiki/%E5%BA%84%E6%A1%A5%E5%9D%9F%E9%81%97%E5%9D%80,exact,
7-0170-1-170,新地里遗址,新地里遗址,https://baike.baidu.com/view/2713305.htm,exact,新地里遗址,https://zh.wikipedia.org/wiki/%E6%96%B0%E5%9C%B0%E9%87%8C%E9%81%97%E5%9D%80,exact,
7-0171-1-171,小黄山遗址,小黄山遗址,https://baike.baidu.com/view/582971.htm,exact,小黄山遗址,https://zh.wikipedia.org/wiki/%E5%B0%8F%E9%BB%84%E5%B1%B1%E9%81%97%E5%9D%80,exact,
7-0172-1-172,好川遗址,好川遗址,https://baike.baidu.com/item/%E5%A5%BD%E5%B7%9D%E9%81%97%E5%9D%80,exact,好川遗址,https://zh.wikipedia.org/wiki/%E5%A5%BD%E5%B7%9D%E9%81%97%E5%9D%80,exact,
7-0173-1-173,塔山遗址,塔山遗址,https://baike.baidu.com/view/2726891.htm,exact,塔山遗址,https://zh.wikipedia.org/wiki/%E5%A1%94%E5%B1%B1%E9%81%97%E5%9D%80,exact,
7-0174-1-174,毘山遗址,毘山遗址,https://baike.baidu.com/item/%E6%AF%98%E5%B1%B1%E9%81%97%E5%9D%80,exact,,,,
7-0175-1-175,德清原始瓷窑址,德清原始瓷窑址,https://baike.baidu.com/view/10605494.htm,exact,德清原始瓷窑址,https://zh.wikipedia.org/wiki/%E5%BE%B7%E6%B8%85%E5%8E%9F%E5%A7%8B%E7%93%B7%E7%AA%91%E5%9D%80,exact,
7-0176-1-176,大溪东瓯古城遗址,大溪东瓯古城遗址,https://baike.baidu.com/view/10605677.htm,exact,大溪东瓯古城遗址,https://zh.wikipedia.org/wiki/%E5%A4%A7%E6%BA%AA%E4%B8%9C%E7%93%AF%E5%8F%A4%E5%9F%8E%E9%81%97%E5%9D%80,exact,
7-0177-1-177,城山古城遗址,城山古城遗址,https://baike.baidu.com/view/2736984.htm,exact,城山古城遗址,https://zh.wikipedia.org/wiki/%E5%9F%8E%E5%B1%B1%E5%8F%A4%E5%9F%8E%E9%81%97%E5%9D%80,exact,
7-0178-1-178,凤凰山窑址群,凤凰山窑址群,https://baike.baidu.com/view/3771375.htm,exact,凤凰山窑址群,https://zh.wikipedia.org/wiki/%E5%87%A4%E5%87%B0%E5%B1%B1%E7%AA%91%E5%9D%80%E7%BE%A4,exact,
7-0179-1-179,泗洲造纸作坊遗址,泗洲造纸作坊遗址,https://baike.baidu.com/view/8521274.htm,exact,,,,
7-0180-1-180,天目窑遗址群,天目窑遗址群,https://baike.baidu.com/view/2719648.htm,exact,天目窑遗址群,https://zh.wikipedia.org/wiki/%E5%A4%A9%E7%9B%AE%E7%AA%91%E9%81%97%E5%9D%80%E7%BE%A4,exact,
7-0181-1-181,小南海石室,小南海石室,https://baike.baidu.com/view/2755172.htm,exact,,,,
7-0182-1-182,云和银矿遗址,云和银矿遗址,https://baike.baidu.com/view/10605868.htm,exact,云和银矿遗址,https://zh.wikipedia.org/wiki/%E4%BA%91%E5%92%8C%E9%93%B6%E7%9F%BF%E9%81%97%E5%9D%80,exact,
7-0183-1-183,花岙兵营遗址,花岙兵营遗址,https://baike.baidu.com/view/2726884.htm,exact,,,,
7-0184-1-184,毛竹山、官山遗址,毛竹山、官山遗址,https://baike.baidu.com/view/10609298.htm,exact,,,,
7-0185-1-185,银山智人遗址,银山智人遗址,https://baike.baidu.com/item/%E9%93%B6%E5%B1%B1%E6%99%BA%E4%BA%BA%E9%81%97%E5%9D%80,exact,,,,
7-0186-1-186,双墩遗址,双墩遗址,https://baike.baidu.com/view/1459157.htm,exact,双墩遗址,https://zh.wikipedia.org/wiki/%E5%8F%8C%E5%A2%A9%E9%81%97%E5%9D%80,exact,
7-0187-1-187,禹会村遗址,禹会村遗址,https://baike.baidu.com/view/6959313.htm,exact,,,,
7-0188-1-188,石山孜遗址,石山孜遗址,https://baike.baidu.com/view/565832.htm,exact,,,,
7-0189-1-189,小山口遗址,小山口遗址,https://baike.baidu.com/view/10609416.htm,exact,小山口遗址,https://zh.wikipedia.org/wiki/%E5%B0%8F%E5%B1%B1%E5%8F%A3%E9%81%97%E5%9D%80,exact,
7-0190-1-190,古台寺遗址,古台寺遗址,https://baike.baidu.com/view/10609430.htm,exact,古台寺遗址,https://zh.wikipedia.org/wiki/%E5%8F%A4%E5%8F%B0%E5%AF%BA%E9%81%97%E5%9D%80,exact,
7-0191-1-191,孙家城遗址,孙家城遗址,https://baike.baidu.com/view/10609462.htm,exact,孙家城遗址,https://zh.wikipedia.org/wiki/%E5%AD%99%E5%AE%B6%E5%9F%8E%E9%81%97%E5%9D%80,exact,
7-0192-1-192,张四墩遗址,张四墩遗址,https://baike.baidu.com/view/2811239.htm,exact,张四墩遗址,https://zh.wikipedia.org/wiki/%E5%BC%A0%E5%9B%9B%E5%A2%A9%E9%81%97%E5%9D%80,exact,
7-0193-1-193,垓下遗址,垓下遗址,https://baike.baidu.com/item/%E5%9E%93%E4%B8%8B%E9%81%97%E5%9D%80,exact,垓下遗址,https://zh.wikipedia.org/wiki/%E5%9E%93%E4%B8%8B%E9%81%97%E5%9D%80,exact,
7-0194-1-194,牯牛山城址,牯牛山城址,https://baike.baidu.com/item/%E7%89%AF%E7%89%9B%E5%B1%B1%E5%9F%8E%E5%9D%80,exact,,,,
7-0195-1-195,榉根关古徽道,榉根关古徽道,https://baike.baidu.com/view/10609755.htm,exact,榉根关古徽道,https://zh.wikipedia.org/wiki/%E6%A6%89%E6%A0%B9%E5%85%B3%E5%8F%A4%E5%BE%BD%E9%81%93,exact,
7-0196-1-196,古井贡酒酿造遗址,古井贡酒酿造遗址,https://baike.baidu.com/view/10609801.htm,exact,古井贡酒酿造遗址,https://zh.wikipedia.org/wiki/%E5%8F%A4%E4%BA%95%E8%B4%A1%E9%85%92%E9%85%BF%E9%80%A0%E9%81%97%E5%9D%80,exact,
7-0197-1-197,徽杭古道绩溪段和古徽道东线郎溪段,徽杭古道绩溪段和古徽道东线郎溪段,https://baike.baidu.com/view/10609856.htm,exact,,,,
7-0198-1-198,莲花池山遗址,莲花池山遗址,https://baike.baidu.com/view/11259614.htm,exact,,,,
7-0199-1-199,奇和洞遗址,奇和洞遗址,https://baike.baidu.com/item/%E5%A5%87%E5%92%8C%E6%B4%9E%E9%81%97%E5%9D%80,exact,奇和洞遗址,https://zh.wikipedia.org/wiki/%E5%A5%87%E5%92%8C%E6%B4%9E%E9%81%97%E5%9D%80,exact,
7-0200-1-200,南山遗址,南山遗址,https://baike.baidu.com/view/799693.htm,exact,南山遗址,https://zh.wikipedia.org/wiki/%E5%8D%97%E5%B1%B1%E9%81%97%E5%9D%80,exact,
7-0201-1-201,池湖遗址,池湖遗址,https://baike.baidu.com/view/3055493.htm,exact,,,,
7-0202-1-202,猫耳山遗址,猫耳山遗址,https://baike.baidu.com/view/5201153.htm,exact,,,,
7-0203-1-203,庵山沙丘遗址,庵山沙丘遗址,https://baike.baidu.com/view/4267181.htm,exact,庵山沙丘遗址,https://zh.wikipedia.org/wiki/%E5%BA%B5%E5%B1%B1%E6%B2%99%E4%B8%98%E9%81%97%E5%9D%80,exact,
7-0204-1-204,海坛海峡水下遗址,海坛海峡水下遗址,https://baike.baidu.com/view/10613332.htm,exact,,,,
7-0205-1-205,中村窑遗址,中村窑遗址,https://baike.baidu.com/view/10614751.htm,exact,中村窑遗址,https://zh.wikipedia.org/wiki/%E4%B8%AD%E6%9D%91%E7%AA%91%E9%81%97%E5%9D%80,exact,
7-0206-1-206,拾年山遗址,拾年山遗址,https://baike.baidu.com/view/10614768.htm,exact,拾年山遗址,https://zh.wikipedia.org/wiki/%E6%8B%BE%E5%B9%B4%E5%B1%B1%E9%81%97%E5%9D%80,exact,
7-0207-1-207,社山头遗址,社山头遗址,https://baike.baidu.com/view/10614783.htm,exact,,,,
7-0208-1-208,角山板栗山遗址,角山板栗山遗址,https://baike.baidu.com/view/10614802.htm,exact,,,,
7-0209-1-209,界埠粮仓遗址,界埠粮仓遗址,https://baike.baidu.com/view/10614835.htm,exact,,,,
7-0210-1-210,枭阳城遗址,枭阳城遗址,https://baike.baidu.com/item/%E6%9E%AD%E9%98%B3%E5%9F%8E%E9%81%97%E5%9D%80,exact,,,,
7-0211-1-211,宝山金银矿冶遗址,宝山金银矿冶遗址,https://baike.baidu.com/view/10614896.htm,exact,宝山金银矿冶遗址,https://zh.wikipedia.org/wiki/%E5%AE%9D%E5%B1%B1%E9%87%91%E9%93%B6%E7%9F%BF%E5%86%B6%E9%81%97%E5%9D%80,exact,
7-0212-1-212,银山银矿遗址,银山银矿遗址,https://baike.baidu.com/view/10614922.htm,exact,,,,
7-0213-1-213,七里镇窑址,七里镇窑址,https://baike.baidu.com/view/10614944.htm,exact,,,,
7-0214-1-214,包家金矿遗址,包家金矿遗址,https://baike.baidu.com/view/4997923.htm,exact,包家金矿遗址,https://zh.wikipedia.org/wiki/%E5%8C%85%E5%AE%B6%E9%87%91%E7%9F%BF%E9%81%97%E5%9D%80,exact,
7-0215-1-215,凤凰山铁矿遗址,凤凰山铁矿遗址,https://baike.baidu.com/view/10614971.htm,exact,凤凰山铁矿遗址,https://zh.wikipedia.org/wiki/%E5%87%A4%E5%87%B0%E5%B1%B1%E9%93%81%E7%9F%BF%E9%81%97%E5%9D%80,exact,
7-0216-1-216,白舍窑遗址,白舍窑遗址,https://baike.baidu.com/view/5729039.htm,exact,,,,
7-0217-1-217,蒙山银矿遗址,蒙山银矿遗址,https://baike.baidu.com/item/%E8%92%99%E5%B1%B1%E9%93%B6%E7%9F%BF%E9%81%97%E5%9D%80,exact,,,,
7-0218-1-218,华林造纸作坊遗址,华林造纸作坊遗址,https://baike.baidu.com/view/3172746.htm,exact,华林造纸作坊遗址,https://zh.wikipedia.org/wiki/%E5%8D%8E%E6%9E%97%E9%80%A0%E7%BA%B8%E4%BD%9C%E5%9D%8A%E9%81%97%E5%9D%80,exact,
7-0219-1-219,丽阳窑址,丽阳窑址,https://baike.baidu.com/item/%E4%B8%BD%E9%98%B3%E7%AA%91%E5%9D%80,exact,丽阳窑址,https://zh.wikipedia.org/wiki/%E4%B8%BD%E9%98%B3%E7%AA%91%E5%9D%80,exact,
7-0220-1-220,建新遗址,建新遗址,https://baike.baidu.com/view/9901283.htm,exact,建新遗址,https://zh.wikipedia.org/wiki/%E5%BB%BA%E6%96%B0%E9%81%97%E5%9D%80,exact,
7-0221-1-221,南王绪遗址,南王绪遗址,https://baike.baidu.com/view/10616678.htm,exact,南王绪遗址,https://zh.wikipedia.org/wiki/%E5%8D%97%E7%8E%8B%E7%BB%AA%E9%81%97%E5%9D%80,exact,
7-0222-1-222,野店遗址,野店遗址,https://baike.baidu.com/view/156206.htm,exact,,,,
7-0223-1-223,青堌堆遗址,青堌堆遗址,https://baike.baidu.com/view/3797400.htm,exact,,,,
7-0224-1-224,大朱家村遗址,大朱家村遗址,https://baike.baidu.com/view/6707226.htm,exact,大朱家村遗址,https://zh.wikipedia.org/wiki/%E5%A4%A7%E6%9C%B1%E5%AE%B6%E6%9D%91%E9%81%97%E5%9D%80,exact,
7-0225-1-225,西朱封遗址,西朱封遗址,https://baike.baidu.com/view/575467.htm,exact,,,,
7-0226-1-226,史家遗址,史家遗址,https://baike.baidu.com/view/79645.htm,exact,史家遗址,https://zh.wikipedia.org/wiki/%E5%8F%B2%E5%AE%B6%E9%81%97%E5%9D%80,exact,
7-0227-1-227,北沈遗址,北沈遗址,https://baike.baidu.com/view/10113055.htm,exact,北沈遗址,https://zh.wikipedia.org/wiki/%E5%8C%97%E6%B2%88%E9%81%97%E5%9D%80,exact,
7-0228-1-228,北沟头遗址,北沟头遗址,https://baike.baidu.com/view/1119094.htm,exact,北沟头遗址,https://zh.wikipedia.org/wiki/%E5%8C%97%E6%B2%9F%E5%A4%B4%E9%81%97%E5%9D%80,exact,
7-0229-1-229,西夏侯遗址,西夏侯遗址,https://baike.baidu.com/view/3789893.htm,exact,,,,
7-0230-1-230,尚庄遗址,尚庄遗址,https://baike.baidu.com/view/301096.htm,exact,尚庄遗址,https://zh.wikipedia.org/wiki/%E5%B0%9A%E5%BA%84%E9%81%97%E5%9D%80,exact,
7-0231-1-231,前掌大遗址,前掌大遗址,https://baike.baidu.com/view/1962853.htm,exact,前掌大遗址,https://zh.wikipedia.org/wiki/%E5%89%8D%E6%8E%8C%E5%A4%A7%E9%81%97%E5%9D%80,exact,
7-0232-1-232,双王城盐业遗址群,双王城盐业遗址群,https://baike.baidu.com/view/2233388.htm,exact,,,,
7-0233-1-233,嬴城遗址,嬴城遗址,https://baike.baidu.com/view/2007967.htm,exact,嬴城遗址,https://zh.wikipedia.org/wiki/%E5%AC%B4%E5%9F%8E%E9%81%97%E5%9D%80,exact,
7-0234-1-234,西皇姑庵遗址,西皇姑庵遗址,https://baike.baidu.com/view/509928.htm,exact,,,,
7-0235-1-235,西吴寺遗址,西吴寺遗址,https://baike.baidu.com/view/2658368.htm,exact,,,,
7-0236-1-236,赵家庄遗址,赵家庄遗址,https://baike.baidu.com/view/9646327.htm,exact,,,,
7-0237-1-237,魏家庄遗址,魏家庄遗址,https://baike.baidu.com/view/9282124.htm,exact,,,,
7-0238-1-238,杭头遗址,杭头遗址,https://baike.baidu.com/view/1121545.htm,exact,杭头遗址,https://zh.wikipedia.org/wiki/%E6%9D%AD%E5%A4%B4%E9%81%97%E5%9D%80,exact,
7-0239-1-239,五村遗址,五村遗址,https://baike.baidu.com/view/6707224.htm,exact,五村遗址,https://zh.wikipedia.org/wiki/%E4%BA%94%E6%9D%91%E9%81%97%E5%9D%80,exact,
7-0240-1-240,小谷城故城遗址,小谷城故城遗址,https://baike.baidu.com/item/%E5%B0%8F%E8%B0%B7%E5%9F%8E%E6%95%85%E5%9F%8E%E9%81%97%E5%9D%80,exact,小谷城故城遗址,https://zh.wikipedia.org/wiki/%E5%B0%8F%E8%B0%B7%E5%9F%8E%E6%95%85%E5%9F%8E%E9%81%97%E5%9D%80,exact,
7-0241-1-241,丰台盐业遗址群,丰台盐业遗址群,https://baike.baidu.com/view/10618844.htm,exact,丰台盐业遗址群,https://zh.wikipedia.org/wiki/%E4%B8%B0%E5%8F%B0%E7%9B%90%E4%B8%9A%E9%81%97%E5%9D%80%E7%BE%A4,exact,
7-0242-1-242,照格庄遗址,照格庄遗址,https://baike.baidu.com/view/2721437.htm,exact,照格庄遗址,https://zh.wikipedia.org/wiki/%E7%85%A7%E6%A0%BC%E5%BA%84%E9%81%97%E5%9D%80,exact,
7-0243-1-243,大辛庄遗址,大辛庄遗址,https://baike.baidu.com/view/198254.htm,exact,大辛庄遗址,https://zh.wikipedia.org/wiki/%E5%A4%A7%E8%BE%9B%E5%BA%84%E9%81%97%E5%9D%80,exact,
7-0244-1-244,南河崖盐业遗址群,南河崖盐业遗址群,https://baike.baidu.com/view/9174700.htm,exact,,,,
7-0245-1-245,陈庄-唐口遗址,陈庄-唐口遗址,https://baike.baidu.com/item/%E9%99%88%E5%BA%84-%E5%94%90%E5%8F%A3%E9%81%97%E5%9D%80,exact,,,,
7-0246-1-246,杨家盐业遗址群,杨家盐业遗址群,https://baike.baidu.com/view/10622980.htm,exact,,,,
7-0247-1-247,牟国故城遗址,牟国故城遗址,https://baike.baidu.com/view/10623052.htm,exact,,,,
7-0248-1-248,鄫国故城遗址,鄫国故城遗址,https://baike.baidu.com/item/%E9%84%AB%E5%9B%BD%E6%95%85%E5%9F%8E%E9%81%97%E5%9D%80,exact,,,,
7-0249-1-249,杞国故城遗址,杞国故城遗址,https://baike.baidu.com/view/10623089.htm,exact,杞国故城遗址,https://zh.wikipedia.org/wiki/%E6%9D%9E%E5%9B%BD%E6%95%85%E5%9F%8E%E9%81%97%E5%9D%80,exact,
7-0250-1-250,南武城故城遗址,南武城故城遗址,https://baike.baidu.com/view/731906.htm,exact,南武城故城遗址,https://zh.wikipedia.org/wiki/%E5%8D%97%E6%AD%A6%E5%9F%8E%E6%95%85%E5%9F%8E%E9%81%97%E5%9D%80,exact,
7-0251-1-251,费县故城遗址,费县故城遗址,https://baike.baidu.com/view/10623103.htm,exact,,,,
7-0252-1-252,西沙埠遗址,西沙埠遗址,https://baike.baidu.com/view/10623134.htm,exact,,,,
7-0253-1-253,琅琊台遗址,琅琊台遗址,https://baike.baidu.com/view/6190944.htm,exact,,,,
7-0254-1-254,昌邑故城址,昌邑故城址,https://baike.baidu.com/view/1406568.htm,exact,昌邑故城址,https://zh.wikipedia.org/wiki/%E6%98%8C%E9%82%91%E6%95%85%E5%9F%8E%E5%9D%80,exact,
7-0255-1-255,祓国都城遗址,祓国都城遗址,https://baike.baidu.com/view/10624907.htm,exact,,,,
7-0256-1-256,青州龙兴寺遗址,青州龙兴寺遗址,https://baike.baidu.com/view/10624920.htm,exact,,,,
7-0257-1-257,磁村瓷窑址,磁村瓷窑址,https://baike.baidu.com/item/%E7%A3%81%E6%9D%91%E7%93%B7%E7%AA%91%E5%9D%80,exact,磁村瓷窑址,https://zh.wikipedia.org/wiki/%E7%A3%81%E6%9D%91%E7%93%B7%E7%AA%91%E5%9D%80,exact,
7-0258-1-258,板桥镇遗址,板桥镇遗址,https://baike.baidu.com/view/10624950.htm,exact,板桥镇遗址,https://zh.wikipedia.org/wiki/%E6%9D%BF%E6%A1%A5%E9%95%87%E9%81%97%E5%9D%80,exact,
7-0259-1-259,萧城遗址,萧城遗址,https://baike.baidu.com/view/3298934.htm,exact,萧城遗址,https://zh.wikipedia.org/wiki/%E8%90%A7%E5%9F%8E%E9%81%97%E5%9D%80,exact,
7-0260-1-260,土桥闸遗址,土桥闸遗址,https://baike.baidu.com/view/10625028.htm,exact,,,,
7-0261-1-261,七里坪遗址,七里坪遗址,https://baike.baidu.com/view/10625048.htm,exact,,,,
7-0262-1-262,北窑遗址,北窑遗址,https://baike.baidu.com/view/10625070.htm,exact,,,,
7-0263-1-263,灵井“许昌人”遗址,“许昌人”遗址,https://baike.baidu.com/view/13213590.htm,related-location,灵井“许昌人”遗址,https://zh.wikipedia.org/wiki/%E7%81%B5%E4%BA%95%E2%80%9C%E8%AE%B8%E6%98%8C%E4%BA%BA%E2%80%9D%E9%81%97%E5%9D%80,exact,
7-0264-1-264,杏花山与小空山遗址,南召猿人遗址,https://baike.baidu.com/item/%E5%8D%97%E5%8F%AC%E7%8C%BF%E4%BA%BA%E9%81%97%E5%9D%80/270264,manual,,,,南召猿人遗址 | https://baike.baidu.com/view/11020.htm | different-title；圆明园 | https://zh.wikipedia.org/wiki/%E5%9C%86%E6%98%8E%E5%9B%AD | different-title
7-0265-1-265,李家沟遗址,李家沟遗址,https://baike.baidu.com/view/10625178.htm,exact,李家沟遗址,https://zh.wikipedia.org/wiki/%E6%9D%8E%E5%AE%B6%E6%B2%9F%E9%81%97%E5%9D%80,exact,
7-0266-1-266,尚岗杨遗址,尚岗杨遗址,https://baike.baidu.com/view/10625192.htm,exact,,,,
7-0267-1-267,后庄王遗址,后庄王遗址,https://baike.baidu.com/view/835419.htm,exact,,,,
7-0268-1-268,青台遗址,青台遗址,https://baike.baidu.com/view/835415.htm,exact,青台遗址,https://zh.wikipedia.org/wiki/%E9%9D%92%E5%8F%B0%E9%81%97%E5%9D%80,exact,
7-0269-1-269,秦王寨遗址,秦王寨遗址,https://baike.baidu.com/view/1226159.htm,exact,,,,
7-0270-1-270,人和寨遗址,人和寨遗址,https://baike.baidu.com/view/8433369.htm,exact,,,,
7-0271-1-271,土门遗址,土门遗址,https://baike.baidu.com/view/10629163.htm,exact,土门遗址,https://zh.wikipedia.org/wiki/%E5%9C%9F%E9%97%A8%E9%81%97%E5%9D%80,exact,
7-0272-1-272,桥北村遗址,桥北村遗址,https://baike.baidu.com/view/10629176.htm,exact,桥北村遗址,https://zh.wikipedia.org/wiki/%E6%A1%A5%E5%8C%97%E6%9D%91%E9%81%97%E5%9D%80,exact,
7-0273-1-273,西王村遗址,西王村遗址,https://baike.baidu.com/subview/10562861/10752783.htm,exact,,,,
7-0274-1-274,白营遗址,白营遗址,https://baike.baidu.com/view/1263835.htm,exact,白营遗址,https://zh.wikipedia.org/wiki/%E7%99%BD%E8%90%A5%E9%81%97%E5%9D%80,exact,
7-0275-1-275,不召寨遗址,不召寨遗址,https://baike.baidu.com/view/10629225.htm,exact,,,,
7-0276-1-276,徐堡古城址,徐堡古城址,https://baike.baidu.com/item/%E5%BE%90%E5%A0%A1%E5%8F%A4%E5%9F%8E%E5%9D%80,exact,,,,
7-0277-1-277,许由寨遗址,许由寨遗址,https://baike.baidu.com/view/10629306.htm,exact,许由寨遗址,https://zh.wikipedia.org/wiki/%E8%AE%B8%E7%94%B1%E5%AF%A8%E9%81%97%E5%9D%80,exact,
7-0278-1-278,刘庄遗址,刘庄遗址,https://baike.baidu.com/item/%E5%88%98%E5%BA%84%E9%81%97%E5%9D%80/62825435,exact,,,,
7-0279-1-279,阿岗寺遗址,阿岗寺遗址,https://baike.baidu.com/view/985910.htm,exact,阿岗寺遗址,https://zh.wikipedia.org/wiki/%E9%98%BF%E5%B2%97%E5%AF%BA%E9%81%97%E5%9D%80,exact,
7-0280-1-280,黄山遗址,黄山遗址,https://baike.baidu.com/view/976525.htm,exact,,,,
7-0281-1-281,太子岗遗址,太子岗遗址,https://baike.baidu.com/view/976583.htm,exact,,,,
7-0282-1-282,造律台遗址,造律台遗址,https://baike.baidu.com/view/242203.htm,exact,造律台遗址,https://zh.wikipedia.org/wiki/%E9%80%A0%E5%BE%8B%E5%8F%B0%E9%81%97%E5%9D%80,exact,
7-0283-1-283,董桥遗址,董桥遗址,https://baike.baidu.com/view/10629385.htm,exact,,,,
7-0284-1-284,台子寺遗址,台子寺遗址,https://baike.baidu.com/view/10629413.htm,exact,,,,
7-0285-1-285,天堂寺遗址,天堂寺遗址,https://baike.baidu.com/view/10629422.htm,exact,,,,
7-0286-1-286,段寨遗址,段寨遗址,https://baike.baidu.com/view/9016143.htm,exact,,,,
7-0287-1-287,西金城遗址,西金城遗址,https://baike.baidu.com/view/9753137.htm,exact,,,,
7-0288-1-288,李楼遗址,李楼遗址,https://baike.baidu.com/view/10629446.htm,exact,,,,
7-0289-1-289,花地嘴遗址,花地嘴遗址,https://baike.baidu.com/view/9951204.htm,exact,,,,
7-0290-1-290,煤山遗址,煤山遗址,https://baike.baidu.com/view/2773384.htm,exact,,,,
7-0291-1-291,曲梁遗址,曲梁遗址,https://baike.baidu.com/view/9049523.htm,exact,,,,
7-0292-1-292,商村遗址,商村遗址,https://baike.baidu.com/view/10629479.htm,exact,,,,
7-0293-1-293,娘娘寨遗址,娘娘寨遗址,https://baike.baidu.com/view/3237765.htm,exact,,,,
7-0294-1-294,段岗遗址,段岗遗址,https://baike.baidu.com/view/10630966.htm,exact,,,,
7-0295-1-295,小李庄遗址,小李庄遗址,https://baike.baidu.com/view/10630987.htm,exact,,,,
7-0296-1-296,稍柴遗址,稍柴遗址,https://baike.baidu.com/view/835409.htm,exact,,,,
7-0297-1-297,大赉店遗址,大赉店遗址,https://baike.baidu.com/view/10631063.htm,exact,,,,
7-0298-1-298,西水坡遗址,西水坡遗址,https://baike.baidu.com/view/310090.htm,exact,西水坡遗址,https://zh.wikipedia.org/wiki/%E8%A5%BF%E6%B0%B4%E5%9D%A1%E9%81%97%E5%9D%80,exact,
7-0299-1-299,文集遗址,文集遗址,https://baike.baidu.com/view/2329323.htm,exact,,,,
7-0300-1-300,八里桥遗址,八里桥遗址,https://baike.baidu.com/item/%E5%85%AB%E9%87%8C%E6%A1%A5%E9%81%97%E5%9D%80/23815509,manual,,,,永通桥及石道碑 | https://baike.baidu.com/subview/1064416/1064416.htm | different-title；南阳文物保护单位列表 | https://zh.wikipedia.org/wiki/%E5%8D%97%E9%98%B3%E6%96%87%E7%89%A9%E4%BF%9D%E6%8A%A4%E5%8D%95%E4%BD%8D%E5%88%97%E8%A1%A8 | different-title
7-0301-1-301,南洼遗址,南洼遗址,https://baike.baidu.com/view/10631089.htm,exact,,,,
7-0302-1-302,望京楼遗址,望京楼遗址,https://baike.baidu.com/view/5072399.htm,exact,,,,
7-0303-1-303,南顿故城,南顿故城,https://baike.baidu.com/view/268546.htm,exact,,,,
7-0304-1-304,柘城孟庄遗址,柘城孟庄遗址,https://baike.baidu.com/item/%E6%9F%98%E5%9F%8E%E5%AD%9F%E5%BA%84%E9%81%97%E5%9D%80,exact,柘城孟庄遗址,https://zh.wikipedia.org/wiki/%E6%9F%98%E5%9F%8E%E5%AD%9F%E5%BA%84%E9%81%97%E5%9D%80,exact,
7-0305-1-305,琉璃阁遗址,琉璃阁遗址,https://baike.baidu.com/view/10631136.htm,exact,,,,
7-0306-1-306,邘国故城,邘国故城,https://baike.baidu.com/view/10631169.htm,exact,,,,
7-0307-1-307,蒋国故城,蒋国故城,https://baike.baidu.com/view/10631179.htm,exact,,,,
7-0308-1-308,祭伯城遗址,祭伯城遗址,https://baike.baidu.com/view/10631188.htm,exact,,,,
7-0309-1-309,濮阳卫国故城,卫国故城,https://baike.baidu.com/item/%E5%8D%AB%E5%9B%BD%E6%95%85%E5%9F%8E/64454320,related-location,濮阳卫国故城,https://zh.wikipedia.org/wiki/%E6%BF%AE%E9%98%B3%E5%8D%AB%E5%9B%BD%E6%95%85%E5%9F%8E,exact,
7-0310-1-310,洛阳东周王城,洛阳东周王城,https://baike.baidu.com/view/10631229.htm,exact,东周王城,https://zh.wikipedia.org/wiki/%E4%B8%9C%E5%91%A8%E7%8E%8B%E5%9F%8E,redirect,
7-0311-1-311,华阳故城,华阳故城,https://baike.baidu.com/view/120221.htm,exact,华阳故城,https://zh.wikipedia.org/wiki/%E5%8D%8E%E9%98%B3%E6%95%85%E5%9F%8E,exact,
7-0312-1-312,鄢国故城,鄢国故城,https://baike.baidu.com/view/10631259.htm,exact,,,,
7-0313-1-313,十二连城,十二连城,https://baike.baidu.com/subview/220511/19260947.htm,exact,十二连城,https://zh.wikipedia.org/wiki/%E5%8D%81%E4%BA%8C%E8%BF%9E%E5%9F%8E,exact,
7-0314-1-314,京城古城址,京城古城址,https://baike.baidu.com/view/9672050.htm,exact,京城古城址,https://zh.wikipedia.org/wiki/%E4%BA%AC%E5%9F%8E%E5%8F%A4%E5%9F%8E%E5%9D%80,exact,
7-0315-1-315,苑陵故城,苑陵故城,https://baike.baidu.com/view/5223479.htm,exact,苑陵故城,https://zh.wikipedia.org/wiki/%E8%8B%91%E9%99%B5%E6%95%85%E5%9F%8E,exact,
7-0316-1-316,父城遗址,父城遗址,https://baike.baidu.com/view/3114192.htm,exact,,,,
7-0317-1-317,葛陵故城,葛陵故城,https://baike.baidu.com/view/10631374.htm,exact,,,,
7-0318-1-318,启封故城,启封故城,https://baike.baidu.com/view/10631392.htm,exact,启封故城,https://zh.wikipedia.org/wiki/%E5%90%AF%E5%B0%81%E6%95%85%E5%9F%8E,exact,
7-0319-1-319,沈国故城,沈国故城,https://baike.baidu.com/view/10631402.htm,exact,,,,
7-0320-1-320,刘国故城,刘国故城,https://baike.baidu.com/view/10631426.htm,exact,,,,
7-0321-1-321,舞钢冶铁遗址群,舞钢冶铁遗址群,https://baike.baidu.com/item/%E8%88%9E%E9%92%A2%E5%86%B6%E9%93%81%E9%81%97%E5%9D%80%E7%BE%A4,exact,,,,
7-0322-1-322,宜阳韩都故城,宜阳韩都故城,https://baike.baidu.com/view/10631472.htm,exact,,,,
7-0323-1-323,汉霸二王城,汉霸二王城,https://baike.baidu.com/view/177332.htm,exact,汉霸二王城,https://zh.wikipedia.org/wiki/%E6%B1%89%E9%9C%B8%E4%BA%8C%E7%8E%8B%E5%9F%8E,exact,
7-0324-1-324,新安函谷关,新安函谷关,https://baike.baidu.com/view/10631957.htm,exact,,,,
7-0325-1-325,铁生沟冶铁遗址,铁生沟冶铁遗址,https://baike.baidu.com/view/718275.htm,exact,,,,
7-0326-1-326,芒砀山汉代礼制建筑基址,芒砀山汉代礼制建筑基址,https://baike.baidu.com/view/807755.htm,exact,芒砀山汉代礼制建筑基址,https://zh.wikipedia.org/wiki/%E8%8A%92%E7%A0%80%E5%B1%B1%E6%B1%89%E4%BB%A3%E7%A4%BC%E5%88%B6%E5%BB%BA%E7%AD%91%E5%9F%BA%E5%9D%80,exact,
7-0327-1-327,柘城故城,柘城故城,https://baike.baidu.com/view/10632014.htm,exact,柘城故城,https://zh.wikipedia.org/wiki/%E6%9F%98%E5%9F%8E%E6%95%85%E5%9F%8E,exact,
7-0328-1-328,汉魏许都故城,汉魏许都故城,https://baike.baidu.com/view/10632018.htm,exact,汉魏许都故城,https://zh.wikipedia.org/wiki/%E6%B1%89%E9%AD%8F%E8%AE%B8%E9%83%BD%E6%95%85%E5%9F%8E,exact,
7-0329-1-329,沙门城址,沙门城址,https://baike.baidu.com/item/%E6%B2%99%E9%97%A8%E5%9F%8E%E5%9D%80,exact,,,,
7-0330-1-330,大运河商丘南关码头遗址,大运河商丘南关码头遗址,https://baike.baidu.com/view/10632038.htm,exact,大运河商丘南关码头遗址,https://zh.wikipedia.org/wiki/%E5%A4%A7%E8%BF%90%E6%B2%B3%E5%95%86%E4%B8%98%E5%8D%97%E5%85%B3%E7%A0%81%E5%A4%B4%E9%81%97%E5%9D%80,exact,
7-0331-1-331,邓窑遗址,邓窑遗址,https://baike.baidu.com/view/4809886.htm,exact,邓窑遗址,https://zh.wikipedia.org/wiki/%E9%82%93%E7%AA%91%E9%81%97%E5%9D%80,exact,
7-0332-1-332,密县瓷窑遗址,密县瓷窑遗址,https://baike.baidu.com/view/10632071.htm,exact,密县瓷窑遗址,https://zh.wikipedia.org/wiki/%E5%AF%86%E5%8E%BF%E7%93%B7%E7%AA%91%E9%81%97%E5%9D%80,exact,
7-0333-1-333,宋陵采石场,宋陵采石场,https://baike.baidu.com/view/10632084.htm,exact,,,,
7-0334-1-334,严和店窑址,严和店窑址,https://baike.baidu.com/view/10632089.htm,exact,,,,
7-0335-1-335,长阳人遗址,长阳人遗址,https://baike.baidu.com/view/838707.htm,exact,,,,
7-0336-1-336,梅铺猿人遗址,梅铺猿人遗址,https://baike.baidu.com/view/6926793.htm,exact,,,,
7-0337-1-337,黄龙洞遗址,黄龙洞遗址,https://baike.baidu.com/view/10638455.htm,exact,,,,
7-0338-1-338,桂花树遗址,桂花树遗址,https://baike.baidu.com/view/4301345.htm,exact,桂花树遗址,https://zh.wikipedia.org/wiki/%E6%A1%82%E8%8A%B1%E6%A0%91%E9%81%97%E5%9D%80,exact,
7-0339-1-339,叶家庙遗址,叶家庙遗址,https://baike.baidu.com/view/10638480.htm,exact,,,,
7-0340-1-340,城河遗址,城河遗址,https://baike.baidu.com/subview/1856039/1856039.htm,exact,,,,
7-0341-1-341,龙王山遗址,龙王山遗址,https://baike.baidu.com/subview/10622996/10820443.htm,exact,,,,
7-0342-1-342,大路铺遗址,大路铺遗址,https://baike.baidu.com/view/10615455.htm,exact,,,,
7-0343-1-343,七里河遗址,七里河遗址,https://baike.baidu.com/view/10619289.htm,exact,,,,
7-0344-1-344,毛家咀遗址,毛家咀遗址,https://baike.baidu.com/view/10623904.htm,exact,,,,
7-0345-1-345,安居遗址,安居遗址,https://baike.baidu.com/view/10638574.htm,exact,,,,
7-0346-1-346,草店坊城遗址,草店坊城遗址,https://baike.baidu.com/view/10620859.htm,exact,,,,
7-0347-1-347,郭家岗遗址,郭家岗遗址,https://baike.baidu.com/view/10620582.htm,exact,,,,
7-0348-1-348,孙郭胡城址,孙郭胡城址,https://baike.baidu.com/view/10638597.htm,exact,,,,
7-0349-1-349,南襄城遗址,南襄城遗址,https://baike.baidu.com/view/10620399.htm,exact,,,,
7-0350-1-350,新店土城遗址,新店土城遗址,https://baike.baidu.com/view/10638613.htm,exact,,,,
7-0351-1-351,郢城遗址,郢城遗址,https://baike.baidu.com/view/10638626.htm,exact,,,,
7-0352-1-352,吴王城遗址,吴王城遗址,https://baike.baidu.com/subview/635616/635616.htm,exact,,,,
7-0353-1-353,南漳山寨群,南漳山寨群,https://baike.baidu.com/view/10651936.htm,exact,南漳山寨群,https://zh.wikipedia.org/wiki/%E5%8D%97%E6%BC%B3%E5%B1%B1%E5%AF%A8%E7%BE%A4,exact,
7-0354-1-354,李来亨抗清遗址,李来亨抗清遗址,https://baike.baidu.com/view/10620434.htm,exact,李来亨抗清遗址,https://zh.wikipedia.org/wiki/%E6%9D%8E%E6%9D%A5%E4%BA%A8%E6%8A%97%E6%B8%85%E9%81%97%E5%9D%80,exact,
7-0355-1-355,虎爪山遗址,虎爪山遗址,https://baike.baidu.com/view/10651968.htm,exact,,,,
7-0356-1-356,鸡公垱遗址,鸡公垱遗址,https://baike.baidu.com/view/8286892.htm,exact,,,,
7-0357-1-357,十里岗遗址,十里岗遗址,https://baike.baidu.com/view/10652001.htm,exact,,,,
7-0358-1-358,汤家岗遗址,汤家岗遗址,https://baike.baidu.com/view/4092934.htm,exact,汤家岗遗址,https://zh.wikipedia.org/wiki/%E6%B1%A4%E5%AE%B6%E5%B2%97%E9%81%97%E5%9D%80,exact,
7-0359-1-359,三元宫遗址,三元宫遗址,https://baike.baidu.com/view/1626902.htm,exact,三元宫遗址,https://zh.wikipedia.org/wiki/%E4%B8%89%E5%85%83%E5%AE%AB%E9%81%97%E5%9D%80,exact,
7-0360-1-360,孙家岗遗址,孙家岗遗址,https://baike.baidu.com/view/10652066.htm,exact,孙家岗遗址,https://zh.wikipedia.org/wiki/%E5%AD%99%E5%AE%B6%E5%B2%97%E9%81%97%E5%9D%80,exact,
7-0361-1-361,鸡叫城遗址,鸡叫城遗址,https://baike.baidu.com/view/10652076.htm,exact,鸡叫城遗址,https://zh.wikipedia.org/wiki/%E9%B8%A1%E5%8F%AB%E5%9F%8E%E9%81%97%E5%9D%80,exact,
7-0362-1-362,丁家岗遗址,丁家岗遗址,https://baike.baidu.com/view/8276998.htm,exact,丁家岗遗址,https://zh.wikipedia.org/wiki/%E4%B8%81%E5%AE%B6%E5%B2%97%E9%81%97%E5%9D%80,exact,
7-0363-1-363,划城岗遗址,划城岗遗址,https://baike.baidu.com/view/4092924.htm,exact,划城岗遗址,https://zh.wikipedia.org/wiki/%E5%88%92%E5%9F%8E%E5%B2%97%E9%81%97%E5%9D%80,exact,
7-0364-1-364,涂家台遗址,涂家台遗址,https://baike.baidu.com/view/10652110.htm,exact,涂家台遗址,https://zh.wikipedia.org/wiki/%E6%B6%82%E5%AE%B6%E5%8F%B0%E9%81%97%E5%9D%80,exact,
7-0365-1-365,皂市遗址,皂市遗址,https://baike.baidu.com/view/4144690.htm,exact,皂市遗址,https://zh.wikipedia.org/wiki/%E7%9A%82%E5%B8%82%E9%81%97%E5%9D%80,exact,
7-0366-1-366,不二门遗址,不二门遗址,https://baike.baidu.com/view/10652127.htm,exact,,,,
7-0367-1-367,铜鼓山遗址,铜鼓山遗址,https://baike.baidu.com/view/9183690.htm,exact,铜鼓山遗址,https://zh.wikipedia.org/wiki/%E9%93%9C%E9%BC%93%E5%B1%B1%E9%81%97%E5%9D%80,exact,
7-0368-1-368,申鸣城遗址,申鸣城遗址,https://baike.baidu.com/item/%E7%94%B3%E9%B8%A3%E5%9F%8E%E9%81%97%E5%9D%80,exact,,,,
7-0369-1-369,罗子国城遗址,罗子国城遗址,https://baike.baidu.com/item/%E7%BD%97%E5%AD%90%E5%9B%BD%E5%9F%8E%E9%81%97%E5%9D%80,exact,罗城遗址,https://zh.wikipedia.org/wiki/%E7%BD%97%E5%9F%8E%E9%81%97%E5%9D%80,redirect,
7-0370-1-370,四方城遗址,四方城遗址,https://baike.baidu.com/item/%E5%9B%9B%E6%96%B9%E5%9F%8E%E9%81%97%E5%9D%80,exact,,,,
7-0371-1-371,采菱城遗址,采菱城遗址,https://baike.baidu.com/view/4144447.htm,exact,,,,
7-0372-1-372,舂陵侯城遗址,舂陵侯城遗址,https://baike.baidu.com/item/%E8%88%82%E9%99%B5%E4%BE%AF%E5%9F%8E%E9%81%97%E5%9D%80,exact,,,,
7-0373-1-373,泠道故城遗址,泠道故城遗址,https://baike.baidu.com/item/%E6%B3%A0%E9%81%93%E6%95%85%E5%9F%8E%E9%81%97%E5%9D%80,exact,,,,
7-0374-1-374,魏家寨古城遗址,魏家寨古城遗址,https://baike.baidu.com/item/%E9%AD%8F%E5%AE%B6%E5%AF%A8%E5%8F%A4%E5%9F%8E%E9%81%97%E5%9D%80,exact,,,,
7-0375-1-375,里耶大板遗址与墓群,里耶大板遗址与墓群,https://baike.baidu.com/item/%E9%87%8C%E8%80%B6%E5%A4%A7%E6%9D%BF%E9%81%97%E5%9D%80%E4%B8%8E%E5%A2%93%E7%BE%A4,exact,,,,
7-0376-1-376,索县汉代城址,索县汉代城址,https://baike.baidu.com/item/%E7%B4%A2%E5%8E%BF%E6%B1%89%E4%BB%A3%E5%9F%8E%E5%9D%80,exact,,,,
7-0377-1-377,衡州窑,衡州窑,https://baike.baidu.com/view/4530695.htm,exact,衡州窑,https://zh.wikipedia.org/wiki/%E8%A1%A1%E5%B7%9E%E7%AA%91,exact,
7-0378-1-378,云集窑,云集窑,https://baike.baidu.com/item/%E4%BA%91%E9%9B%86%E7%AA%91,exact,云集窑址,https://zh.wikipedia.org/wiki/%E4%BA%91%E9%9B%86%E7%AA%91%E5%9D%80,redirect,
7-0379-1-379,允山玉井古窑址,允山玉井古窑址,https://baike.baidu.com/view/3884847.htm,exact,,,,
7-0380-1-380,羊峰古城遗址,羊峰古城遗址,https://baike.baidu.com/item/%E7%BE%8A%E5%B3%B0%E5%8F%A4%E5%9F%8E%E9%81%97%E5%9D%80,exact,,,,
7-0381-1-381,鬼崽岭遗址,鬼崽岭遗址,https://baike.baidu.com/view/4136692.htm,exact,,,,
7-0382-1-382,水口山铅锌矿冶遗址,水口山铅锌矿冶遗址,https://baike.baidu.com/item/%E6%B0%B4%E5%8F%A3%E5%B1%B1%E9%93%85%E9%94%8C%E7%9F%BF%E5%86%B6%E9%81%97%E5%9D%80,exact,水口山铅锌矿冶遗址,https://zh.wikipedia.org/wiki/%E6%B0%B4%E5%8F%A3%E5%B1%B1%E9%93%85%E9%94%8C%E7%9F%BF%E5%86%B6%E9%81%97%E5%9D%80,exact,
7-0383-1-383,羊舞岭古窑址,羊舞岭古窑址,https://baike.baidu.com/item/%E7%BE%8A%E8%88%9E%E5%B2%AD%E5%8F%A4%E7%AA%91%E5%9D%80,exact,,,,
7-0384-1-384,醴陵窑,醴陵窑,https://baike.baidu.com/view/1326521.htm,exact,,,,
7-0385-1-385,茶陵古城墙,茶陵古城墙,https://baike.baidu.com/item/%E8%8C%B6%E9%99%B5%E5%8F%A4%E5%9F%8E%E5%A2%99,exact,茶陵城墙,https://zh.wikipedia.org/wiki/%E8%8C%B6%E9%99%B5%E5%9F%8E%E5%A2%99,redirect,
7-0386-1-386,大矶头遗址,大矶头遗址,https://baike.baidu.com/item/%E5%A4%A7%E7%9F%B6%E5%A4%B4%E9%81%97%E5%9D%80,exact,大矶头遗址,https://zh.wikipedia.org/wiki/%E5%A4%A7%E7%9F%B6%E5%A4%B4%E9%81%97%E5%9D%80,exact,
7-0387-1-387,独石仔洞穴遗址,独石仔洞穴遗址,https://baike.baidu.com/view/1240089.htm,exact,独石仔洞穴遗址,https://zh.wikipedia.org/wiki/%E7%8B%AC%E7%9F%B3%E4%BB%94%E6%B4%9E%E7%A9%B4%E9%81%97%E5%9D%80,exact,
7-0388-1-388,古椰贝丘遗址,古椰贝丘遗址,https://baike.baidu.com/view/11812119.htm,exact,古椰贝丘遗址,https://zh.wikipedia.org/wiki/%E5%8F%A4%E6%A4%B0%E8%B4%9D%E4%B8%98%E9%81%97%E5%9D%80,exact,
7-0389-1-389,蚝岗贝丘遗址,蚝岗贝丘遗址,https://baike.baidu.com/item/%E8%9A%9D%E5%B2%97%E8%B4%9D%E4%B8%98%E9%81%97%E5%9D%80,exact,蚝岗贝丘遗址,https://zh.wikipedia.org/wiki/%E8%9A%9D%E5%B2%97%E8%B4%9D%E4%B8%98%E9%81%97%E5%9D%80,exact,
7-0390-1-390,柳城巨猿洞,柳城巨猿洞,https://baike.baidu.com/view/3462772.htm,exact,柳城巨猿洞,https://zh.wikipedia.org/wiki/%E6%9F%B3%E5%9F%8E%E5%B7%A8%E7%8C%BF%E6%B4%9E,exact,
7-0391-1-391,布兵盆地洞穴遗址群,布兵盆地洞穴遗址群,https://baike.baidu.com/item/%E5%B8%83%E5%85%B5%E7%9B%86%E5%9C%B0%E6%B4%9E%E7%A9%B4%E9%81%97%E5%9D%80%E7%BE%A4,exact,,,,
7-0392-1-392,那赖遗址,那赖遗址,https://baike.baidu.com/item/%E9%82%A3%E8%B5%96%E9%81%97%E5%9D%80,exact,那赖遗址,https://zh.wikipedia.org/wiki/%E9%82%A3%E8%B5%96%E9%81%97%E5%9D%80,exact,
7-0393-1-393,晓锦遗址,晓锦遗址,https://baike.baidu.com/view/4145389.htm,exact,晓锦遗址,https://zh.wikipedia.org/wiki/%E6%99%93%E9%94%A6%E9%81%97%E5%9D%80,exact,
7-0394-1-394,大浪古城遗址,大浪古城遗址,https://baike.baidu.com/view/4145415.htm,exact,大浪古城遗址,https://zh.wikipedia.org/wiki/%E5%A4%A7%E6%B5%AA%E5%8F%A4%E5%9F%8E%E9%81%97%E5%9D%80,exact,
7-0395-1-395,草鞋村遗址,草鞋村遗址,https://baike.baidu.com/item/%E8%8D%89%E9%9E%8B%E6%9D%91%E9%81%97%E5%9D%80,exact,,,,
7-0396-1-396,越州故城,越州故城,https://baike.baidu.com/item/%E8%B6%8A%E5%B7%9E%E6%95%85%E5%9F%8E,exact,越州故城遗址,https://zh.wikipedia.org/wiki/%E8%B6%8A%E5%B7%9E%E6%95%85%E5%9F%8E%E9%81%97%E5%9D%80,redirect,
7-0397-1-397,中和窑址,中和窑址,https://baike.baidu.com/view/8322208.htm,exact,中和窑址,https://zh.wikipedia.org/wiki/%E4%B8%AD%E5%92%8C%E7%AA%91%E5%9D%80,exact,
7-0398-1-398,信冲洞遗址,信冲洞遗址,https://baike.baidu.com/item/%E4%BF%A1%E5%86%B2%E6%B4%9E%E9%81%97%E5%9D%80,exact,,,,
7-0399-1-399,珠崖岭城址,珠崖岭城址,https://baike.baidu.com/item/%E7%8F%A0%E5%B4%96%E5%B2%AD%E5%9F%8E%E5%9D%80,exact,,,,
7-0400-1-400,华光礁沉船遗址,华光礁沉船遗址,https://baike.baidu.com/item/%E5%8D%8E%E5%85%89%E7%A4%81%E6%B2%89%E8%88%B9%E9%81%97%E5%9D%80,exact,,,,
7-0401-1-401,天生城遗址,天生城遗址,https://baike.baidu.com/item/%E5%A4%A9%E7%94%9F%E5%9F%8E%E9%81%97%E5%9D%80,exact,,,,
7-0402-1-402,老鼓楼衙署遗址,老鼓楼衙署遗址,https://baike.baidu.com/item/%E8%80%81%E9%BC%93%E6%A5%BC%E8%A1%99%E7%BD%B2%E9%81%97%E5%9D%80,exact,,,,
7-0403-1-403,重庆冶锌遗址群,重庆冶锌遗址群,https://baike.baidu.com/item/%E9%87%8D%E5%BA%86%E5%86%B6%E9%94%8C%E9%81%97%E5%9D%80%E7%BE%A4,exact,,,,
7-0404-1-404,哈休遗址,哈休遗址,https://baike.baidu.com/view/5058943.htm,exact,,,,
7-0405-1-405,罕额依新石器时代文化遗址和汉代石棺葬墓群,罕额依新石器时代文化遗址和汉代石棺葬墓群,https://baike.baidu.com/item/%E7%BD%95%E9%A2%9D%E4%BE%9D%E6%96%B0%E7%9F%B3%E5%99%A8%E6%97%B6%E4%BB%A3%E6%96%87%E5%8C%96%E9%81%97%E5%9D%80%E5%92%8C%E6%B1%89%E4%BB%A3%E7%9F%B3%E6%A3%BA%E8%91%AC%E5%A2%93%E7%BE%A4,exact,罕额依新石器时代文化遗址和汉代石棺葬墓群,https://zh.wikipedia.org/wiki/%E7%BD%95%E9%A2%9D%E4%BE%9D%E6%96%B0%E7%9F%B3%E5%99%A8%E6%97%B6%E4%BB%A3%E6%96%87%E5%8C%96%E9%81%97%E5%9D%80%E5%92%8C%E6%B1%89%E4%BB%A3%E7%9F%B3%E6%A3%BA%E8%91%AC%E5%A2%93%E7%BE%A4,exact,
7-0406-1-406,雒城遗址,雒城遗址,https://baike.baidu.com/view/4161248.htm,exact,,,,
7-0407-1-407,江南馆街街坊遗址,江南馆街街坊遗址,https://baike.baidu.com/view/12523082.htm,exact,江南馆街街坊遗址,https://zh.wikipedia.org/wiki/%E6%B1%9F%E5%8D%97%E9%A6%86%E8%A1%97%E8%A1%97%E5%9D%8A%E9%81%97%E5%9D%80,exact,
7-0408-1-408,玉堂窑址,玉堂窑址,https://baike.baidu.com/view/12643010.htm,exact,玉堂窑址,https://zh.wikipedia.org/wiki/%E7%8E%89%E5%A0%82%E7%AA%91%E5%9D%80,exact,
7-0409-1-409,神臂城遗址,神臂城遗址,https://baike.baidu.com/view/2019190.htm,exact,神臂城,https://zh.wikipedia.org/wiki/%E7%A5%9E%E8%87%82%E5%9F%8E,redirect,
7-0410-1-410,永平堡古城,永平堡古城,https://baike.baidu.com/view/2013707.htm,exact,永平堡古城,https://zh.wikipedia.org/wiki/%E6%B0%B8%E5%B9%B3%E5%A0%A1%E5%8F%A4%E5%9F%8E,exact,
7-0411-1-411,五粮液老窖池遗址,五粮液老窖池遗址,https://baike.baidu.com/item/%E4%BA%94%E7%B2%AE%E6%B6%B2%E8%80%81%E7%AA%96%E6%B1%A0%E9%81%97%E5%9D%80,exact,,,,
7-0412-1-412,龙广观音洞遗址,龙广观音洞遗址,https://baike.baidu.com/item/%E9%BE%99%E5%B9%BF%E8%A7%82%E9%9F%B3%E6%B4%9E%E9%81%97%E5%9D%80,exact,,,,
7-0413-1-413,普安铜鼓山遗址,普安铜鼓山遗址,https://baike.baidu.com/item/%E6%99%AE%E5%AE%89%E9%93%9C%E9%BC%93%E5%B1%B1%E9%81%97%E5%9D%80,exact,,,,
7-0414-1-414,元谋古猿化石地点,元谋古猿化石地点,https://baike.baidu.com/item/%E5%85%83%E8%B0%8B%E5%8F%A4%E7%8C%BF%E5%8C%96%E7%9F%B3%E5%9C%B0%E7%82%B9,exact,,,,
7-0415-1-415,大河遗址,大河遗址,https://baike.baidu.com/view/1402145.htm,exact,,,,
7-0416-1-416,玉水坪遗址,玉水坪遗址,https://baike.baidu.com/item/%E7%8E%89%E6%B0%B4%E5%9D%AA%E9%81%97%E5%9D%80,exact,玉水坪遗址,https://zh.wikipedia.org/wiki/%E7%8E%89%E6%B0%B4%E5%9D%AA%E9%81%97%E5%9D%80,exact,
7-0417-1-417,大墩子遗址,大墩子遗址,https://baike.baidu.com/view/2624981.htm,exact,大墩子遗址,https://zh.wikipedia.org/wiki/%E5%A4%A7%E5%A2%A9%E5%AD%90%E9%81%97%E5%9D%80,exact,
7-0418-1-418,海门口遗址,海门口遗址,https://baike.baidu.com/view/10602615.htm,exact,海门口遗址,https://zh.wikipedia.org/wiki/%E6%B5%B7%E9%97%A8%E5%8F%A3%E9%81%97%E5%9D%80,exact,
7-0419-1-419,银梭岛遗址,银梭岛遗址,https://baike.baidu.com/item/%E9%93%B6%E6%A2%AD%E5%B2%9B%E9%81%97%E5%9D%80,exact,银梭岛遗址,https://zh.wikipedia.org/wiki/%E9%93%B6%E6%A2%AD%E5%B2%9B%E9%81%97%E5%9D%80,exact,
7-0420-1-420,玉溪窑址,玉溪窑址,https://baike.baidu.com/item/%E7%8E%89%E6%BA%AA%E7%AA%91%E5%9D%80,exact,,,,
7-0421-1-421,小恩达遗址,小恩达遗址,https://baike.baidu.com/view/5357818.htm,exact,小恩达遗址,https://zh.wikipedia.org/wiki/%E5%B0%8F%E6%81%A9%E8%BE%BE%E9%81%97%E5%9D%80,exact,
7-0422-1-422,皮央和东嘎遗址,皮央和东嘎遗址,https://baike.baidu.com/item/%E7%9A%AE%E5%A4%AE%E5%92%8C%E4%B8%9C%E5%98%8E%E9%81%97%E5%9D%80,exact,皮央和东嘎遗址,https://zh.wikipedia.org/wiki/%E7%9A%AE%E5%A4%AE%E5%92%8C%E4%B8%9C%E5%98%8E%E9%81%97%E5%9D%80,exact,
7-0423-1-423,洛南盆地旧石器地点群,洛南盆地旧石器地点群,https://baike.baidu.com/item/%E6%B4%9B%E5%8D%97%E7%9B%86%E5%9C%B0%E6%97%A7%E7%9F%B3%E5%99%A8%E5%9C%B0%E7%82%B9%E7%BE%A4,exact,洛南盆地旧石器地点群,https://zh.wikipedia.org/wiki/%E6%B4%9B%E5%8D%97%E7%9B%86%E5%9C%B0%E6%97%A7%E7%9F%B3%E5%99%A8%E5%9C%B0%E7%82%B9%E7%BE%A4,exact,
7-0424-1-424,龙王辿遗址,龙王辿遗址,https://baike.baidu.com/item/%E9%BE%99%E7%8E%8B%E8%BE%BF%E9%81%97%E5%9D%80,exact,,,,
7-0425-1-425,杨家坟山遗址,杨家坟山遗址,https://baike.baidu.com/view/4255107.htm,exact,,,,
7-0426-1-426,何家湾遗址,何家湾遗址,https://baike.baidu.com/view/3999765.htm,exact,,,,
7-0427-1-427,杨官寨遗址,杨官寨遗址,https://baike.baidu.com/view/2803274.htm,exact,杨官寨遗址,https://zh.wikipedia.org/wiki/%E6%9D%A8%E5%AE%98%E5%AF%A8%E9%81%97%E5%9D%80,exact,
7-0428-1-428,鱼化寨遗址,鱼化寨遗址,https://baike.baidu.com/item/%E9%B1%BC%E5%8C%96%E5%AF%A8%E9%81%97%E5%9D%80,exact,鱼化寨遗址,https://zh.wikipedia.org/wiki/%E9%B1%BC%E5%8C%96%E5%AF%A8%E9%81%97%E5%9D%80,exact,
7-0429-1-429,南沙遗址,南沙遗址,https://baike.baidu.com/item/%E5%8D%97%E6%B2%99%E9%81%97%E5%9D%80,exact,,,,
7-0430-1-430,碾子坡遗址,碾子坡遗址,https://baike.baidu.com/view/79668.htm,exact,,,,
7-0431-1-431,紫荆遗址,紫荆遗址,https://baike.baidu.com/view/12115981.htm,exact,,,,
7-0432-1-432,水沟遗址,水沟遗址,https://baike.baidu.com/item/%E6%B0%B4%E6%B2%9F%E9%81%97%E5%9D%80,exact,,,,
7-0433-1-433,宝山遗址,宝山遗址,https://baike.baidu.com/view/314173.htm,exact,宝山遗址,https://zh.wikipedia.org/wiki/%E5%AE%9D%E5%B1%B1%E9%81%97%E5%9D%80,exact,
7-0434-1-434,益家堡遗址,益家堡遗址,https://baike.baidu.com/item/%E7%9B%8A%E5%AE%B6%E5%A0%A1%E9%81%97%E5%9D%80,exact,,,,
7-0435-1-435,古邰国遗址,古邰国遗址,https://baike.baidu.com/view/11521990.htm,exact,古邰国遗址,https://zh.wikipedia.org/wiki/%E5%8F%A4%E9%82%B0%E5%9B%BD%E9%81%97%E5%9D%80,exact,
7-0436-1-436,桥镇遗址,桥镇遗址,https://baike.baidu.com/view/11522149.htm,exact,,,,
7-0437-1-437,西峪遗址,西峪遗址,https://baike.baidu.com/item/%E8%A5%BF%E5%B3%AA%E9%81%97%E5%9D%80,exact,西峪遗址,https://zh.wikipedia.org/wiki/%E8%A5%BF%E5%B3%AA%E9%81%97%E5%9D%80,exact,
7-0438-1-438,下河西遗址,下河西遗址,https://baike.baidu.com/item/%E4%B8%8B%E6%B2%B3%E8%A5%BF%E9%81%97%E5%9D%80,exact,,,,
7-0439-1-439,郑家坡遗址,郑家坡遗址,https://baike.baidu.com/view/79655.htm,exact,,,,
7-0440-1-440,赵家台遗址,赵家台遗址,https://baike.baidu.com/view/9248686.htm,exact,,,,
7-0441-1-441,茹家庄遗址,茹家庄遗址,https://baike.baidu.com/item/%E8%8C%B9%E5%AE%B6%E5%BA%84%E9%81%97%E5%9D%80,exact,,,,
7-0442-1-442,十二连城烽火台遗址,十二连城烽火台遗址,https://baike.baidu.com/item/%E5%8D%81%E4%BA%8C%E8%BF%9E%E5%9F%8E%E7%83%BD%E7%81%AB%E5%8F%B0%E9%81%97%E5%9D%80,exact,,,,
7-0443-1-443,澂邑漕仓遗址,澂邑漕仓遗址,https://baike.baidu.com/item/%E6%BE%82%E9%82%91%E6%BC%95%E4%BB%93%E9%81%97%E5%9D%80,manual,,,,京杭大运河 | https://zh.wikipedia.org/wiki/%E4%BA%AC%E6%9D%AD%E5%A4%A7%E8%BF%90%E6%B2%B3 | different-title
7-0444-1-444,刘家营遗址,刘家营遗址,https://baike.baidu.com/item/%E5%88%98%E5%AE%B6%E8%90%A5%E9%81%97%E5%9D%80,exact,,,,
7-0445-1-445,秦直道起点遗址,秦直道起点遗址,https://baike.baidu.com/item/%E7%A7%A6%E7%9B%B4%E9%81%93%E8%B5%B7%E7%82%B9%E9%81%97%E5%9D%80,exact,,,,
7-0446-1-446,秦直道遗址延安段,秦直道遗址延安段,https://baike.baidu.com/item/%E7%A7%A6%E7%9B%B4%E9%81%93%E9%81%97%E5%9D%80%E5%BB%B6%E5%AE%89%E6%AE%B5,exact,,,,
7-0447-1-447,祋祤宫遗址,祋祤宫遗址,https://baike.baidu.com/item/%E7%A5%8B%E7%A5%A4%E5%AE%AB%E9%81%97%E5%9D%80,exact,,,,
7-0448-1-448,成山宫遗址,成山宫遗址,https://baike.baidu.com/view/11521678.htm,exact,,,,
7-0449-1-449,沙河古桥遗址,沙河古桥遗址,https://baike.baidu.com/view/79716.htm,exact,,,,
7-0450-1-450,银州故城,银州故城,https://baike.baidu.com/item/%E9%93%B6%E5%B7%9E%E6%95%85%E5%9F%8E,exact,,,,
7-0451-1-451,建章宫遗址,建章宫遗址,https://baike.baidu.com/item/%E5%BB%BA%E7%AB%A0%E5%AE%AB%E9%81%97%E5%9D%80,exact,建章宫,https://zh.wikipedia.org/wiki/%E5%BB%BA%E7%AB%A0%E5%AE%AB,redirect,
7-0452-1-452,圜丘遗址,圜丘遗址,https://baike.baidu.com/item/%E5%9C%9C%E4%B8%98%E9%81%97%E5%9D%80,exact,圜丘遗址,https://zh.wikipedia.org/wiki/%E5%9C%9C%E4%B8%98%E9%81%97%E5%9D%80,exact,
7-0453-1-453,潼关故城,潼关故城,https://baike.baidu.com/view/1791263.htm,exact,,,,
7-0454-1-454,尧头窑遗址,尧头窑遗址,https://baike.baidu.com/item/%E5%B0%A7%E5%A4%B4%E7%AA%91%E9%81%97%E5%9D%80,exact,,,,
7-0455-1-455,铁边城遗址,铁边城遗址,https://baike.baidu.com/view/4255207.htm,exact,,,,
7-0456-1-456,安仁瓷窑遗址,安仁瓷窑遗址,https://baike.baidu.com/view/79871.htm,exact,,,,
7-0457-1-457,代来城城址,代来城城址,https://baike.baidu.com/item/%E4%BB%A3%E6%9D%A5%E5%9F%8E%E5%9F%8E%E5%9D%80,exact,,,,
7-0458-1-458,牛角沟遗址,牛角沟遗址,https://baike.baidu.com/view/5324212.htm,exact,牛角沟遗址,https://zh.wikipedia.org/wiki/%E7%89%9B%E8%A7%92%E6%B2%9F%E9%81%97%E5%9D%80,exact,
7-0459-1-459,狼叫屲遗址,狼叫屲遗址,https://baike.baidu.com/view/10934024.htm,exact,狼叫屲遗址,https://zh.wikipedia.org/wiki/%E7%8B%BC%E5%8F%AB%E5%B1%B2%E9%81%97%E5%9D%80,exact,
7-0460-1-460,半山遗址,半山遗址,https://baike.baidu.com/subview/1263934/1263934.htm,exact,,,,
7-0461-1-461,然闹遗址,然闹遗址,https://baike.baidu.com/view/11626075.htm,exact,然闹遗址,https://zh.wikipedia.org/wiki/%E7%84%B6%E9%97%B9%E9%81%97%E5%9D%80,exact,
7-0462-1-462,磨沟遗址（含墓群）,,,,磨沟遗址及墓群,https://zh.wikipedia.org/wiki/%E7%A3%A8%E6%B2%9F%E9%81%97%E5%9D%80%E5%8F%8A%E5%A2%93%E7%BE%A4,manual,磨咀子遗址及墓群 | https://zh.wikipedia.org/wiki/%E7%A3%A8%E5%92%80%E5%AD%90%E9%81%97%E5%9D%80%E5%8F%8A%E5%A2%93%E7%BE%A4 | different-title
7-0463-1-463,新庄坪遗址,新庄坪遗址,https://baike.baidu.com/view/4624868.htm,exact,新庄坪遗址,https://zh.wikipedia.org/wiki/%E6%96%B0%E5%BA%84%E5%9D%AA%E9%81%97%E5%9D%80,exact,
7-0464-1-464,边家林遗址,边家林遗址,https://baike.baidu.com/view/11626098.htm,exact,,,,
7-0465-1-465,西山遗址,西山遗址,https://baike.baidu.com/item/%E8%A5%BF%E5%B1%B1%E9%81%97%E5%9D%80/19143632,exact,,,,
7-0466-1-466,缸缸洼遗址,缸缸洼遗址,https://baike.baidu.com/view/11626014.htm,exact,缸缸洼遗址,https://zh.wikipedia.org/wiki/%E7%BC%B8%E7%BC%B8%E6%B4%BC%E9%81%97%E5%9D%80,exact,
7-0467-1-467,火石梁遗址,火石梁遗址,https://baike.baidu.com/view/11643110.htm,exact,火石梁遗址,https://zh.wikipedia.org/wiki/%E7%81%AB%E7%9F%B3%E6%A2%81%E9%81%97%E5%9D%80,exact,
7-0468-1-468,李崖遗址,李崖遗址,https://baike.baidu.com/view/10448749.htm,exact,,,,
7-0469-1-469,石沟坪遗址,石沟坪遗址,https://baike.baidu.com/view/10664618.htm,exact,石沟坪遗址,https://zh.wikipedia.org/wiki/%E7%9F%B3%E6%B2%9F%E5%9D%AA%E9%81%97%E5%9D%80,exact,
7-0470-1-470,桥村遗址,桥村遗址,https://baike.baidu.com/view/11626312.htm,exact,,,,
7-0471-1-471,马家塬遗址,马家塬遗址,https://baike.baidu.com/view/3243025.htm,exact,,,,
7-0472-1-472,砂锅梁遗址,砂锅梁遗址,https://baike.baidu.com/view/11626330.htm,exact,砂锅梁遗址,https://zh.wikipedia.org/wiki/%E7%A0%82%E9%94%85%E6%A2%81%E9%81%97%E5%9D%80,exact,
7-0473-1-473,东灰山遗址,东灰山遗址,https://baike.baidu.com/view/1174674.htm,exact,东灰山遗址,https://zh.wikipedia.org/wiki/%E4%B8%9C%E7%81%B0%E5%B1%B1%E9%81%97%E5%9D%80,exact,
7-0474-1-474,辛店遗址,辛店遗址,https://baike.baidu.com/subview/11622289/11971179.htm,exact,,,,
7-0475-1-475,三角城遗址,三角城遗址,https://baike.baidu.com/view/9208224.htm,exact,三角城遗址,https://zh.wikipedia.org/wiki/%E4%B8%89%E8%A7%92%E5%9F%8E%E9%81%97%E5%9D%80,exact,
7-0476-1-476,秦直道遗址庆阳段,秦直道遗址庆阳段,https://baike.baidu.com/view/11626017.htm,exact,,,,
7-0477-1-477,成纪故城遗址,成纪故城遗址,https://baike.baidu.com/item/%E6%88%90%E7%BA%AA%E6%95%85%E5%9F%8E%E9%81%97%E5%9D%80,exact,成纪故城遗址,https://zh.wikipedia.org/wiki/%E6%88%90%E7%BA%AA%E6%95%85%E5%9F%8E%E9%81%97%E5%9D%80,exact,
7-0478-1-478,六工城遗址,六工城遗址,https://baike.baidu.com/view/11626327.htm,exact,六工城遗址,https://zh.wikipedia.org/wiki/%E5%85%AD%E5%B7%A5%E5%9F%8E%E9%81%97%E5%9D%80,exact,
7-0479-1-479,草沟井城址,草沟井城址,https://baike.baidu.com/view/11643118.htm,exact,,,,
7-0480-1-480,宗日遗址,宗日遗址,https://baike.baidu.com/view/6144922.htm,exact,,,,
7-0481-1-481,塔里他里哈遗址,塔里他里哈遗址,https://baike.baidu.com/view/4551817.htm,exact,塔里他里哈遗址,https://zh.wikipedia.org/wiki/%E5%A1%94%E9%87%8C%E4%BB%96%E9%87%8C%E5%93%88%E9%81%97%E5%9D%80,exact,
7-0482-1-482,虎台遗址,虎台遗址,https://baike.baidu.com/view/475893.htm,exact,,,,
7-0483-1-483,门源古城,门源古城,https://baike.baidu.com/view/9437936.htm,exact,,,,
7-0484-1-484,贡萨寺旧址与宗喀巴大殿,贡萨寺旧址与宗喀巴大殿,https://baike.baidu.com/item/%E8%B4%A1%E8%90%A8%E5%AF%BA%E6%97%A7%E5%9D%80%E4%B8%8E%E5%AE%97%E5%96%80%E5%B7%B4%E5%A4%A7%E6%AE%BF,exact,,,,
7-0485-1-485,页河子遗址,页河子遗址,https://baike.baidu.com/item/%E9%A1%B5%E6%B2%B3%E5%AD%90%E9%81%97%E5%9D%80,exact,,,,
7-0486-1-486,固原古城遗址,固原古城遗址,https://baike.baidu.com/item/%E5%9B%BA%E5%8E%9F%E5%8F%A4%E5%9F%8E%E9%81%97%E5%9D%80,exact,固原古城遗址,https://zh.wikipedia.org/wiki/%E5%9B%BA%E5%8E%9F%E5%8F%A4%E5%9F%8E%E9%81%97%E5%9D%80,exact,
7-0487-1-487,省嵬城址,省嵬城址,https://baike.baidu.com/item/%E7%9C%81%E5%B5%AC%E5%9F%8E%E5%9D%80,exact,,,,
7-0488-1-488,七营北嘴城址,七营北嘴城址,https://baike.baidu.com/item/%E4%B8%83%E8%90%A5%E5%8C%97%E5%98%B4%E5%9F%8E%E5%9D%80,exact,七营北嘴城址,https://zh.wikipedia.org/wiki/%E4%B8%83%E8%90%A5%E5%8C%97%E5%98%B4%E5%9F%8E%E5%9D%80,exact,
7-0489-1-489,柳州城址,柳州城址,https://baike.baidu.com/item/%E6%9F%B3%E5%B7%9E%E5%9F%8E%E5%9D%80,exact,柳州城址,https://zh.wikipedia.org/wiki/%E6%9F%B3%E5%B7%9E%E5%9F%8E%E5%9D%80,exact,
7-0490-1-490,大营城址,大营城址,https://baike.baidu.com/item/%E5%A4%A7%E8%90%A5%E5%9F%8E%E5%9D%80,exact,大营城址,https://zh.wikipedia.org/wiki/%E5%A4%A7%E8%90%A5%E5%9F%8E%E5%9D%80,exact,
7-0491-1-491,兴武营城址,兴武营城址,https://baike.baidu.com/item/%E5%85%B4%E6%AD%A6%E8%90%A5%E5%9F%8E%E5%9D%80,exact,兴武营城址,https://zh.wikipedia.org/wiki/%E5%85%B4%E6%AD%A6%E8%90%A5%E5%9F%8E%E5%9D%80,exact,
7-0492-1-492,骆驼石旧石器遗址,骆驼石旧石器遗址,https://baike.baidu.com/item/%E9%AA%86%E9%A9%BC%E7%9F%B3%E6%97%A7%E7%9F%B3%E5%99%A8%E9%81%97%E5%9D%80,exact,,,,
7-0493-1-493,岳公台一西黑沟遗址群,岳公台—西黑沟遗址群,https://baike.baidu.com/item/%E5%B2%B3%E5%85%AC%E5%8F%B0%E2%80%94%E8%A5%BF%E9%BB%91%E6%B2%9F%E9%81%97%E5%9D%80%E7%BE%A4,manual,,,,岳公台—西黑沟遗址群 | https://baike.baidu.com/item/%E5%B2%B3%E5%85%AC%E5%8F%B0%E2%80%94%E8%A5%BF%E9%BB%91%E6%B2%9F%E9%81%97%E5%9D%80%E7%BE%A4 | different-title；东黑沟遗址 | https://zh.wikipedia.org/wiki/%E4%B8%9C%E9%BB%91%E6%B2%9F%E9%81%97%E5%9D%80 | different-title
7-0494-1-494,龟兹故城,龟兹故城,https://baike.baidu.com/view/512962.htm,exact,,,,
7-0495-1-495,石人子沟遗址群,石人子沟遗址群,https://baike.baidu.com/item/%E7%9F%B3%E4%BA%BA%E5%AD%90%E6%B2%9F%E9%81%97%E5%9D%80%E7%BE%A4,exact,石人子沟遗址群,https://zh.wikipedia.org/wiki/%E7%9F%B3%E4%BA%BA%E5%AD%90%E6%B2%9F%E9%81%97%E5%9D%80%E7%BE%A4,exact,
7-0496-1-496,营盘古城及古墓群,营盘古城及古墓群,https://baike.baidu.com/item/%E8%90%A5%E7%9B%98%E5%8F%A4%E5%9F%8E%E5%8F%8A%E5%8F%A4%E5%A2%93%E7%BE%A4,exact,,,,
7-0497-1-497,喀拉墩遗址,喀拉墩遗址,https://baike.baidu.com/view/6927057.htm,exact,,,,
7-0498-1-498,乌什喀特古城遗址,乌什喀特古城遗址,https://baike.baidu.com/item/%E4%B9%8C%E4%BB%80%E5%96%80%E7%89%B9%E5%8F%A4%E5%9F%8E%E9%81%97%E5%9D%80,exact,乌什喀特古城遗址,https://zh.wikipedia.org/wiki/%E4%B9%8C%E4%BB%80%E5%96%80%E7%89%B9%E5%8F%A4%E5%9F%8E%E9%81%97%E5%9D%80,exact,
7-0499-1-499,石城子遗址,石城子遗址,https://baike.baidu.com/item/%E7%9F%B3%E5%9F%8E%E5%AD%90%E9%81%97%E5%9D%80,exact,石城子遗址,https://zh.wikipedia.org/wiki/%E7%9F%B3%E5%9F%8E%E5%AD%90%E9%81%97%E5%9D%80,exact,
7-0500-1-500,达玛沟佛寺遗址,达玛沟佛寺遗址,https://baike.baidu.com/item/%E8%BE%BE%E7%8E%9B%E6%B2%9F%E4%BD%9B%E5%AF%BA%E9%81%97%E5%9D%80,exact,,,,
7-0501-1-501,克斯勒塔格佛寺遗址,克斯勒塔格佛寺遗址,https://baike.baidu.com/item/%E5%85%8B%E6%96%AF%E5%8B%92%E5%A1%94%E6%A0%BC%E4%BD%9B%E5%AF%BA%E9%81%97%E5%9D%80,exact,克斯勒塔格佛寺遗址,https://zh.wikipedia.org/wiki/%E5%85%8B%E6%96%AF%E5%8B%92%E5%A1%94%E6%A0%BC%E4%BD%9B%E5%AF%BA%E9%81%97%E5%9D%80,exact,
7-0502-1-502,兰城遗址,兰城遗址,https://baike.baidu.com/item/%E5%85%B0%E5%9F%8E%E9%81%97%E5%9D%80,exact,,,,
7-0503-1-503,唐王城遗址,唐王城遗址,https://baike.baidu.com/item/%E5%94%90%E7%8E%8B%E5%9F%8E%E9%81%97%E5%9D%80,exact,,,,
7-0504-1-504,阿萨古城遗址,阿萨古城遗址,https://baike.baidu.com/item/%E9%98%BF%E8%90%A8%E5%8F%A4%E5%9F%8E%E9%81%97%E5%9D%80,exact,,,,
7-0505-1-505,达勒特古城遗址,达勒特古城遗址,https://baike.baidu.com/item/%E8%BE%BE%E5%8B%92%E7%89%B9%E5%8F%A4%E5%9F%8E%E9%81%97%E5%9D%80,exact,达勒特古城遗址,https://zh.wikipedia.org/wiki/%E8%BE%BE%E5%8B%92%E7%89%B9%E5%8F%A4%E5%9F%8E%E9%81%97%E5%9D%80,exact,
7-0506-1-506,唐朝墩古城遗址,唐朝墩古城遗址,https://baike.baidu.com/item/%E5%94%90%E6%9C%9D%E5%A2%A9%E5%8F%A4%E5%9F%8E%E9%81%97%E5%9D%80,exact,唐朝墩古城遗址,https://zh.wikipedia.org/wiki/%E5%94%90%E6%9C%9D%E5%A2%A9%E5%8F%A4%E5%9F%8E%E9%81%97%E5%9D%80,exact,
7-0507-1-507,夏塔古城遗址,夏塔古城遗址,https://baike.baidu.com/item/%E5%A4%8F%E5%A1%94%E5%8F%A4%E5%9F%8E%E9%81%97%E5%9D%80,exact,,,,
7-0508-1-508,昌吉州境内烽燧群,昌吉州境内烽燧群,https://baike.baidu.com/item/%E6%98%8C%E5%90%89%E5%B7%9E%E5%A2%83%E5%86%85%E7%83%BD%E7%87%A7%E7%BE%A4,exact,,,,
7-0509-1-509,古代吐鲁番盆地军事防御遗址,古代吐鲁番盆地军事防御遗址,https://baike.baidu.com/item/%E5%8F%A4%E4%BB%A3%E5%90%90%E9%B2%81%E7%95%AA%E7%9B%86%E5%9C%B0%E5%86%9B%E4%BA%8B%E9%98%B2%E5%BE%A1%E9%81%97%E5%9D%80,exact,古代吐鲁番盆地军事防御遗址,https://zh.wikipedia.org/wiki/%E5%8F%A4%E4%BB%A3%E5%90%90%E9%B2%81%E7%95%AA%E7%9B%86%E5%9C%B0%E5%86%9B%E4%BA%8B%E9%98%B2%E5%BE%A1%E9%81%97%E5%9D%80,exact,
7-0510-1-510,哈密境内烽燧遗址,哈密境内烽燧遗址,https://baike.baidu.com/item/%E5%93%88%E5%AF%86%E5%A2%83%E5%86%85%E7%83%BD%E7%87%A7%E9%81%97%E5%9D%80,exact,,,,
7-0511-1-511,柳中古城遗址,柳中古城遗址,https://baike.baidu.com/item/%E6%9F%B3%E4%B8%AD%E5%8F%A4%E5%9F%8E%E9%81%97%E5%9D%80,exact,柳中古城遗址,https://zh.wikipedia.org/wiki/%E6%9F%B3%E4%B8%AD%E5%8F%A4%E5%9F%8E%E9%81%97%E5%9D%80,exact,
7-0512-1-512,道尔本厄鲁特森木古城遗址,道尔本厄鲁特森木古城遗址,https://baike.baidu.com/view/963394.htm,exact,,,,
7-0513-1-513,惠远新、老古城遗址,惠远新、老古城遗址,https://baike.baidu.com/item/%E6%83%A0%E8%BF%9C%E6%96%B0%E3%80%81%E8%80%81%E5%8F%A4%E5%9F%8E%E9%81%97%E5%9D%80,exact,,,,
7-0514-1-514,阔纳齐兰遗址,阔纳齐兰遗址,https://baike.baidu.com/item/%E9%98%94%E7%BA%B3%E9%BD%90%E5%85%B0%E9%81%97%E5%9D%80,exact,,,,
7-0515-1-515,伊犁清代卡伦遗址,伊犁清代卡伦遗址,https://baike.baidu.com/item/%E4%BC%8A%E7%8A%81%E6%B8%85%E4%BB%A3%E5%8D%A1%E4%BC%A6%E9%81%97%E5%9D%80,exact,伊犁清代卡伦遗址,https://zh.wikipedia.org/wiki/%E4%BC%8A%E7%8A%81%E6%B8%85%E4%BB%A3%E5%8D%A1%E4%BC%A6%E9%81%97%E5%9D%80,exact,
7-0516-1-516,茶马古道,茶马古道,https://baike.baidu.com/subview/2169/6452405.htm,exact,茶马古道,https://zh.wikipedia.org/wiki/%E8%8C%B6%E9%A9%AC%E5%8F%A4%E9%81%93,exact,
7-0517-2-001,林村墓群,林村墓群,https://baike.baidu.com/view/10607549.htm,exact,林村墓群,https://zh.wikipedia.org/wiki/%E6%9E%97%E6%9D%91%E5%A2%93%E7%BE%A4,exact,
7-0518-2-002,无极甄氏墓群,无极甄氏墓群,https://baike.baidu.com/view/5054853.htm,exact,无极甄氏墓群,https://zh.wikipedia.org/wiki/%E6%97%A0%E6%9E%81%E7%94%84%E6%B0%8F%E5%A2%93%E7%BE%A4,exact,
7-0519-2-003,赞皇李氏墓群,赞皇李氏墓群,https://baike.baidu.com/item/%E8%B5%9E%E7%9A%87%E6%9D%8E%E6%B0%8F%E5%A2%93%E7%BE%A4,exact,赞皇李氏墓群,https://zh.wikipedia.org/wiki/%E8%B5%9E%E7%9A%87%E6%9D%8E%E6%B0%8F%E5%A2%93%E7%BE%A4,exact,
7-0520-2-004,宋祖陵,宋祖陵,https://baike.baidu.com/view/10610807.htm,exact,宋祖陵,https://zh.wikipedia.org/wiki/%E5%AE%8B%E7%A5%96%E9%99%B5,exact,
7-0521-2-005,王处直墓,王处直墓,https://baike.baidu.com/view/1295398.htm,exact,王处直墓,https://zh.wikipedia.org/wiki/%E7%8E%8B%E5%A4%84%E7%9B%B4%E5%A2%93,exact,
7-0522-2-006,石羊石虎墓群,石羊石虎墓群,https://baike.baidu.com/view/484802.htm,exact,石羊石虎墓群,https://zh.wikipedia.org/wiki/%E7%9F%B3%E7%BE%8A%E7%9F%B3%E8%99%8E%E5%A2%93%E7%BE%A4,exact,
7-0523-2-007,杨赟家族墓地,杨赟家族墓地,https://baike.baidu.com/item/%E6%9D%A8%E8%B5%9F%E5%AE%B6%E6%97%8F%E5%A2%93%E5%9C%B0,exact,杨赟家族墓地,https://zh.wikipedia.org/wiki/%E6%9D%A8%E8%B5%9F%E5%AE%B6%E6%97%8F%E5%A2%93%E5%9C%B0,exact,
7-0524-2-008,冯古庄墓地,冯古庄墓地,https://baike.baidu.com/item/%E5%86%AF%E5%8F%A4%E5%BA%84%E5%A2%93%E5%9C%B0,exact,冯古庄墓地,https://zh.wikipedia.org/wiki/%E5%86%AF%E5%8F%A4%E5%BA%84%E5%A2%93%E5%9C%B0,exact,
7-0525-2-009,山王墓地,山王墓地,https://baike.baidu.com/item/%E5%B1%B1%E7%8E%8B%E5%A2%93%E5%9C%B0/63122320,exact,山王墓地,https://zh.wikipedia.org/wiki/%E5%B1%B1%E7%8E%8B%E5%A2%93%E5%9C%B0,exact,
7-0526-2-010,横北倗国墓地,横北倗国墓地,https://baike.baidu.com/view/10977090.htm,exact,横北倗国墓地,https://zh.wikipedia.org/wiki/%E6%A8%AA%E5%8C%97%E5%80%97%E5%9B%BD%E5%A2%93%E5%9C%B0,exact,
7-0527-2-011,西周黎侯墓群,西周黎侯墓群,https://baike.baidu.com/item/%E8%A5%BF%E5%91%A8%E9%BB%8E%E4%BE%AF%E5%A2%93%E7%BE%A4,exact,,,,
7-0528-2-012,羊舌墓地,羊舌墓地,https://baike.baidu.com/item/%E7%BE%8A%E8%88%8C%E5%A2%93%E5%9C%B0,exact,羊舌墓地,https://zh.wikipedia.org/wiki/%E7%BE%8A%E8%88%8C%E5%A2%93%E5%9C%B0,exact,
7-0529-2-013,薛嵩墓,薛嵩墓,https://baike.baidu.com/view/873018.htm,exact,薛嵩墓,https://zh.wikipedia.org/wiki/%E8%96%9B%E5%B5%A9%E5%A2%93,exact,
7-0530-2-014,东龙观墓群,东龙观墓群,https://baike.baidu.com/item/%E4%B8%9C%E9%BE%99%E8%A7%82%E5%A2%93%E7%BE%A4,exact,东龙观墓群,https://zh.wikipedia.org/wiki/%E4%B8%9C%E9%BE%99%E8%A7%82%E5%A2%93%E7%BE%A4,exact,
7-0531-2-015,南宝力皋吐古墓地,南宝力皋吐古墓地,https://baike.baidu.com/item/%E5%8D%97%E5%AE%9D%E5%8A%9B%E7%9A%8B%E5%90%90%E5%8F%A4%E5%A2%93%E5%9C%B0,exact,,,,
7-0532-2-016,小黑石沟墓群,小黑石沟墓群,https://baike.baidu.com/item/%E5%B0%8F%E9%BB%91%E7%9F%B3%E6%B2%9F%E5%A2%93%E7%BE%A4,exact,,,,
7-0533-2-017,团结墓地,团结墓地,https://baike.baidu.com/item/%E5%9B%A2%E7%BB%93%E5%A2%93%E5%9C%B0,exact,,,,
7-0534-2-018,和林格尔东汉壁画墓,和林格尔东汉壁画墓,https://baike.baidu.com/item/%E5%92%8C%E6%9E%97%E6%A0%BC%E5%B0%94%E4%B8%9C%E6%B1%89%E5%A3%81%E7%94%BB%E5%A2%93,exact,,,,
7-0535-2-019,谢尔塔拉墓地,谢尔塔拉墓地,https://baike.baidu.com/item/%E8%B0%A2%E5%B0%94%E5%A1%94%E6%8B%89%E5%A2%93%E5%9C%B0,exact,,,,
7-0536-2-020,奈林稿辽墓群,奈林稿辽墓群,https://baike.baidu.com/item/%E5%A5%88%E6%9E%97%E7%A8%BF%E8%BE%BD%E5%A2%93%E7%BE%A4,exact,,,,
7-0537-2-021,耶律祺家族墓,耶律祺家族墓,https://baike.baidu.com/item/%E8%80%B6%E5%BE%8B%E7%A5%BA%E5%AE%B6%E6%97%8F%E5%A2%93,exact,,,,
7-0538-2-022,耶律琮墓,耶律琮墓,https://baike.baidu.com/item/%E8%80%B6%E5%BE%8B%E7%90%AE%E5%A2%93,exact,,,,
7-0539-2-023,沙日宝特墓群,沙日宝特墓群,https://baike.baidu.com/item/%E6%B2%99%E6%97%A5%E5%AE%9D%E7%89%B9%E5%A2%93%E7%BE%A4,exact,,,,
7-0540-2-024,砧子山古墓群,砧子山古墓群,https://baike.baidu.com/item/%E7%A0%A7%E5%AD%90%E5%B1%B1%E5%8F%A4%E5%A2%93%E7%BE%A4,exact,,,,
7-0541-2-025,恩格尔河墓群,恩格尔河墓群,https://baike.baidu.com/item/%E6%81%A9%E6%A0%BC%E5%B0%94%E6%B2%B3%E5%A2%93%E7%BE%A4,exact,,,,
7-0542-2-026,和硕端静公主墓,和硕端静公主墓,https://baike.baidu.com/item/%E5%92%8C%E7%A1%95%E7%AB%AF%E9%9D%99%E5%85%AC%E4%B8%BB%E5%A2%93,exact,,,,
7-0543-2-027,四平山积石墓地,四平山积石墓地,https://baike.baidu.com/view/10679765.htm,exact,,,,
7-0544-2-028,马城子墓地,马城子墓地,https://baike.baidu.com/item/%E9%A9%AC%E5%9F%8E%E5%AD%90%E5%A2%93%E5%9C%B0,exact,马城子墓地,https://zh.wikipedia.org/wiki/%E9%A9%AC%E5%9F%8E%E5%AD%90%E5%A2%93%E5%9C%B0,exact,
7-0545-2-029,东山大石盖墓,东山大石盖墓,https://baike.baidu.com/view/12650635.htm,exact,,,,
7-0546-2-030,石棚沟石棚,石棚沟石棚,https://baike.baidu.com/view/3416422.htm,exact,,,,
7-0547-2-031,岗上楼上墓地,岗上楼上墓地,https://baike.baidu.com/item/%E5%B2%97%E4%B8%8A%E6%A5%BC%E4%B8%8A%E5%A2%93%E5%9C%B0,exact,,,,
7-0548-2-032,东大杖子古墓群,东大杖子古墓群,https://baike.baidu.com/item/%E4%B8%9C%E5%A4%A7%E6%9D%96%E5%AD%90%E5%8F%A4%E5%A2%93%E7%BE%A4,exact,,,,
7-0549-2-033,望江楼墓地,望江楼墓地,https://baike.baidu.com/item/%E6%9C%9B%E6%B1%9F%E6%A5%BC%E5%A2%93%E5%9C%B0,exact,,,,
7-0550-2-034,营城子汉墓群,营城子汉墓群,https://baike.baidu.com/item/%E8%90%A5%E5%9F%8E%E5%AD%90%E6%B1%89%E5%A2%93%E7%BE%A4,exact,,,,
7-0551-2-035,辽阳苗圃汉墓群,辽阳苗圃汉墓群,https://baike.baidu.com/item/%E8%BE%BD%E9%98%B3%E8%8B%97%E5%9C%83%E6%B1%89%E5%A2%93%E7%BE%A4,exact,辽阳苗圃汉墓群,https://zh.wikipedia.org/wiki/%E8%BE%BD%E9%98%B3%E8%8B%97%E5%9C%83%E6%B1%89%E5%A2%93%E7%BE%A4,exact,
7-0552-2-036,雅河流域墓群,雅河流域墓群,https://baike.baidu.com/item/%E9%9B%85%E6%B2%B3%E6%B5%81%E5%9F%9F%E5%A2%93%E7%BE%A4,exact,,,,
7-0553-2-037,冯家堡子墓地,冯家堡子墓地,https://baike.baidu.com/item/%E5%86%AF%E5%AE%B6%E5%A0%A1%E5%AD%90%E5%A2%93%E5%9C%B0,exact,,,,
7-0554-2-038,施家沟墓地,施家沟墓地,https://baike.baidu.com/item/%E6%96%BD%E5%AE%B6%E6%B2%9F%E5%A2%93%E5%9C%B0,exact,,,,
7-0555-2-039,喇嘛洞墓地,喇嘛洞墓地,https://baike.baidu.com/item/%E5%96%87%E5%98%9B%E6%B4%9E%E5%A2%93%E5%9C%B0,exact,,,,
7-0556-2-040,龙岗墓群,龙岗墓群,https://baike.baidu.com/item/%E9%BE%99%E5%B2%97%E5%A2%93%E7%BE%A4,exact,,,,
7-0557-2-041,关山辽墓,关山辽墓,https://baike.baidu.com/subview/2205688/2205688.htm,exact,关山辽墓,https://zh.wikipedia.org/wiki/%E5%85%B3%E5%B1%B1%E8%BE%BD%E5%A2%93,exact,
7-0558-2-042,东京陵,东京陵,https://baike.baidu.com/view/462472.htm,exact,东京陵,https://zh.wikipedia.org/wiki/%E4%B8%9C%E4%BA%AC%E9%99%B5,exact,
7-0559-2-043,小西山石棺墓群,小西山石棺墓群,https://baike.baidu.com/item/%E5%B0%8F%E8%A5%BF%E5%B1%B1%E7%9F%B3%E6%A3%BA%E5%A2%93%E7%BE%A4,exact,小西山石棺墓群,https://zh.wikipedia.org/wiki/%E5%B0%8F%E8%A5%BF%E5%B1%B1%E7%9F%B3%E6%A3%BA%E5%A2%93%E7%BE%A4,exact,
7-0560-2-044,鸭绿江上游积石墓群,鸭绿江上游积石墓群,https://baike.baidu.com/item/%E9%B8%AD%E7%BB%BF%E6%B1%9F%E4%B8%8A%E6%B8%B8%E7%A7%AF%E7%9F%B3%E5%A2%93%E7%BE%A4,exact,鸭绿江上游积石墓群,https://zh.wikipedia.org/wiki/%E9%B8%AD%E7%BB%BF%E6%B1%9F%E4%B8%8A%E6%B8%B8%E7%A7%AF%E7%9F%B3%E5%A2%93%E7%BE%A4,exact,
7-0561-2-045,江沿墓群,江沿墓群,https://baike.baidu.com/item/%E6%B1%9F%E6%B2%BF%E5%A2%93%E7%BE%A4,exact,江沿墓群,https://zh.wikipedia.org/wiki/%E6%B1%9F%E6%B2%BF%E5%A2%93%E7%BE%A4,exact,
7-0562-2-046,友谊村墓群,友谊村墓群,https://baike.baidu.com/item/%E5%8F%8B%E8%B0%8A%E6%9D%91%E5%A2%93%E7%BE%A4,exact,友谊村墓群,https://zh.wikipedia.org/wiki/%E5%8F%8B%E8%B0%8A%E6%9D%91%E5%A2%93%E7%BE%A4,exact,
7-0563-2-047,金坛土墩墓群,金坛土墩墓群,https://baike.baidu.com/item/%E9%87%91%E5%9D%9B%E5%9C%9F%E5%A2%A9%E5%A2%93%E7%BE%A4,exact,,,,
7-0564-2-048,春城土墩墓群,春城土墩墓群,https://baike.baidu.com/item/%E6%98%A5%E5%9F%8E%E5%9C%9F%E5%A2%A9%E5%A2%93%E7%BE%A4,exact,春城土墩墓群,https://zh.wikipedia.org/wiki/%E6%98%A5%E5%9F%8E%E5%9C%9F%E5%A2%A9%E5%A2%93%E7%BE%A4,exact,
7-0565-2-049,烟墩山墓地,烟墩山墓地,https://baike.baidu.com/item/%E7%83%9F%E5%A2%A9%E5%B1%B1%E5%A2%93%E5%9C%B0,exact,烟墩山墓地,https://zh.wikipedia.org/wiki/%E7%83%9F%E5%A2%A9%E5%B1%B1%E5%A2%93%E5%9C%B0,exact,
7-0566-2-050,尹湾汉墓,尹湾汉墓,https://baike.baidu.com/item/%E5%B0%B9%E6%B9%BE%E6%B1%89%E5%A2%93,exact,尹湾汉墓,https://zh.wikipedia.org/wiki/%E5%B0%B9%E6%B9%BE%E6%B1%89%E5%A2%93,exact,
7-0567-2-051,三庄墓群,三庄墓群,https://baike.baidu.com/view/9282200.htm,exact,三庄墓群,https://zh.wikipedia.org/wiki/%E4%B8%89%E5%BA%84%E5%A2%93%E7%BE%A4,exact,
7-0568-2-052,庙山汉墓,庙山汉墓,https://baike.baidu.com/view/10556563.htm,exact,庙山汉墓,https://zh.wikipedia.org/wiki/%E5%BA%99%E5%B1%B1%E6%B1%89%E5%A2%93,exact,
7-0569-2-053,上坊孙吴墓,上坊孙吴墓,https://baike.baidu.com/item/%E4%B8%8A%E5%9D%8A%E5%AD%99%E5%90%B4%E5%A2%93,exact,上坊孙吴墓,https://zh.wikipedia.org/wiki/%E4%B8%8A%E5%9D%8A%E5%AD%99%E5%90%B4%E5%A2%93,exact,
7-0570-2-054,仙鹤观六朝墓地,仙鹤观六朝墓地,https://baike.baidu.com/view/10561053.htm,exact,仙鹤观六朝墓地,https://zh.wikipedia.org/wiki/%E4%BB%99%E9%B9%A4%E8%A7%82%E5%85%AD%E6%9C%9D%E5%A2%93%E5%9C%B0,exact,
7-0571-2-055,顾炎武墓及故居,顾炎武墓及故居,https://baike.baidu.com/item/%E9%A1%BE%E7%82%8E%E6%AD%A6%E5%A2%93%E5%8F%8A%E6%95%85%E5%B1%85,exact,,,,
7-0572-2-056,绍兴越国贵族墓群,绍兴越国贵族墓群,https://baike.baidu.com/item/%E7%BB%8D%E5%85%B4%E8%B6%8A%E5%9B%BD%E8%B4%B5%E6%97%8F%E5%A2%93%E7%BE%A4,exact,绍兴越国贵族墓群,https://zh.wikipedia.org/wiki/%E7%BB%8D%E5%85%B4%E8%B6%8A%E5%9B%BD%E8%B4%B5%E6%97%8F%E5%A2%93%E7%BE%A4,exact,
7-0573-2-057,长安画像石墓,长安画像石墓,https://baike.baidu.com/item/%E9%95%BF%E5%AE%89%E7%94%BB%E5%83%8F%E7%9F%B3%E5%A2%93,exact,长安画像石墓,https://zh.wikipedia.org/wiki/%E9%95%BF%E5%AE%89%E7%94%BB%E5%83%8F%E7%9F%B3%E5%A2%93,exact,
7-0574-2-058,吕祖谦及家族墓,吕祖谦及家族墓,https://baike.baidu.com/item/%E5%90%95%E7%A5%96%E8%B0%A6%E5%8F%8A%E5%AE%B6%E6%97%8F%E5%A2%93,exact,吕祖谦及家族墓,https://zh.wikipedia.org/wiki/%E5%90%95%E7%A5%96%E8%B0%A6%E5%8F%8A%E5%AE%B6%E6%97%8F%E5%A2%93,exact,
7-0575-2-059,宋六陵,宋六陵,https://baike.baidu.com/view/249330.htm,exact,宋六陵,https://zh.wikipedia.org/wiki/%E5%AE%8B%E5%85%AD%E9%99%B5,exact,
7-0576-2-060,赵孟𫖯墓,,,,赵孟頫墓,https://zh.wikipedia.org/wiki/%E8%B6%99%E5%AD%9F%E9%A0%AB%E5%A2%93,manual,趙孟頫 | https://zh.wikipedia.org/wiki/%E8%B6%99%E5%AD%9F%E9%A0%AB | different-title
7-0577-2-061,吴镇墓,吴镇墓,https://baike.baidu.com/view/992654.htm,exact,吴镇墓,https://zh.wikipedia.org/wiki/%E5%90%B4%E9%95%87%E5%A2%93,exact,
7-0578-2-062,建平镇土墩墓群,建平镇土墩墓群,https://baike.baidu.com/item/%E5%BB%BA%E5%B9%B3%E9%95%87%E5%9C%9F%E5%A2%A9%E5%A2%93%E7%BE%A4,exact,,,,
7-0579-2-063,双墩春秋墓,双墩春秋墓,https://baike.baidu.com/view/3792594.htm,exact,,,,
7-0580-2-064,六安汉代王陵墓地,六安汉代王陵墓地,https://baike.baidu.com/view/11505135.htm,exact,六安汉代王陵墓地,https://zh.wikipedia.org/wiki/%E5%85%AD%E5%AE%89%E6%B1%89%E4%BB%A3%E7%8E%8B%E9%99%B5%E5%A2%93%E5%9C%B0,exact,
7-0581-2-065,淮南王刘安家族墓地,淮南王刘安家族墓地,https://baike.baidu.com/item/%E6%B7%AE%E5%8D%97%E7%8E%8B%E5%88%98%E5%AE%89%E5%AE%B6%E6%97%8F%E5%A2%93%E5%9C%B0,exact,,,,
7-0582-2-066,古城汉墓,古城汉墓,https://baike.baidu.com/view/12619165.htm,exact,,,,
7-0583-2-067,程端忠墓,程端忠墓,https://baike.baidu.com/item/%E7%A8%8B%E7%AB%AF%E5%BF%A0%E5%A2%93,exact,,,,
7-0584-2-068,化明塘严氏墓,化明塘严氏墓,https://baike.baidu.com/view/6959297.htm,exact,,,,
7-0585-2-069,汤和墓,汤和墓,https://baike.baidu.com/view/477324.htm,exact,汤和墓,https://zh.wikipedia.org/wiki/%E6%B1%A4%E5%92%8C%E5%A2%93,exact,
7-0586-2-070,张廷玉墓,张廷玉墓,https://baike.baidu.com/view/9127645.htm,exact,张廷玉墓,https://zh.wikipedia.org/wiki/%E5%BC%A0%E5%BB%B7%E7%8E%89%E5%A2%93,exact,
7-0587-2-071,浦城土墩墓群,浦城土墩墓群,https://baike.baidu.com/view/4267227.htm,exact,浦城土墩墓群,https://zh.wikipedia.org/wiki/%E6%B5%A6%E5%9F%8E%E5%9C%9F%E5%A2%A9%E5%A2%93%E7%BE%A4,exact,
7-0588-2-072,陈政墓和陈元光墓,陈政墓和陈元光墓,https://baike.baidu.com/item/%E9%99%88%E6%94%BF%E5%A2%93%E5%92%8C%E9%99%88%E5%85%83%E5%85%89%E5%A2%93,exact,,,,
7-0589-2-073,李洲坳东周墓葬,李洲坳东周墓葬,https://baike.baidu.com/item/%E6%9D%8E%E6%B4%B2%E5%9D%B3%E4%B8%9C%E5%91%A8%E5%A2%93%E8%91%AC,exact,李洲坳东周墓葬,https://zh.wikipedia.org/wiki/%E6%9D%8E%E6%B4%B2%E5%9D%B3%E4%B8%9C%E5%91%A8%E5%A2%93%E8%91%AC,exact,
7-0590-2-074,吴平墓群,吴平墓群,https://baike.baidu.com/item/%E5%90%B4%E5%B9%B3%E5%A2%93%E7%BE%A4,exact,吴平墓群,https://zh.wikipedia.org/wiki/%E5%90%B4%E5%B9%B3%E5%A2%93%E7%BE%A4,exact,
7-0591-2-075,紫金城城址与铁河古墓群,紫金城城址与铁河古墓群,https://baike.baidu.com/item/%E7%B4%AB%E9%87%91%E5%9F%8E%E5%9F%8E%E5%9D%80%E4%B8%8E%E9%93%81%E6%B2%B3%E5%8F%A4%E5%A2%93%E7%BE%A4,exact,,,,
7-0592-2-076,吉水东吴墓,吉水东吴墓,https://baike.baidu.com/view/11823854.htm,exact,吉水东吴墓,https://zh.wikipedia.org/wiki/%E5%90%89%E6%B0%B4%E4%B8%9C%E5%90%B4%E5%A2%93,exact,
7-0593-2-077,文天祥墓,文天祥墓,https://baike.baidu.com/view/641361.htm,exact,文天祥墓,https://zh.wikipedia.org/wiki/%E6%96%87%E5%A4%A9%E7%A5%A5%E5%A2%93,exact,
7-0594-2-078,谭纶墓,谭纶墓,https://baike.baidu.com/item/%E8%B0%AD%E7%BA%B6%E5%A2%93,exact,,,,
7-0595-2-079,朱权墓与乐安王墓,朱权墓与乐安王墓,https://baike.baidu.com/item/%E6%9C%B1%E6%9D%83%E5%A2%93%E4%B8%8E%E4%B9%90%E5%AE%89%E7%8E%8B%E5%A2%93,exact,,,,
7-0596-2-080,明益藩王墓地,明益藩王墓地,https://baike.baidu.com/item/%E6%98%8E%E7%9B%8A%E8%97%A9%E7%8E%8B%E5%A2%93%E5%9C%B0,exact,明益藩王墓地,https://zh.wikipedia.org/wiki/%E6%98%8E%E7%9B%8A%E8%97%A9%E7%8E%8B%E5%A2%93%E5%9C%B0,exact,
7-0597-2-081,村里集城址及墓群,村里集城址及墓群,https://baike.baidu.com/item/%E6%9D%91%E9%87%8C%E9%9B%86%E5%9F%8E%E5%9D%80%E5%8F%8A%E5%A2%93%E7%BE%A4,exact,村里集城址及墓群,https://zh.wikipedia.org/wiki/%E6%9D%91%E9%87%8C%E9%9B%86%E5%9F%8E%E5%9D%80%E5%8F%8A%E5%A2%93%E7%BE%A4,exact,
7-0598-2-082,临淄墓群,临淄墓群,https://baike.baidu.com/view/478957.htm,exact,临淄墓群,https://zh.wikipedia.org/wiki/%E4%B8%B4%E6%B7%84%E5%A2%93%E7%BE%A4,exact,
7-0599-2-083,防山墓群,防山墓群,https://baike.baidu.com/view/3789172.htm,exact,,,,
7-0600-2-084,孟母林墓群,孟母林墓群,https://baike.baidu.com/view/4324033.htm,exact,孟母林墓群,https://zh.wikipedia.org/wiki/%E5%AD%9F%E6%AF%8D%E6%9E%97%E5%A2%93%E7%BE%A4,exact,
7-0601-2-085,程家沟古墓,程家沟古墓,https://baike.baidu.com/item/%E7%A8%8B%E5%AE%B6%E6%B2%9F%E5%8F%A4%E5%A2%93,exact,程家沟古墓,https://zh.wikipedia.org/wiki/%E7%A8%8B%E5%AE%B6%E6%B2%9F%E5%8F%A4%E5%A2%93,exact,
7-0602-2-086,定陶王墓地（王陵）,定陶王墓地,https://baike.baidu.com/item/%E5%AE%9A%E9%99%B6%E7%8E%8B%E5%A2%93%E5%9C%B0,related-location,,,,
7-0603-2-087,安丘董家庄汉画像石墓,安丘董家庄汉画像石墓,https://baike.baidu.com/view/4085457.htm,exact,安丘董家庄汉画像石墓,https://zh.wikipedia.org/wiki/%E5%AE%89%E4%B8%98%E8%91%A3%E5%AE%B6%E5%BA%84%E6%B1%89%E7%94%BB%E5%83%8F%E7%9F%B3%E5%A2%93,exact,
7-0604-2-088,留村石墓群,留村石墓群,https://baike.baidu.com/view/9330375.htm,exact,留村石墓群,https://zh.wikipedia.org/wiki/%E7%95%99%E6%9D%91%E7%9F%B3%E5%A2%93%E7%BE%A4,exact,
7-0605-2-089,明德王墓地,明德王墓地,https://baike.baidu.com/item/%E6%98%8E%E5%BE%B7%E7%8E%8B%E5%A2%93%E5%9C%B0,exact,明德王墓地,https://zh.wikipedia.org/wiki/%E6%98%8E%E5%BE%B7%E7%8E%8B%E5%A2%93%E5%9C%B0,exact,
7-0606-2-090,宋庄东周贵族墓地,宋庄东周贵族墓地,https://baike.baidu.com/item/%E5%AE%8B%E5%BA%84%E4%B8%9C%E5%91%A8%E8%B4%B5%E6%97%8F%E5%A2%93%E5%9C%B0,exact,,,,
7-0607-2-091,固岸墓地,固岸墓地,https://baike.baidu.com/item/%E5%9B%BA%E5%B2%B8%E5%A2%93%E5%9C%B0,exact,,,,
7-0608-2-092,苌村汉墓,苌村汉墓,https://baike.baidu.com/view/3237705.htm,exact,,,,
7-0609-2-093,刘崇墓,刘崇墓,https://baike.baidu.com/view/10559544.htm,exact,,,,
7-0610-2-094,后士郭壁画墓,后士郭壁画墓,https://baike.baidu.com/item/%E5%90%8E%E5%A3%AB%E9%83%AD%E5%A3%81%E7%94%BB%E5%A2%93,exact,,,,
7-0611-2-095,徐堌堆墓群,,,,徐堌堆墓群,https://zh.wikipedia.org/wiki/%E5%BE%90%E5%A0%8C%E5%A0%86%E5%A2%93%E7%BE%A4,exact,
7-0612-2-096,洛南东汉帝陵,洛南东汉帝陵,https://baike.baidu.com/view/12109064.htm,exact,洛南东汉帝陵,https://zh.wikipedia.org/wiki/%E6%B4%9B%E5%8D%97%E4%B8%9C%E6%B1%89%E5%B8%9D%E9%99%B5,exact,
7-0613-2-097,安阳高陵,安阳高陵,https://baike.baidu.com/item/%E5%AE%89%E9%98%B3%E9%AB%98%E9%99%B5,exact,,,,
7-0614-2-098,汉献帝禅陵,汉献帝禅陵,https://baike.baidu.com/item/%E6%B1%89%E7%8C%AE%E5%B8%9D%E7%A6%85%E9%99%B5,exact,,,,
7-0615-2-099,魏明帝高平陵,魏明帝高平陵,https://baike.baidu.com/item/%E9%AD%8F%E6%98%8E%E5%B8%9D%E9%AB%98%E5%B9%B3%E9%99%B5,exact,,,,
7-0616-2-100,后晋显陵,后晋显陵,https://baike.baidu.com/item/%E5%90%8E%E6%99%8B%E6%98%BE%E9%99%B5,exact,后晋显陵,https://zh.wikipedia.org/wiki/%E5%90%8E%E6%99%8B%E6%98%BE%E9%99%B5,exact,
7-0617-2-101,后汉皇陵,后汉皇陵,https://baike.baidu.com/item/%E5%90%8E%E6%B1%89%E7%9A%87%E9%99%B5,exact,后汉皇陵,https://zh.wikipedia.org/wiki/%E5%90%8E%E6%B1%89%E7%9A%87%E9%99%B5,exact,
7-0618-2-102,程颐、程颢墓,程颐、程颢墓,https://baike.baidu.com/item/%E7%A8%8B%E9%A2%90%E3%80%81%E7%A8%8B%E9%A2%A2%E5%A2%93,exact,,,,
7-0619-2-103,许衡墓,许衡墓,https://baike.baidu.com/view/413235.htm,exact,,,,
7-0620-2-104,明周王墓,明周王墓,https://baike.baidu.com/item/%E6%98%8E%E5%91%A8%E7%8E%8B%E5%A2%93,exact,明周王墓,https://zh.wikipedia.org/wiki/%E6%98%8E%E5%91%A8%E7%8E%8B%E5%A2%93,exact,
7-0621-2-105,苏家垄墓群,苏家垄墓群,https://baike.baidu.com/item/%E8%8B%8F%E5%AE%B6%E5%9E%84%E5%A2%93%E7%BE%A4,exact,,,,
7-0622-2-106,安乐堰墓群,安乐堰墓群,https://baike.baidu.com/view/10560414.htm,exact,,,,
7-0623-2-107,马山墓群,马山墓群,https://baike.baidu.com/item/%E9%A9%AC%E5%B1%B1%E5%A2%93%E7%BE%A4,exact,,,,
7-0624-2-108,霸王坟墓群,霸王坟墓群,https://baike.baidu.com/item/%E9%9C%B8%E7%8E%8B%E5%9D%9F%E5%A2%93%E7%BE%A4,exact,,,,
7-0625-2-109,腰子仑春秋墓群,腰子仑春秋墓群,https://baike.baidu.com/item/%E8%85%B0%E5%AD%90%E4%BB%91%E6%98%A5%E7%A7%8B%E5%A2%93%E7%BE%A4,exact,,,,
7-0626-2-110,网岭墓群,网岭墓群,https://baike.baidu.com/item/%E7%BD%91%E5%B2%AD%E5%A2%93%E7%BE%A4,exact,,,,
7-0627-2-111,九里楚墓群,九里楚墓群,https://baike.baidu.com/item/%E4%B9%9D%E9%87%8C%E6%A5%9A%E5%A2%93%E7%BE%A4,exact,,,,
7-0628-2-112,里耶麦茶战国墓群,里耶麦茶战国墓群,https://baike.baidu.com/item/%E9%87%8C%E8%80%B6%E9%BA%A6%E8%8C%B6%E6%88%98%E5%9B%BD%E5%A2%93%E7%BE%A4,exact,,,,
7-0629-2-113,骑龙岗古墓群,骑龙岗古墓群,https://baike.baidu.com/item/%E9%AA%91%E9%BE%99%E5%B2%97%E5%8F%A4%E5%A2%93%E7%BE%A4,exact,骑龙岗古墓群,https://zh.wikipedia.org/wiki/%E9%AA%91%E9%BE%99%E5%B2%97%E5%8F%A4%E5%A2%93%E7%BE%A4,exact,
7-0630-2-114,义帝陵,义帝陵,https://baike.baidu.com/view/478020.htm,exact,义帝陵,https://zh.wikipedia.org/wiki/%E4%B9%89%E5%B8%9D%E9%99%B5,exact,
7-0631-2-115,马王堆汉墓,马王堆汉墓,https://baike.baidu.com/subview/48966/20537739.htm,exact,马王堆汉墓,https://zh.wikipedia.org/wiki/%E9%A9%AC%E7%8E%8B%E5%A0%86%E6%B1%89%E5%A2%93,exact,
7-0632-2-116,汉代长沙王陵墓群,汉代长沙王陵墓群,https://baike.baidu.com/item/%E6%B1%89%E4%BB%A3%E9%95%BF%E6%B2%99%E7%8E%8B%E9%99%B5%E5%A2%93%E7%BE%A4,exact,汉代长沙王陵墓群,https://zh.wikipedia.org/wiki/%E6%B1%89%E4%BB%A3%E9%95%BF%E6%B2%99%E7%8E%8B%E9%99%B5%E5%A2%93%E7%BE%A4,exact,
7-0633-2-117,青山崖墓群,青山崖墓群,https://baike.baidu.com/view/8015251.htm,exact,,,,
7-0634-2-118,南禅湾晋墓群,南禅湾晋墓群,https://baike.baidu.com/item/%E5%8D%97%E7%A6%85%E6%B9%BE%E6%99%8B%E5%A2%93%E7%BE%A4,exact,南禅湾晋墓群,https://zh.wikipedia.org/wiki/%E5%8D%97%E7%A6%85%E6%B9%BE%E6%99%8B%E5%A2%93%E7%BE%A4,exact,
7-0635-2-119,龙窖山堆石墓群,龙窖山堆石墓群,https://baike.baidu.com/item/%E9%BE%99%E7%AA%96%E5%B1%B1%E5%A0%86%E7%9F%B3%E5%A2%93%E7%BE%A4,exact,龙窖山堆石墓群,https://zh.wikipedia.org/wiki/%E9%BE%99%E7%AA%96%E5%B1%B1%E5%A0%86%E7%9F%B3%E5%A2%93%E7%BE%A4,exact,
7-0636-2-120,张南轩墓（含张浚墓）,张南轩墓,https://baike.baidu.com/item/%E5%BC%A0%E5%8D%97%E8%BD%A9%E5%A2%93,related-location,,,,
7-0637-2-121,陶澍墓,陶澍墓,https://baike.baidu.com/item/%E9%99%B6%E6%BE%8D%E5%A2%93,exact,陶澍墓,https://zh.wikipedia.org/wiki/%E9%99%B6%E6%BE%8D%E5%A2%93,exact,
7-0638-2-122,曾国藩墓,曾国藩墓,https://baike.baidu.com/view/441234.htm,exact,曾国藩墓,https://zh.wikipedia.org/wiki/%E6%9B%BE%E5%9B%BD%E8%97%A9%E5%A2%93,exact,
7-0639-2-123,隋谯国夫人冼氏墓,隋谯国夫人冼氏墓,https://baike.baidu.com/view/10014401.htm,exact,隋谯国夫人冼氏墓,https://zh.wikipedia.org/wiki/%E9%9A%8B%E8%B0%AF%E5%9B%BD%E5%A4%AB%E4%BA%BA%E5%86%BC%E6%B0%8F%E5%A2%93,exact,
7-0640-2-124,清真先贤古墓,清真先贤古墓,https://baike.baidu.com/view/164238.htm,exact,清真先贤古墓,https://zh.wikipedia.org/wiki/%E6%B8%85%E7%9C%9F%E5%85%88%E8%B4%A4%E5%8F%A4%E5%A2%93,exact,
7-0641-2-125,唐氏墓群,唐氏墓群,https://baike.baidu.com/view/10575512.htm,exact,唐氏墓群,https://zh.wikipedia.org/wiki/%E5%94%90%E6%B0%8F%E5%A2%93%E7%BE%A4,exact,
7-0642-2-126,凤腾山古墓群,凤腾山古墓群,https://baike.baidu.com/item/%E5%87%A4%E8%85%BE%E5%B1%B1%E5%8F%A4%E5%A2%93%E7%BE%A4,exact,,,,
7-0643-2-127,荆竹坝岩棺群,荆竹坝岩棺群,https://baike.baidu.com/item/%E8%8D%86%E7%AB%B9%E5%9D%9D%E5%B2%A9%E6%A3%BA%E7%BE%A4,exact,荆竹坝岩棺群,https://zh.wikipedia.org/wiki/%E8%8D%86%E7%AB%B9%E5%9D%9D%E5%B2%A9%E6%A3%BA%E7%BE%A4,exact,
7-0644-2-128,汇南墓群,汇南墓群,https://baike.baidu.com/item/%E6%B1%87%E5%8D%97%E5%A2%93%E7%BE%A4,exact,,,,
7-0645-2-129,青川郝家坪战国墓群,青川郝家坪战国墓群,https://baike.baidu.com/view/12877587.htm,exact,,,,
7-0646-2-130,河边九龙山崖墓群,河边九龙山崖墓群,https://baike.baidu.com/item/%E6%B2%B3%E8%BE%B9%E4%B9%9D%E9%BE%99%E5%B1%B1%E5%B4%96%E5%A2%93%E7%BE%A4,exact,,,,
7-0647-2-131,合江崖墓群,合江崖墓群,https://baike.baidu.com/item/%E5%90%88%E6%B1%9F%E5%B4%96%E5%A2%93%E7%BE%A4,exact,合江崖墓群,https://zh.wikipedia.org/wiki/%E5%90%88%E6%B1%9F%E5%B4%96%E5%A2%93%E7%BE%A4,exact,
7-0648-2-132,顺河崖墓群,顺河崖墓群,https://baike.baidu.com/item/%E9%A1%BA%E6%B2%B3%E5%B4%96%E5%A2%93%E7%BE%A4,exact,,,,
7-0649-2-133,铁佛寺崖墓群,铁佛寺崖墓群,https://baike.baidu.com/view/9271265.htm,exact,,,,
7-0650-2-134,七个洞崖墓群,七个洞崖墓群,https://baike.baidu.com/item/%E4%B8%83%E4%B8%AA%E6%B4%9E%E5%B4%96%E5%A2%93%E7%BE%A4,exact,,,,
7-0651-2-135,罗盘嘴墓群,罗盘嘴墓群,https://baike.baidu.com/item/%E7%BD%97%E7%9B%98%E5%98%B4%E5%A2%93%E7%BE%A4,exact,,,,
7-0652-2-136,南广河流域崖墓群及石刻,南广河流域崖墓群及石刻,https://baike.baidu.com/item/%E5%8D%97%E5%B9%BF%E6%B2%B3%E6%B5%81%E5%9F%9F%E5%B4%96%E5%A2%93%E7%BE%A4%E5%8F%8A%E7%9F%B3%E5%88%BB,exact,,,,
7-0653-2-137,务川大坪墓群,务川大坪墓群,https://baike.baidu.com/item/%E5%8A%A1%E5%B7%9D%E5%A4%A7%E5%9D%AA%E5%A2%93%E7%BE%A4,exact,,,,
7-0654-2-138,兴义万屯墓群,兴义万屯墓群,https://baike.baidu.com/item/%E5%85%B4%E4%B9%89%E4%B8%87%E5%B1%AF%E5%A2%93%E7%BE%A4,exact,,,,
7-0655-2-139,平坝棺材洞,平坝棺材洞,https://baike.baidu.com/item/%E5%B9%B3%E5%9D%9D%E6%A3%BA%E6%9D%90%E6%B4%9E,exact,,,,
7-0656-2-140,惠水仙人桥洞葬,惠水仙人桥洞葬,https://baike.baidu.com/item/%E6%83%A0%E6%B0%B4%E4%BB%99%E4%BA%BA%E6%A1%A5%E6%B4%9E%E8%91%AC,exact,,,,
7-0657-2-141,黔南水族墓群,黔南水族墓群,https://baike.baidu.com/item/%E9%BB%94%E5%8D%97%E6%B0%B4%E6%97%8F%E5%A2%93%E7%BE%A4,exact,,,,
7-0658-2-142,小冲墓群,小冲墓群,https://baike.baidu.com/item/%E5%B0%8F%E5%86%B2%E5%A2%93%E7%BE%A4,exact,,,,
7-0659-2-143,明十八先生墓,明十八先生墓,https://baike.baidu.com/view/41636.htm,exact,,,,
7-0660-2-144,万家坝古墓群,万家坝古墓群,https://baike.baidu.com/view/672749.htm,exact,万家坝古墓群,https://zh.wikipedia.org/wiki/%E4%B8%87%E5%AE%B6%E5%9D%9D%E5%8F%A4%E5%A2%93%E7%BE%A4,exact,
7-0661-2-145,金莲山、学山遗址群,金莲山、学山遗址群,https://baike.baidu.com/item/%E9%87%91%E8%8E%B2%E5%B1%B1%E3%80%81%E5%AD%A6%E5%B1%B1%E9%81%97%E5%9D%80%E7%BE%A4,exact,,,,
7-0662-2-146,罗汉山古墓群,罗汉山古墓群,https://baike.baidu.com/view/10601987.htm,exact,,,,
7-0663-2-147,瓦石悬棺,瓦石悬棺,https://baike.baidu.com/item/%E7%93%A6%E7%9F%B3%E6%82%AC%E6%A3%BA,exact,,,,
7-0664-2-148,顺荡火葬墓群,顺荡火葬墓群,https://baike.baidu.com/view/10602657.htm,exact,顺荡火葬墓群,https://zh.wikipedia.org/wiki/%E9%A1%BA%E8%8D%A1%E7%81%AB%E8%91%AC%E5%A2%93%E7%BE%A4,exact,
7-0665-2-149,窦皇后陵,,,,汉霸陵,https://zh.wikipedia.org/wiki/%E6%BC%A2%E9%9C%B8%E9%99%B5,manual,漢霸陵 | https://zh.wikipedia.org/wiki/%E6%BC%A2%E9%9C%B8%E9%99%B5 | different-title
7-0666-2-150,凤栖原西汉家族墓地,,,,凤栖原西汉家族墓地,https://zh.wikipedia.org/wiki/%E5%87%A4%E6%A0%96%E5%8E%9F%E8%A5%BF%E6%B1%89%E5%AE%B6%E6%97%8F%E5%A2%93%E5%9C%B0,exact,
7-0667-2-151,汉云陵,,,,汉云陵,https://zh.wikipedia.org/wiki/%E6%B1%89%E4%BA%91%E9%99%B5,exact,
7-0668-2-152,走马梁汉墓群,走马梁汉墓群,https://baike.baidu.com/item/%E8%B5%B0%E9%A9%AC%E6%A2%81%E6%B1%89%E5%A2%93%E7%BE%A4,exact,,,,
7-0669-2-153,薄太后陵,薄太后陵,https://baike.baidu.com/view/4033948.htm,exact,薄太后陵,https://zh.wikipedia.org/wiki/%E8%96%84%E5%A4%AA%E5%90%8E%E9%99%B5,exact,
7-0670-2-154,杨桥畔汉代城址与墓地,,,,杨桥畔汉代城址与墓地,https://zh.wikipedia.org/wiki/%E6%9D%A8%E6%A1%A5%E7%95%94%E6%B1%89%E4%BB%A3%E5%9F%8E%E5%9D%80%E4%B8%8E%E5%A2%93%E5%9C%B0,exact,
7-0671-2-155,商洛崖墓群,商洛崖墓群,https://baike.baidu.com/item/%E5%95%86%E6%B4%9B%E5%B4%96%E5%A2%93%E7%BE%A4/22937676,manual,,,,商洛市 | https://zh.wikipedia.org/wiki/%E5%95%86%E6%B4%9B%E5%B8%82 | different-title
7-0672-2-156,永垣陵,永垣陵,https://baike.baidu.com/view/5988327.htm,exact,永垣陵,https://zh.wikipedia.org/wiki/%E6%B0%B8%E5%9E%A3%E9%99%B5,exact,
7-0673-2-157,北周成陵,北周成陵,https://baike.baidu.com/view/2777538.htm,exact,成陵 (北周),https://zh.wikipedia.org/wiki/%E6%88%90%E9%99%B5_(%E5%8C%97%E5%91%A8),redirect,
7-0674-2-158,李重俊墓,李重俊墓,https://baike.baidu.com/item/%E6%9D%8E%E9%87%8D%E4%BF%8A%E5%A2%93/3529860,manual,,,,李重俊 | https://zh.wikipedia.org/wiki/%E6%9D%8E%E9%87%8D%E4%BF%8A | related-unconfirmed
7-0675-2-159,唐惠陵,,,,唐惠陵,https://zh.wikipedia.org/wiki/%E5%94%90%E6%83%A0%E9%99%B5,exact,
7-0676-2-160,兴宁陵,,,,兴宁陵（唐）,https://zh.wikipedia.org/wiki/%E8%88%88%E5%AF%A7%E9%99%B5_%28%E5%94%90%29,manual,劉翹 | https://zh.wikipedia.org/wiki/%E5%8A%89%E7%BF%B9 | different-title
7-0677-2-161,永康陵,永康陵,https://baike.baidu.com/view/79795.htm,exact,永康陵,https://zh.wikipedia.org/wiki/%E6%B0%B8%E5%BA%B7%E9%99%B5,exact,
7-0678-2-162,李茂贞墓,李茂贞墓,https://baike.baidu.com/view/11522202.htm,exact,,,,
7-0679-2-163,蓝田吕氏家族墓地,蓝田吕氏家族墓地,https://baike.baidu.com/view/3172744.htm,exact,蓝田吕氏家族墓地,https://zh.wikipedia.org/wiki/%E8%93%9D%E7%94%B0%E5%90%95%E6%B0%8F%E5%AE%B6%E6%97%8F%E5%A2%93%E5%9C%B0,exact,
7-0680-2-164,宁强羌人墓地,宁强羌人墓地,https://baike.baidu.com/item/%E5%AE%81%E5%BC%BA%E7%BE%8C%E4%BA%BA%E5%A2%93%E5%9C%B0/19824777,manual,,,,宁强县各级文物保护单位列表 | https://zh.wikipedia.org/wiki/%E5%AE%81%E5%BC%BA%E5%8E%BF%E5%90%84%E7%BA%A7%E6%96%87%E7%89%A9%E4%BF%9D%E6%8A%A4%E5%8D%95%E4%BD%8D%E5%88%97%E8%A1%A8 | empty
7-0681-2-165,李氏家族墓地,,,,李氏家族墓地,https://zh.wikipedia.org/wiki/%E6%9D%8E%E6%B0%8F%E5%AE%B6%E6%97%8F%E5%A2%93%E5%9C%B0,exact,
7-0682-2-166,磨咀子和五坝山墓群,磨咀子和五坝山墓群,https://baike.baidu.com/item/%E7%A3%A8%E5%92%80%E5%AD%90%E5%92%8C%E4%BA%94%E5%9D%9D%E5%B1%B1%E5%A2%93%E7%BE%A4,exact,,,,
7-0683-2-167,放马滩墓群,放马滩墓群,https://baike.baidu.com/view/11643193.htm,exact,放马滩墓群,https://zh.wikipedia.org/wiki/%E6%94%BE%E9%A9%AC%E6%BB%A9%E5%A2%93%E7%BE%A4,exact,
7-0684-2-168,甲子墩墓群,甲子墩墓群,https://baike.baidu.com/view/11578224.htm,exact,甲子墩墓群,https://zh.wikipedia.org/wiki/%E7%94%B2%E5%AD%90%E5%A2%A9%E5%A2%93%E7%BE%A4,exact,
7-0685-2-169,旱滩坡墓群,,,,旱滩坡墓群,https://zh.wikipedia.org/wiki/%E6%97%B1%E6%BB%A9%E5%9D%A1%E5%A2%93%E7%BE%A4,exact,
7-0686-2-170,踏实墓群,踏实墓群,https://baike.baidu.com/view/11643182.htm,exact,踏实墓群,https://zh.wikipedia.org/wiki/%E8%B8%8F%E5%AE%9E%E5%A2%93%E7%BE%A4,exact,
7-0687-2-171,高昌王和西宁王墓,高昌王和西宁王墓,https://baike.baidu.com/view/11643186.htm,exact,,,,
7-0688-2-172,杂涅墓群,杂涅墓群,https://baike.baidu.com/item/%E6%9D%82%E6%B6%85%E5%A2%93%E7%BE%A4/24266150,manual,,,,伏俟城 | https://zh.wikipedia.org/wiki/%E4%BC%8F%E4%BF%9F%E5%9F%8E | different-title
7-0689-2-173,玉树古墓群,玉树古墓群,https://baike.baidu.com/item/%E7%8E%89%E6%A0%91%E5%8F%A4%E5%A2%93%E7%BE%A4/19855623,manual,,,,玉树藏族自治州 | https://zh.wikipedia.org/wiki/%E7%8E%89%E6%A0%91%E8%97%8F%E6%97%8F%E8%87%AA%E6%B2%BB%E5%B7%9E | different-title
7-0690-2-174,街子拱北,街子拱北,https://baike.baidu.com/item/%E8%A1%97%E5%AD%90%E6%8B%B1%E5%8C%97,exact,街子拱北,https://zh.wikipedia.org/wiki/%E8%A1%97%E5%AD%90%E6%8B%B1%E5%8C%97,exact,
7-0691-2-175,固原北朝隋唐墓地,固原北朝隋唐墓地,https://baike.baidu.com/item/%E5%9B%BA%E5%8E%9F%E5%8C%97%E6%9C%9D%E9%9A%8B%E5%94%90%E5%A2%93%E5%9C%B0,exact,固原北朝隋唐墓地,https://zh.wikipedia.org/wiki/%E5%9B%BA%E5%8E%9F%E5%8C%97%E6%9C%9D%E9%9A%8B%E5%94%90%E5%A2%93%E5%9C%B0,exact,
7-0692-2-176,窨子梁唐墓,窨子梁唐墓,https://baike.baidu.com/item/%E7%AA%A8%E5%AD%90%E6%A2%81%E5%94%90%E5%A2%93,exact,窨子梁唐墓,https://zh.wikipedia.org/wiki/%E7%AA%A8%E5%AD%90%E6%A2%81%E5%94%90%E5%A2%93,exact,
7-0693-2-177,小河墓地,,,,小河墓地,https://zh.wikipedia.org/wiki/%E5%B0%8F%E6%B2%B3%E5%A2%93%E5%9C%B0,exact,
7-0694-2-178,阔科克古墓群,阔科克古墓群,https://baike.baidu.com/item/%E9%98%94%E7%A7%91%E5%85%8B%E5%8F%A4%E5%A2%93%E7%BE%A4/24266196,manual,,,,阿斯塔那古墓群 | https://zh.wikipedia.org/wiki/%E9%98%BF%E6%96%AF%E5%A1%94%E9%82%A3%E5%8F%A4%E5%A2%93%E7%BE%A4 | different-title
7-0695-2-179,拜其尔墓地,拜其尔墓地,https://baike.baidu.com/item/%E6%8B%9C%E5%85%B6%E5%B0%94%E5%A2%93%E5%9C%B0,exact,,,,
7-0696-2-180,大喀纳斯景区墓葬群,大喀纳斯景区墓葬群,https://baike.baidu.com/item/%E5%A4%A7%E5%96%80%E7%BA%B3%E6%96%AF%E6%99%AF%E5%8C%BA%E5%A2%93%E8%91%AC%E7%BE%A4,exact,,,,
7-0697-2-181,赛里木湖古墓群,赛里木湖古墓群,https://baike.baidu.com/item/%E8%B5%9B%E9%87%8C%E6%9C%A8%E6%B9%96%E5%8F%A4%E5%A2%93%E7%BE%A4/24267847,manual,,,,
7-0698-2-182,阿日夏特科克石围及石堆墓群,阿日夏特科克石围及石堆墓群,https://baike.baidu.com/item/%E9%98%BF%E6%97%A5%E5%A4%8F%E7%89%B9%E7%A7%91%E5%85%8B%E7%9F%B3%E5%9B%B4%E5%8F%8A%E7%9F%B3%E5%A0%86%E5%A2%93%E7%BE%A4/24266206,manual,,,,三海子古墓 | https://zh.wikipedia.org/wiki/%E4%B8%89%E6%B5%B7%E5%AD%90%E5%8F%A4%E5%A2%93 | different-title
7-0699-2-183,阿敦乔鲁石栅古墓群及岩画群,阿敦乔鲁石栅古墓群及岩画群,https://baike.baidu.com/item/%E9%98%BF%E6%95%A6%E4%B9%94%E9%B2%81%E7%9F%B3%E6%A0%85%E5%8F%A4%E5%A2%93%E7%BE%A4%E5%8F%8A%E5%B2%A9%E7%94%BB%E7%BE%A4,exact,,,,
7-0700-2-184,库车友谊路墓群,,,,库车友谊路墓群,https://zh.wikipedia.org/wiki/%E5%BA%93%E8%BD%A6%E5%8F%8B%E8%B0%8A%E8%B7%AF%E5%A2%93%E7%BE%A4,exact,
7-0701-2-185,小洪纳海石人墓,,,,小洪纳海石人墓,https://zh.wikipedia.org/wiki/%E5%B0%8F%E6%B4%AA%E7%BA%B3%E6%B5%B7%E7%9F%B3%E4%BA%BA%E5%A2%93,exact,
7-0702-2-186,默拉纳额什丁麻扎,,,,默拉纳额什丁麻扎,https://zh.wikipedia.org/wiki/%E9%BB%98%E6%8B%89%E7%BA%B3%E9%A2%9D%E4%BB%80%E4%B8%81%E9%BA%BB%E6%89%8E,search-exact,
7-0703-3-001,良乡多宝佛塔,良乡多宝佛塔,https://baike.baidu.com/view/11617002.htm,exact,,,,
7-0704-3-002,镇岗塔,镇岗塔,https://baike.baidu.com/view/137799.htm,exact,,,,
7-0705-3-003,灵岳寺,灵岳寺,https://baike.baidu.com/view/1112800.htm,exact,,,,
7-0706-3-004,万松老人塔,,,,万松老人塔,https://zh.wikipedia.org/wiki/%E4%B8%87%E6%9D%BE%E8%80%81%E4%BA%BA%E5%A1%94,exact,
7-0707-3-005,明北京城城墙遗存,,,,北京城墙,https://zh.wikipedia.org/wiki/%E5%8C%97%E4%BA%AC%E5%9F%8E%E5%A2%99,manual,正阳门 | https://zh.wikipedia.org/wiki/%E6%AD%A3%E9%98%B3%E9%97%A8 | different-title
7-0708-3-006,姚广孝墓塔,姚广孝墓塔,https://baike.baidu.com/view/442308.htm,exact,姚广孝墓塔,https://zh.wikipedia.org/wiki/%E5%A7%9A%E5%B9%BF%E5%AD%9D%E5%A2%93%E5%A1%94,exact,
7-0709-3-007,摩诃庵,摩诃庵,https://baike.baidu.com/view/442299.htm,exact,摩诃庵,https://zh.wikipedia.org/wiki/%E6%91%A9%E8%AF%83%E5%BA%B5,exact,
7-0710-3-008,琉璃河大桥,琉璃河大桥,https://baike.baidu.com/view/174013.htm,exact,,,,
7-0711-3-009,慈寿寺塔,,,,慈寿寺塔,https://zh.wikipedia.org/wiki/%E6%85%88%E5%AF%BF%E5%AF%BA%E5%A1%94,exact,
7-0712-3-010,文天祥祠,,,,文天祥祠,https://zh.wikipedia.org/wiki/%E6%96%87%E5%A4%A9%E7%A5%A5%E7%A5%A0,exact,
7-0713-3-011,普度寺,普度寺,https://baike.baidu.com/subview/342102/7730576.htm,exact,,,,
7-0714-3-012,克勤郡王府,克勤郡王府,https://baike.baidu.com/view/174396.htm,exact,克勤郡王府,https://zh.wikipedia.org/wiki/%E5%85%8B%E5%8B%A4%E9%83%A1%E7%8E%8B%E5%BA%9C,exact,
7-0715-3-013,蓟县白塔,蓟县白塔,https://baike.baidu.com/view/37788.htm,exact,,,,
7-0716-3-014,天后宫,,,,天津天后宫,https://zh.wikipedia.org/wiki/%E5%A4%A9%E6%B4%A5%E5%A4%A9%E5%90%8E%E5%AE%AB,manual,鹿港天后宮 | https://zh.wikipedia.org/wiki/%E9%B9%BF%E6%B8%AF%E5%A4%A9%E5%90%8E%E5%AE%AE | different-title
7-0717-3-015,天尊阁,,,,天尊阁,https://zh.wikipedia.org/wiki/%E5%A4%A9%E5%B0%8A%E9%98%81,exact,
7-0718-3-016,李纯祠堂,李纯祠堂,https://baike.baidu.com/view/73304.htm,exact,,,,
7-0719-3-017,张家口堡,张家口堡,https://baike.baidu.com/view/7103020.htm,exact,张家口堡,https://zh.wikipedia.org/wiki/%E5%BC%A0%E5%AE%B6%E5%8F%A3%E5%A0%A1,exact,
7-0720-3-018,南贾乡石塔,南贾乡石塔,https://baike.baidu.com/view/10583503.htm,exact,南贾乡石塔,https://zh.wikipedia.org/wiki/%E5%8D%97%E8%B4%BE%E4%B9%A1%E7%9F%B3%E5%A1%94,exact,
7-0721-3-019,佛真猞猁迤逻尼塔,,,,佛真猞猁迤逻尼塔,https://zh.wikipedia.org/wiki/%E4%BD%9B%E7%9C%9F%E7%8C%9E%E7%8C%81%E8%BF%A4%E9%80%BB%E5%B0%BC%E5%A1%94,exact,
7-0722-3-020,大辛阁石塔,,,,大辛阁石塔,https://zh.wikipedia.org/wiki/%E5%A4%A7%E8%BE%9B%E9%98%81%E7%9F%B3%E5%A1%94,exact,
7-0723-3-021,永安寺塔,永安寺塔,https://baike.baidu.com/view/2251178.htm,exact,,,,
7-0724-3-022,伍侯塔,伍侯塔,https://baike.baidu.com/view/961617.htm,exact,伍侯塔,https://zh.wikipedia.org/wiki/%E4%BC%8D%E4%BE%AF%E5%A1%94,exact,
7-0725-3-023,澍鹫寺塔,澍鹫寺塔,https://baike.baidu.com/view/3917339.htm,exact,,,,
7-0726-3-024,玉泉寺大殿,玉泉寺大殿,https://baike.baidu.com/view/1029144.htm,exact,,,,
7-0727-3-025,开化寺塔,开化寺塔,https://baike.baidu.com/view/10606359.htm,exact,开化寺塔,https://zh.wikipedia.org/wiki/%E5%BC%80%E5%8C%96%E5%AF%BA%E5%A1%94,exact,
7-0728-3-026,双塔庵双塔,双塔庵双塔,https://baike.baidu.com/item/%E5%8F%8C%E5%A1%94%E5%BA%B5%E5%8F%8C%E5%A1%94,exact,双塔庵双塔,https://zh.wikipedia.org/wiki/%E5%8F%8C%E5%A1%94%E5%BA%B5%E5%8F%8C%E5%A1%94,exact,
7-0729-3-027,皇甫寺塔,皇甫寺塔,https://baike.baidu.com/view/1314575.htm,exact,,,,
7-0730-3-028,半截塔,半截塔,https://baike.baidu.com/view/484797.htm,exact,半截塔,https://zh.wikipedia.org/wiki/%E5%8D%8A%E6%88%AA%E5%A1%94,exact,
7-0731-3-029,金山寺舍利塔,金山寺舍利塔,https://baike.baidu.com/view/10628624.htm,exact,,,,
7-0732-3-030,天宁寺前殿,天宁寺前殿,https://baike.baidu.com/item/%E5%A4%A9%E5%AE%81%E5%AF%BA%E5%89%8D%E6%AE%BF,exact,,,,
7-0733-3-031,常乐龙王庙正殿,常乐龙王庙正殿,https://baike.baidu.com/view/14189114.htm,exact,常乐龙王庙正殿,https://zh.wikipedia.org/wiki/%E5%B8%B8%E4%B9%90%E9%BE%99%E7%8E%8B%E5%BA%99%E6%AD%A3%E6%AE%BF,exact,
7-0734-3-032,平乡文庙大成殿,平乡文庙大成殿,https://baike.baidu.com/view/10175153.htm,exact,,,,
7-0735-3-033,金河寺悬空庵塔群,金河寺悬空庵塔群,https://baike.baidu.com/view/10612292.htm,exact,,,,
7-0736-3-034,定州清真寺,定州清真寺,https://baike.baidu.com/view/1516960.htm,exact,定州清真寺,https://zh.wikipedia.org/wiki/%E5%AE%9A%E5%B7%9E%E6%B8%85%E7%9C%9F%E5%AF%BA,exact,
7-0737-3-035,九江圣母庙,九江圣母庙,https://baike.baidu.com/view/1029145.htm,exact,九江圣母庙,https://zh.wikipedia.org/wiki/%E4%B9%9D%E6%B1%9F%E5%9C%A3%E6%AF%8D%E5%BA%99,exact,
7-0738-3-036,灵寿石牌坊,灵寿石牌坊,https://baike.baidu.com/view/10606367.htm,exact,,,,
7-0739-3-037,蔚县关帝庙,蔚县关帝庙,https://baike.baidu.com/view/10612302.htm,exact,,,,
7-0740-3-038,天齐庙,天齐庙,https://baike.baidu.com/subview/297338/8281548.htm,exact,,,,
7-0741-3-039,蔚州古城墙,蔚州古城墙,https://baike.baidu.com/view/10612319.htm,exact,,,,
7-0742-3-040,故城寺,故城寺,https://baike.baidu.com/view/10978475.htm,exact,故城寺,https://zh.wikipedia.org/wiki/%E6%95%85%E5%9F%8E%E5%AF%BA,exact,
7-0743-3-041,重光塔,重光塔,https://baike.baidu.com/view/1314571.htm,exact,,,,
7-0744-3-042,永平府城墙,永平府城墙,https://baike.baidu.com/item/%E6%B0%B8%E5%B9%B3%E5%BA%9C%E5%9F%8E%E5%A2%99,exact,永平府城墙,https://zh.wikipedia.org/wiki/%E6%B0%B8%E5%B9%B3%E5%BA%9C%E5%9F%8E%E5%A2%99,exact,
7-0745-3-043,下胡良桥,下胡良桥,https://baike.baidu.com/view/10559747.htm,exact,下胡良桥,https://zh.wikipedia.org/wiki/%E4%B8%8B%E8%83%A1%E8%89%AF%E6%A1%A5,exact,
7-0746-3-044,普彤塔,普彤塔,https://baike.baidu.com/view/119732.htm,exact,普彤塔,https://zh.wikipedia.org/wiki/%E6%99%AE%E5%BD%A4%E5%A1%94,exact,
7-0747-3-045,滏阳河西八闸,滏阳河西八闸,https://baike.baidu.com/view/1029119.htm,exact,,,,
7-0748-3-046,天青寺大殿,天青寺大殿,https://baike.baidu.com/view/1030547.htm,exact,天青寺大殿,https://zh.wikipedia.org/wiki/%E5%A4%A9%E9%9D%92%E5%AF%BA%E5%A4%A7%E6%AE%BF,exact,
7-0749-3-047,保定钟楼,保定钟楼,https://baike.baidu.com/view/1096142.htm,exact,保定钟楼,https://zh.wikipedia.org/wiki/%E4%BF%9D%E5%AE%9A%E9%92%9F%E6%A5%BC,exact,
7-0750-3-048,正定城墙,正定城墙,https://baike.baidu.com/item/%E6%AD%A3%E5%AE%9A%E5%9F%8E%E5%A2%99,exact,,,,
7-0751-3-049,宣化柏林寺,宣化柏林寺,https://baike.baidu.com/view/10612349.htm,exact,宣化柏林寺,https://zh.wikipedia.org/wiki/%E5%AE%A3%E5%8C%96%E6%9F%8F%E6%9E%97%E5%AF%BA,exact,
7-0752-3-050,卜北堡玉泉寺,卜北堡玉泉寺,https://baike.baidu.com/item/%E5%8D%9C%E5%8C%97%E5%A0%A1%E7%8E%89%E6%B3%89%E5%AF%BA,exact,卜北堡玉泉寺,https://zh.wikipedia.org/wiki/%E5%8D%9C%E5%8C%97%E5%A0%A1%E7%8E%89%E6%B3%89%E5%AF%BA,exact,
7-0753-3-051,方顺桥,方顺桥,https://baike.baidu.com/view/3962963.htm,exact,方顺桥,https://zh.wikipedia.org/wiki/%E6%96%B9%E9%A1%BA%E6%A1%A5,exact,
7-0754-3-052,登瀛桥,登瀛桥,https://baike.baidu.com/subview/236765/17257446.htm,exact,,,,
7-0755-3-053,洗马林城墙,洗马林城墙,https://baike.baidu.com/view/10613367.htm,exact,洗马林城墙,https://zh.wikipedia.org/wiki/%E6%B4%97%E9%A9%AC%E6%9E%97%E5%9F%8E%E5%A2%99,exact,
7-0756-3-054,黄粱梦吕仙祠,黄粱梦吕仙祠,https://baike.baidu.com/view/379988.htm,exact,,,,
7-0757-3-055,井陉旧城城墙,井陉旧城城墙,https://baike.baidu.com/item/%E4%BA%95%E9%99%89%E6%97%A7%E5%9F%8E%E5%9F%8E%E5%A2%99,exact,井陉旧城城墙,https://zh.wikipedia.org/wiki/%E4%BA%95%E9%99%89%E6%97%A7%E5%9F%8E%E5%9F%8E%E5%A2%99,exact,
7-0758-3-056,沙子坡老君观,沙子坡老君观,https://baike.baidu.com/view/10613373.htm,exact,沙子坡老君观,https://zh.wikipedia.org/wiki/%E6%B2%99%E5%AD%90%E5%9D%A1%E8%80%81%E5%90%9B%E8%A7%82,exact,
7-0759-3-057,蔚县重泰寺,蔚县重泰寺,https://baike.baidu.com/item/%E8%94%9A%E5%8E%BF%E9%87%8D%E6%B3%B0%E5%AF%BA,exact,,,,
7-0760-3-058,定州文庙,定州文庙,https://baike.baidu.com/view/1516954.htm,exact,定州文庙,https://zh.wikipedia.org/wiki/%E5%AE%9A%E5%B7%9E%E6%96%87%E5%BA%99,exact,
7-0761-3-059,衡水安济桥,衡水安济桥,https://baike.baidu.com/view/4732186.htm,exact,,,,
7-0762-3-060,凤山关帝庙,凤山关帝庙,https://baike.baidu.com/view/10614393.htm,exact,凤山关帝庙,https://zh.wikipedia.org/wiki/%E5%87%A4%E5%B1%B1%E5%85%B3%E5%B8%9D%E5%BA%99,exact,
7-0763-3-061,淮军公所,淮军公所,https://baike.baidu.com/view/1096185.htm,exact,淮军公所,https://zh.wikipedia.org/wiki/%E6%B7%AE%E5%86%9B%E5%85%AC%E6%89%80,exact,
7-0764-3-062,清河道署,清河道署,https://baike.baidu.com/view/2310115.htm,exact,,,,
7-0765-3-063,深州盈亿义仓,深州盈亿义仓,https://baike.baidu.com/view/1017649.htm,exact,,,,
7-0766-3-064,郎寨砖塔,郎寨砖塔,https://baike.baidu.com/item/%E9%83%8E%E5%AF%A8%E7%A0%96%E5%A1%94,exact,,,,
7-0767-3-065,先师和尚舍利塔,先师和尚舍利塔,https://baike.baidu.com/item/%E5%85%88%E5%B8%88%E5%92%8C%E5%B0%9A%E8%88%8D%E5%88%A9%E5%A1%94,exact,先师和尚舍利塔,https://zh.wikipedia.org/wiki/%E5%85%88%E5%B8%88%E5%92%8C%E5%B0%9A%E8%88%8D%E5%88%A9%E5%A1%94,exact,
7-0768-3-066,小张碧云寺大殿,小张碧云寺大殿,https://baike.baidu.com/item/%E5%B0%8F%E5%BC%A0%E7%A2%A7%E4%BA%91%E5%AF%BA%E5%A4%A7%E6%AE%BF,exact,小张碧云寺大殿,https://zh.wikipedia.org/wiki/%E5%B0%8F%E5%BC%A0%E7%A2%A7%E4%BA%91%E5%AF%BA%E5%A4%A7%E6%AE%BF,exact,
7-0769-3-067,北阳城砖塔,北阳城砖塔,https://baike.baidu.com/view/1948579.htm,exact,北阳城砖塔,https://zh.wikipedia.org/wiki/%E5%8C%97%E9%98%B3%E5%9F%8E%E7%A0%96%E5%A1%94,exact,
7-0770-3-068,巷口寿圣寺砖塔,巷口寿圣寺砖塔,https://baike.baidu.com/item/%E5%B7%B7%E5%8F%A3%E5%AF%BF%E5%9C%A3%E5%AF%BA%E7%A0%96%E5%A1%94,exact,,,,
7-0771-3-069,闾原头永兴寺塔,闾原头永兴寺塔,https://baike.baidu.com/item/%E9%97%BE%E5%8E%9F%E5%A4%B4%E6%B0%B8%E5%85%B4%E5%AF%BA%E5%A1%94,exact,,,,
7-0772-3-070,张村圣庵寺塔,张村圣庵寺塔,https://baike.baidu.com/item/%E5%BC%A0%E6%9D%91%E5%9C%A3%E5%BA%B5%E5%AF%BA%E5%A1%94,exact,,,,
7-0773-3-071,万荣稷王山塔,万荣稷王山塔,https://baike.baidu.com/item/%E4%B8%87%E8%8D%A3%E7%A8%B7%E7%8E%8B%E5%B1%B1%E5%A1%94,exact,,,,
7-0774-3-072,中里庄八龙寺塔,中里庄八龙寺塔,https://baike.baidu.com/item/%E4%B8%AD%E9%87%8C%E5%BA%84%E5%85%AB%E9%BE%99%E5%AF%BA%E5%A1%94,exact,,,,
7-0775-3-073,万荣旱泉塔,万荣旱泉塔,https://baike.baidu.com/item/%E4%B8%87%E8%8D%A3%E6%97%B1%E6%B3%89%E5%A1%94,exact,,,,
7-0776-3-074,南阳村寿圣寺塔,南阳村寿圣寺塔,https://baike.baidu.com/item/%E5%8D%97%E9%98%B3%E6%9D%91%E5%AF%BF%E5%9C%A3%E5%AF%BA%E5%A1%94,exact,,,,
7-0777-3-075,运城太平兴国寺塔,运城太平兴国寺塔,https://baike.baidu.com/item/%E8%BF%90%E5%9F%8E%E5%A4%AA%E5%B9%B3%E5%85%B4%E5%9B%BD%E5%AF%BA%E5%A1%94,exact,,,,
7-0778-3-076,河底成汤庙,河底成汤庙,https://baike.baidu.com/item/%E6%B2%B3%E5%BA%95%E6%88%90%E6%B1%A4%E5%BA%99,exact,河底成汤庙,https://zh.wikipedia.org/wiki/%E6%B2%B3%E5%BA%95%E6%88%90%E6%B1%A4%E5%BA%99,exact,
7-0779-3-077,布村玉皇庙,布村玉皇庙,https://baike.baidu.com/view/13328126.htm,exact,布村玉皇庙,https://zh.wikipedia.org/wiki/%E5%B8%83%E6%9D%91%E7%8E%89%E7%9A%87%E5%BA%99,exact,
7-0780-3-078,高都景德寺,高都景德寺,https://baike.baidu.com/view/14230834.htm,exact,,,,
7-0781-3-079,大周村古寺庙建筑群,大周村古寺庙建筑群,https://baike.baidu.com/item/%E5%A4%A7%E5%91%A8%E6%9D%91%E5%8F%A4%E5%AF%BA%E5%BA%99%E5%BB%BA%E7%AD%91%E7%BE%A4,exact,大周村古寺庙建筑群,https://zh.wikipedia.org/wiki/%E5%A4%A7%E5%91%A8%E6%9D%91%E5%8F%A4%E5%AF%BA%E5%BA%99%E5%BB%BA%E7%AD%91%E7%BE%A4,exact,
7-0782-3-080,上贤梵安寺塔,上贤梵安寺塔,https://baike.baidu.com/item/%E4%B8%8A%E8%B4%A4%E6%A2%B5%E5%AE%89%E5%AF%BA%E5%A1%94,exact,上贤梵安寺塔,https://zh.wikipedia.org/wiki/%E4%B8%8A%E8%B4%A4%E6%A2%B5%E5%AE%89%E5%AF%BA%E5%A1%94,exact,
7-0783-3-081,冠山天宁寺双塔,冠山天宁寺双塔,https://baike.baidu.com/item/%E5%86%A0%E5%B1%B1%E5%A4%A9%E5%AE%81%E5%AF%BA%E5%8F%8C%E5%A1%94,exact,冠山天宁寺双塔,https://zh.wikipedia.org/wiki/%E5%86%A0%E5%B1%B1%E5%A4%A9%E5%AE%81%E5%AF%BA%E5%8F%8C%E5%A1%94,exact,
7-0784-3-082,韩坊尧王庙大殿,韩坊尧王庙大殿,https://baike.baidu.com/item/%E9%9F%A9%E5%9D%8A%E5%B0%A7%E7%8E%8B%E5%BA%99%E5%A4%A7%E6%AE%BF,exact,,,,
7-0785-3-083,长子崔府君庙大殿,长子崔府君庙大殿,https://baike.baidu.com/item/%E9%95%BF%E5%AD%90%E5%B4%94%E5%BA%9C%E5%90%9B%E5%BA%99%E5%A4%A7%E6%AE%BF,exact,,,,
7-0786-3-084,麻衣寺砖塔,麻衣寺砖塔,https://baike.baidu.com/view/1023106.htm,exact,,,,
7-0787-3-085,灵光寺琉璃塔,灵光寺琉璃塔,https://baike.baidu.com/item/%E7%81%B5%E5%85%89%E5%AF%BA%E7%90%89%E7%92%83%E5%A1%94,exact,,,,
7-0788-3-086,浑源圆觉寺塔,浑源圆觉寺塔,https://baike.baidu.com/item/%E6%B5%91%E6%BA%90%E5%9C%86%E8%A7%89%E5%AF%BA%E5%A1%94,exact,,,,
7-0789-3-087,繁峙正觉寺大雄宝殿,繁峙正觉寺大雄宝殿,https://baike.baidu.com/item/%E7%B9%81%E5%B3%99%E6%AD%A3%E8%A7%89%E5%AF%BA%E5%A4%A7%E9%9B%84%E5%AE%9D%E6%AE%BF,exact,,,,
7-0790-3-088,襄垣永惠桥,襄垣永惠桥,https://baike.baidu.com/item/%E8%A5%84%E5%9E%A3%E6%B0%B8%E6%83%A0%E6%A1%A5,exact,,,,
7-0791-3-089,高平嘉祥寺,高平嘉祥寺,https://baike.baidu.com/item/%E9%AB%98%E5%B9%B3%E5%98%89%E7%A5%A5%E5%AF%BA,exact,,,,
7-0792-3-090,尹西东岳庙,尹西东岳庙,https://baike.baidu.com/item/%E5%B0%B9%E8%A5%BF%E4%B8%9C%E5%B2%B3%E5%BA%99,exact,尹西东岳庙,https://zh.wikipedia.org/wiki/%E5%B0%B9%E8%A5%BF%E4%B8%9C%E5%B2%B3%E5%BA%99,exact,
7-0793-3-091,西顿济渎庙,西顿济渎庙,https://baike.baidu.com/view/14209784.htm,exact,,,,
7-0794-3-092,李庄文庙,李庄文庙,https://baike.baidu.com/item/%E6%9D%8E%E5%BA%84%E6%96%87%E5%BA%99,exact,李庄文庙,https://zh.wikipedia.org/wiki/%E6%9D%8E%E5%BA%84%E6%96%87%E5%BA%99,exact,
7-0795-3-093,义合三教堂,义合三教堂,https://baike.baidu.com/item/%E4%B9%89%E5%90%88%E4%B8%89%E6%95%99%E5%A0%82,exact,义合三教堂,https://zh.wikipedia.org/wiki/%E4%B9%89%E5%90%88%E4%B8%89%E6%95%99%E5%A0%82,exact,
7-0796-3-094,下霍护国灵贶王庙,下霍护国灵贶王庙,https://baike.baidu.com/item/%E4%B8%8B%E9%9C%8D%E6%8A%A4%E5%9B%BD%E7%81%B5%E8%B4%B6%E7%8E%8B%E5%BA%99,exact,下霍护国灵贶王庙,https://zh.wikipedia.org/wiki/%E4%B8%8B%E9%9C%8D%E6%8A%A4%E5%9B%BD%E7%81%B5%E8%B4%B6%E7%8E%8B%E5%BA%99,exact,
7-0797-3-095,北马玉皇庙,北马玉皇庙,https://baike.baidu.com/item/%E5%8C%97%E9%A9%AC%E7%8E%89%E7%9A%87%E5%BA%99,exact,北马玉皇庙,https://zh.wikipedia.org/wiki/%E5%8C%97%E9%A9%AC%E7%8E%89%E7%9A%87%E5%BA%99,exact,
7-0798-3-096,宋村永兴寺,宋村永兴寺,https://baike.baidu.com/item/%E5%AE%8B%E6%9D%91%E6%B0%B8%E5%85%B4%E5%AF%BA,exact,宋村永兴寺,https://zh.wikipedia.org/wiki/%E5%AE%8B%E6%9D%91%E6%B0%B8%E5%85%B4%E5%AF%BA,exact,
7-0799-3-097,三王村三嵕庙,三王村三嵕庙,https://baike.baidu.com/item/%E4%B8%89%E7%8E%8B%E6%9D%91%E4%B8%89%E5%B5%95%E5%BA%99,exact,三王村三嵕庙,https://zh.wikipedia.org/wiki/%E4%B8%89%E7%8E%8B%E6%9D%91%E4%B8%89%E5%B5%95%E5%BA%99,exact,
7-0800-3-098,坛岭头岱庙,坛岭头岱庙,https://baike.baidu.com/item/%E5%9D%9B%E5%B2%AD%E5%A4%B4%E5%B2%B1%E5%BA%99,exact,坛岭头岱庙,https://zh.wikipedia.org/wiki/%E5%9D%9B%E5%B2%AD%E5%A4%B4%E5%B2%B1%E5%BA%99,exact,
7-0801-3-099,苇则寿圣寺,苇则寿圣寺,https://baike.baidu.com/item/%E8%8B%87%E5%88%99%E5%AF%BF%E5%9C%A3%E5%AF%BA,exact,,,,
7-0802-3-100,寺坪普照寺大殿,寺坪普照寺大殿,https://baike.baidu.com/item/%E5%AF%BA%E5%9D%AA%E6%99%AE%E7%85%A7%E5%AF%BA%E5%A4%A7%E6%AE%BF,exact,寺坪普照寺大殿,https://zh.wikipedia.org/wiki/%E5%AF%BA%E5%9D%AA%E6%99%AE%E7%85%A7%E5%AF%BA%E5%A4%A7%E6%AE%BF,exact,
7-0803-3-101,帖木儿塔,帖木儿塔,https://baike.baidu.com/view/1947089.htm,exact,帖木儿塔,https://zh.wikipedia.org/wiki/%E5%B8%96%E6%9C%A8%E5%84%BF%E5%A1%94,exact,
7-0804-3-102,前万户汤王庙,前万户汤王庙,https://baike.baidu.com/item/%E5%89%8D%E4%B8%87%E6%88%B7%E6%B1%A4%E7%8E%8B%E5%BA%99,exact,,,,
7-0805-3-103,庄头天仙庙,庄头天仙庙,https://baike.baidu.com/item/%E5%BA%84%E5%A4%B4%E5%A4%A9%E4%BB%99%E5%BA%99,exact,庄头天仙庙,https://zh.wikipedia.org/wiki/%E5%BA%84%E5%A4%B4%E5%A4%A9%E4%BB%99%E5%BA%99,exact,
7-0806-3-104,东许三清庙献殿,东许三清庙献殿,https://baike.baidu.com/item/%E4%B8%9C%E8%AE%B8%E4%B8%89%E6%B8%85%E5%BA%99%E7%8C%AE%E6%AE%BF,exact,东许三清庙献殿,https://zh.wikipedia.org/wiki/%E4%B8%9C%E8%AE%B8%E4%B8%89%E6%B8%85%E5%BA%99%E7%8C%AE%E6%AE%BF,exact,
7-0807-3-105,襄陵文庙大成殿,襄陵文庙大成殿,https://baike.baidu.com/item/%E8%A5%84%E9%99%B5%E6%96%87%E5%BA%99%E5%A4%A7%E6%88%90%E6%AE%BF,exact,,,,
7-0808-3-106,大同关帝庙大殿,大同关帝庙大殿,https://baike.baidu.com/item/%E5%A4%A7%E5%90%8C%E5%85%B3%E5%B8%9D%E5%BA%99%E5%A4%A7%E6%AE%BF,exact,,,,
7-0809-3-107,中漳伏羲庙,中漳伏羲庙,https://baike.baidu.com/item/%E4%B8%AD%E6%BC%B3%E4%BC%8F%E7%BE%B2%E5%BA%99,exact,中漳伏羲庙,https://zh.wikipedia.org/wiki/%E4%B8%AD%E6%BC%B3%E4%BC%8F%E7%BE%B2%E5%BA%99,exact,
7-0810-3-108,襄垣昭泽王庙,襄垣昭泽王庙,https://baike.baidu.com/view/2001287.htm,exact,,,,
7-0811-3-109,长宁大庙,长宁大庙,https://baike.baidu.com/item/%E9%95%BF%E5%AE%81%E5%A4%A7%E5%BA%99,exact,,,,
7-0812-3-110,南涅水洪教院,南涅水洪教院,https://baike.baidu.com/view/5592904.htm,exact,,,,
7-0813-3-111,良户玉虚观,良户玉虚观,https://baike.baidu.com/item/%E8%89%AF%E6%88%B7%E7%8E%89%E8%99%9A%E8%A7%82,exact,,,,
7-0814-3-112,南庄玉皇庙,南庄玉皇庙,https://baike.baidu.com/view/1998737.htm,exact,南庄玉皇庙,https://zh.wikipedia.org/wiki/%E5%8D%97%E5%BA%84%E7%8E%89%E7%9A%87%E5%BA%99,exact,
7-0815-3-113,川底佛堂,川底佛堂,https://baike.baidu.com/item/%E5%B7%9D%E5%BA%95%E4%BD%9B%E5%A0%82,exact,川底佛堂,https://zh.wikipedia.org/wiki/%E5%B7%9D%E5%BA%95%E4%BD%9B%E5%A0%82,exact,
7-0816-3-114,马厂崇教寺,马厂崇教寺,https://baike.baidu.com/item/%E9%A9%AC%E5%8E%82%E5%B4%87%E6%95%99%E5%AF%BA,exact,,,,
7-0817-3-115,长春观,长春观,https://baike.baidu.com/subview/357782/6786475.htm,exact,,,,
7-0818-3-116,南林交龙泉寺,南林交龙泉寺,https://baike.baidu.com/item/%E5%8D%97%E6%9E%97%E4%BA%A4%E9%BE%99%E6%B3%89%E5%AF%BA,exact,南林交龙泉寺,https://zh.wikipedia.org/wiki/%E5%8D%97%E6%9E%97%E4%BA%A4%E9%BE%99%E6%B3%89%E5%AF%BA,exact,
7-0819-3-117,武乡真如寺,武乡真如寺,https://baike.baidu.com/view/463776.htm,exact,,,,
7-0820-3-118,襄垣五龙庙,襄垣五龙庙,https://baike.baidu.com/item/%E8%A5%84%E5%9E%A3%E4%BA%94%E9%BE%99%E5%BA%99,exact,,,,
7-0821-3-119,董峰万寿宫,董峰万寿宫,https://baike.baidu.com/item/%E8%91%A3%E5%B3%B0%E4%B8%87%E5%AF%BF%E5%AE%AB,exact,,,,
7-0822-3-120,建南济渎庙,建南济渎庙,https://baike.baidu.com/item/%E5%BB%BA%E5%8D%97%E6%B5%8E%E6%B8%8E%E5%BA%99,exact,建南济渎庙,https://zh.wikipedia.org/wiki/%E5%BB%BA%E5%8D%97%E6%B5%8E%E6%B8%8E%E5%BA%99,exact,
7-0823-3-121,史村东岳庙,史村东岳庙,https://baike.baidu.com/item/%E5%8F%B2%E6%9D%91%E4%B8%9C%E5%B2%B3%E5%BA%99,exact,史村东岳庙,https://zh.wikipedia.org/wiki/%E5%8F%B2%E6%9D%91%E4%B8%9C%E5%B2%B3%E5%BA%99,exact,
7-0824-3-122,河津台头庙,河津台头庙,https://baike.baidu.com/item/%E6%B2%B3%E6%B4%A5%E5%8F%B0%E5%A4%B4%E5%BA%99,exact,,,,
7-0825-3-123,南柳泰山庙,南柳泰山庙,https://baike.baidu.com/view/10906579.htm,exact,南柳泰山庙,https://zh.wikipedia.org/wiki/%E5%8D%97%E6%9F%B3%E6%B3%B0%E5%B1%B1%E5%BA%99,exact,
7-0826-3-124,律吕神祠,律吕神祠,https://baike.baidu.com/view/6086905.htm,exact,律吕神祠,https://zh.wikipedia.org/wiki/%E5%BE%8B%E5%90%95%E7%A5%9E%E7%A5%A0,exact,
7-0827-3-125,南召文庙,南召文庙,https://baike.baidu.com/view/1998720.htm,exact,南召文庙,https://zh.wikipedia.org/wiki/%E5%8D%97%E5%8F%AC%E6%96%87%E5%BA%99,exact,
7-0828-3-126,水东崔府君庙,水东崔府君庙,https://baike.baidu.com/item/%E6%B0%B4%E4%B8%9C%E5%B4%94%E5%BA%9C%E5%90%9B%E5%BA%99,exact,水东崔府君庙,https://zh.wikipedia.org/wiki/%E6%B0%B4%E4%B8%9C%E5%B4%94%E5%BA%9C%E5%90%9B%E5%BA%99,exact,
7-0829-3-127,薛庄玉皇庙,薛庄玉皇庙,https://baike.baidu.com/item/%E8%96%9B%E5%BA%84%E7%8E%89%E7%9A%87%E5%BA%99,exact,,,,
7-0830-3-128,辛村天齐王庙,辛村天齐王庙,https://baike.baidu.com/item/%E8%BE%9B%E6%9D%91%E5%A4%A9%E9%BD%90%E7%8E%8B%E5%BA%99,exact,,,,
7-0831-3-129,上冯圣母庙,上冯圣母庙,https://baike.baidu.com/item/%E4%B8%8A%E5%86%AF%E5%9C%A3%E6%AF%8D%E5%BA%99,exact,上冯圣母庙,https://zh.wikipedia.org/wiki/%E4%B8%8A%E5%86%AF%E5%9C%A3%E6%AF%8D%E5%BA%99,exact,
7-0832-3-130,南阳法王庙,南阳法王庙,https://baike.baidu.com/item/%E5%8D%97%E9%98%B3%E6%B3%95%E7%8E%8B%E5%BA%99,exact,南阳法王庙,https://zh.wikipedia.org/wiki/%E5%8D%97%E9%98%B3%E6%B3%95%E7%8E%8B%E5%BA%99,exact,
7-0833-3-131,洪洞关帝庙,洪洞关帝庙,https://baike.baidu.com/view/2015643.htm,exact,,,,
7-0834-3-132,柏草坡龙天土地庙,柏草坡龙天土地庙,https://baike.baidu.com/item/%E6%9F%8F%E8%8D%89%E5%9D%A1%E9%BE%99%E5%A4%A9%E5%9C%9F%E5%9C%B0%E5%BA%99,exact,柏草坡龙天土地庙,https://zh.wikipedia.org/wiki/%E6%9F%8F%E8%8D%89%E5%9D%A1%E9%BE%99%E5%A4%A9%E5%9C%9F%E5%9C%B0%E5%BA%99,exact,
7-0835-3-133,孝义三皇庙,孝义三皇庙,https://baike.baidu.com/item/%E5%AD%9D%E4%B9%89%E4%B8%89%E7%9A%87%E5%BA%99,exact,孝义三皇庙,https://zh.wikipedia.org/wiki/%E5%AD%9D%E4%B9%89%E4%B8%89%E7%9A%87%E5%BA%99,exact,
7-0836-3-134,大中汉三嵕庙,大中汉三嵕庙,https://baike.baidu.com/item/%E5%A4%A7%E4%B8%AD%E6%B1%89%E4%B8%89%E5%B5%95%E5%BA%99,exact,大中汉三嵕庙,https://zh.wikipedia.org/wiki/%E5%A4%A7%E4%B8%AD%E6%B1%89%E4%B8%89%E5%B5%95%E5%BA%99,exact,
7-0837-3-135,孝义天齐庙,孝义天齐庙,https://baike.baidu.com/item/%E5%AD%9D%E4%B9%89%E5%A4%A9%E9%BD%90%E5%BA%99,exact,孝义天齐庙,https://zh.wikipedia.org/wiki/%E5%AD%9D%E4%B9%89%E5%A4%A9%E9%BD%90%E5%BA%99,exact,
7-0838-3-136,北和炎帝庙,北和炎帝庙,https://baike.baidu.com/view/1975793.htm,exact,北和炎帝庙,https://zh.wikipedia.org/wiki/%E5%8C%97%E5%92%8C%E7%82%8E%E5%B8%9D%E5%BA%99,exact,
7-0839-3-137,北社三嵕庙,北社三嵕庙,https://baike.baidu.com/view/2001264.htm,exact,北社三嵕庙,https://zh.wikipedia.org/wiki/%E5%8C%97%E7%A4%BE%E4%B8%89%E5%B5%95%E5%BA%99,exact,
7-0840-3-138,北社大禹庙,北社大禹庙,https://baike.baidu.com/view/2001260.htm,exact,北社大禹庙,https://zh.wikipedia.org/wiki/%E5%8C%97%E7%A4%BE%E5%A4%A7%E7%A6%B9%E5%BA%99,exact,
7-0841-3-139,北甘泉圣母庙,北甘泉圣母庙,https://baike.baidu.com/view/2001258.htm,exact,北甘泉圣母庙,https://zh.wikipedia.org/wiki/%E5%8C%97%E7%94%98%E6%B3%89%E5%9C%A3%E6%AF%8D%E5%BA%99,exact,
7-0842-3-140,李庄武庙,李庄武庙,https://baike.baidu.com/item/%E6%9D%8E%E5%BA%84%E6%AD%A6%E5%BA%99,exact,李庄武庙,https://zh.wikipedia.org/wiki/%E6%9D%8E%E5%BA%84%E6%AD%A6%E5%BA%99,exact,
7-0843-3-141,石末宣圣庙,石末宣圣庙,https://baike.baidu.com/item/%E7%9F%B3%E6%9C%AB%E5%AE%A3%E5%9C%A3%E5%BA%99,exact,,,,
7-0844-3-142,关村炎帝庙,关村炎帝庙,https://baike.baidu.com/item/%E5%85%B3%E6%9D%91%E7%82%8E%E5%B8%9D%E5%BA%99,exact,关村炎帝庙,https://zh.wikipedia.org/wiki/%E5%85%B3%E6%9D%91%E7%82%8E%E5%B8%9D%E5%BA%99,exact,
7-0845-3-143,夏县文庙大成殿,夏县文庙大成殿,https://baike.baidu.com/item/%E5%A4%8F%E5%8E%BF%E6%96%87%E5%BA%99%E5%A4%A7%E6%88%90%E6%AE%BF,exact,,,,
7-0846-3-144,永和文庙大成殿,永和文庙大成殿,https://baike.baidu.com/view/2019473.htm,exact,,,,
7-0847-3-145,泉掌关帝庙,泉掌关帝庙,https://baike.baidu.com/view/2015637.htm,exact,,,,
7-0848-3-146,阳曲大王庙大殿,阳曲大王庙大殿,https://baike.baidu.com/item/%E9%98%B3%E6%9B%B2%E5%A4%A7%E7%8E%8B%E5%BA%99%E5%A4%A7%E6%AE%BF,exact,,,,
7-0849-3-147,隰县鼓楼,隰县鼓楼,https://baike.baidu.com/view/2015622.htm,exact,,,,
7-0850-3-148,交城玄中寺,交城玄中寺,https://baike.baidu.com/item/%E4%BA%A4%E5%9F%8E%E7%8E%84%E4%B8%AD%E5%AF%BA,exact,,,,
7-0851-3-149,原平惠济寺,原平惠济寺,https://baike.baidu.com/item/%E5%8E%9F%E5%B9%B3%E6%83%A0%E6%B5%8E%E5%AF%BA,exact,,,,
7-0852-3-150,石室蓬莱宫,石室蓬莱宫,https://baike.baidu.com/view/10564454.htm,exact,,,,
7-0853-3-151,洪洞商山庙,洪洞商山庙,https://baike.baidu.com/item/%E6%B4%AA%E6%B4%9E%E5%95%86%E5%B1%B1%E5%BA%99,exact,,,,
7-0854-3-152,绛县文庙,绛县文庙,https://baike.baidu.com/view/10157922.htm,exact,,,,
7-0855-3-153,襄垣慈胜寺,襄垣慈胜寺,https://baike.baidu.com/item/%E8%A5%84%E5%9E%A3%E6%85%88%E8%83%9C%E5%AF%BA,exact,,,,
7-0856-3-154,后土圣母庙,后土圣母庙,https://baike.baidu.com/subview/1543943/1543943.htm,exact,后土圣母庙,https://zh.wikipedia.org/wiki/%E5%90%8E%E5%9C%9F%E5%9C%A3%E6%AF%8D%E5%BA%99,exact,
7-0857-3-155,薛瑄家庙及墓地,薛瑄家庙及墓地,https://baike.baidu.com/item/%E8%96%9B%E7%91%84%E5%AE%B6%E5%BA%99%E5%8F%8A%E5%A2%93%E5%9C%B0,exact,,,,
7-0858-3-156,介休城隍庙,介休城隍庙,https://baike.baidu.com/view/12619324.htm,exact,介休城隍庙,https://zh.wikipedia.org/wiki/%E4%BB%8B%E4%BC%91%E5%9F%8E%E9%9A%8D%E5%BA%99,exact,
7-0859-3-157,新村妙觉寺,新村妙觉寺,https://baike.baidu.com/item/%E6%96%B0%E6%9D%91%E5%A6%99%E8%A7%89%E5%AF%BA,exact,,,,
7-0860-3-158,范村圆智寺,范村圆智寺,https://baike.baidu.com/item/%E8%8C%83%E6%9D%91%E5%9C%86%E6%99%BA%E5%AF%BA,exact,,,,
7-0861-3-159,太原大关帝庙,太原大关帝庙,https://baike.baidu.com/item/%E5%A4%AA%E5%8E%9F%E5%A4%A7%E5%85%B3%E5%B8%9D%E5%BA%99,exact,,,,
7-0862-3-160,太原清真寺,太原清真寺,https://baike.baidu.com/item/%E5%A4%AA%E5%8E%9F%E6%B8%85%E7%9C%9F%E5%AF%BA,exact,,,,
7-0863-3-161,太原纯阳宫,太原纯阳宫,https://baike.baidu.com/view/2134053.htm,exact,,,,
7-0864-3-162,前斧柯悬泉寺,前斧柯悬泉寺,https://baike.baidu.com/item/%E5%89%8D%E6%96%A7%E6%9F%AF%E6%82%AC%E6%B3%89%E5%AF%BA,exact,,,,
7-0865-3-163,藏山祠,藏山祠,https://baike.baidu.com/view/1932299.htm,exact,藏山祠,https://zh.wikipedia.org/wiki/%E8%97%8F%E5%B1%B1%E7%A5%A0,exact,
7-0866-3-164,灵空山圣寿寺,灵空山圣寿寺,https://baike.baidu.com/item/%E7%81%B5%E7%A9%BA%E5%B1%B1%E5%9C%A3%E5%AF%BF%E5%AF%BA,exact,灵空山圣寿寺,https://zh.wikipedia.org/wiki/%E7%81%B5%E7%A9%BA%E5%B1%B1%E5%9C%A3%E5%AF%BF%E5%AF%BA,exact,
7-0867-3-165,西青北大禹庙,西青北大禹庙,https://baike.baidu.com/view/2001262.htm,exact,西青北大禹庙,https://zh.wikipedia.org/wiki/%E8%A5%BF%E9%9D%92%E5%8C%97%E5%A4%A7%E7%A6%B9%E5%BA%99,exact,
7-0868-3-166,陈廷敬故居,陈廷敬故居,https://baike.baidu.com/view/1998744.htm,exact,,,,
7-0869-3-167,运城关王庙,运城关王庙,https://baike.baidu.com/view/11774444.htm,exact,运城关王庙,https://zh.wikipedia.org/wiki/%E8%BF%90%E5%9F%8E%E5%85%B3%E7%8E%8B%E5%BA%99,exact,
7-0870-3-168,池神庙及盐池禁墙,池神庙及盐池禁墙,https://baike.baidu.com/item/%E6%B1%A0%E7%A5%9E%E5%BA%99%E5%8F%8A%E7%9B%90%E6%B1%A0%E7%A6%81%E5%A2%99,exact,,,,
7-0871-3-169,仙翁庙,仙翁庙,https://baike.baidu.com/view/967091.htm,exact,仙翁庙,https://zh.wikipedia.org/wiki/%E4%BB%99%E7%BF%81%E5%BA%99,exact,
7-0872-3-170,干坑南神庙,干坑南神庙,https://baike.baidu.com/item/%E5%B9%B2%E5%9D%91%E5%8D%97%E7%A5%9E%E5%BA%99,exact,,,,
7-0873-3-171,黎城城隍庙,黎城城隍庙,https://baike.baidu.com/view/2071752.htm,exact,,,,
7-0874-3-172,罗睺寺,罗睺寺,https://baike.baidu.com/item/%E7%BD%97%E7%9D%BA%E5%AF%BA/62401598,exact,罗睺寺,https://zh.wikipedia.org/wiki/%E7%BD%97%E7%9D%BA%E5%AF%BA,exact,
7-0875-3-173,辛庄开化寺,辛庄开化寺,https://baike.baidu.com/item/%E8%BE%9B%E5%BA%84%E5%BC%80%E5%8C%96%E5%AF%BA,exact,辛庄开化寺,https://zh.wikipedia.org/wiki/%E8%BE%9B%E5%BA%84%E5%BC%80%E5%8C%96%E5%AF%BA,exact,
7-0876-3-174,浑源文庙,浑源文庙,https://baike.baidu.com/view/2005215.htm,exact,浑源文庙,https://zh.wikipedia.org/wiki/%E6%B5%91%E6%BA%90%E6%96%87%E5%BA%99,exact,
7-0877-3-175,太山龙泉寺,太山龙泉寺,https://baike.baidu.com/view/1947080.htm,exact,太山龙泉寺,https://zh.wikipedia.org/wiki/%E5%A4%AA%E5%B1%B1%E9%BE%99%E6%B3%89%E5%AF%BA,exact,
7-0878-3-176,坪上汤帝庙,坪上汤帝庙,https://baike.baidu.com/item/%E5%9D%AA%E4%B8%8A%E6%B1%A4%E5%B8%9D%E5%BA%99,exact,坪上汤帝庙,https://zh.wikipedia.org/wiki/%E5%9D%AA%E4%B8%8A%E6%B1%A4%E5%B8%9D%E5%BA%99,exact,
7-0879-3-177,静升文庙,静升文庙,https://baike.baidu.com/view/10217043.htm,exact,,,,
7-0880-3-178,云峰寺石佛殿,云峰寺石佛殿,https://baike.baidu.com/item/%E4%BA%91%E5%B3%B0%E5%AF%BA%E7%9F%B3%E4%BD%9B%E6%AE%BF,exact,,,,
7-0881-3-179,北依涧永福寺过殿,北依涧永福寺过殿,https://baike.baidu.com/item/%E5%8C%97%E4%BE%9D%E6%B6%A7%E6%B0%B8%E7%A6%8F%E5%AF%BA%E8%BF%87%E6%AE%BF,exact,北依涧永福寺过殿,https://zh.wikipedia.org/wiki/%E5%8C%97%E4%BE%9D%E6%B6%A7%E6%B0%B8%E7%A6%8F%E5%AF%BA%E8%BF%87%E6%AE%BF,exact,
7-0882-3-180,崇善寺大悲殿,崇善寺大悲殿,https://baike.baidu.com/item/%E5%B4%87%E5%96%84%E5%AF%BA%E5%A4%A7%E6%82%B2%E6%AE%BF,exact,,,,
7-0883-3-181,唱经楼,唱经楼,https://baike.baidu.com/item/%E5%94%B1%E7%BB%8F%E6%A5%BC/19042570,exact,唱经楼,https://zh.wikipedia.org/wiki/%E5%94%B1%E7%BB%8F%E6%A5%BC,exact,
7-0884-3-182,晋源阿育王塔,晋源阿育王塔,https://baike.baidu.com/view/6329739.htm,exact,晋源阿育王塔,https://zh.wikipedia.org/wiki/%E6%99%8B%E6%BA%90%E9%98%BF%E8%82%B2%E7%8E%8B%E5%A1%94,exact,
7-0885-3-183,晋源文庙,晋源文庙,https://baike.baidu.com/view/1947077.htm,exact,,,,
7-0886-3-184,清徐尧庙,清徐尧庙,https://baike.baidu.com/view/9066724.htm,exact,清徐尧庙,https://zh.wikipedia.org/wiki/%E6%B8%85%E5%BE%90%E5%B0%A7%E5%BA%99,exact,
7-0887-3-185,绛州文庙,绛州文庙,https://baike.baidu.com/view/10976342.htm,exact,绛州文庙,https://zh.wikipedia.org/wiki/%E7%BB%9B%E5%B7%9E%E6%96%87%E5%BA%99,exact,
7-0888-3-186,北池稷王庙,北池稷王庙,https://baike.baidu.com/item/%E5%8C%97%E6%B1%A0%E7%A8%B7%E7%8E%8B%E5%BA%99,exact,北池稷王庙,https://zh.wikipedia.org/wiki/%E5%8C%97%E6%B1%A0%E7%A8%B7%E7%8E%8B%E5%BA%99,exact,
7-0889-3-187,玄帝庙,玄帝庙,https://baike.baidu.com/subview/1993489/1993489.htm,exact,玄帝庙,https://zh.wikipedia.org/wiki/%E7%8E%84%E5%B8%9D%E5%BA%99,exact,
7-0890-3-188,石四牌坊和木四牌坊,石四牌坊和木四牌坊,https://baike.baidu.com/item/%E7%9F%B3%E5%9B%9B%E7%89%8C%E5%9D%8A%E5%92%8C%E6%9C%A8%E5%9B%9B%E7%89%8C%E5%9D%8A,exact,石四牌坊和木四牌坊,https://zh.wikipedia.org/wiki/%E7%9F%B3%E5%9B%9B%E7%89%8C%E5%9D%8A%E5%92%8C%E6%9C%A8%E5%9B%9B%E7%89%8C%E5%9D%8A,exact,
7-0891-3-189,樊店关帝庙,樊店关帝庙,https://baike.baidu.com/item/%E6%A8%8A%E5%BA%97%E5%85%B3%E5%B8%9D%E5%BA%99,exact,樊店关帝庙,https://zh.wikipedia.org/wiki/%E6%A8%8A%E5%BA%97%E5%85%B3%E5%B8%9D%E5%BA%99,exact,
7-0892-3-190,孝义慈胜寺,孝义慈胜寺,https://baike.baidu.com/item/%E5%AD%9D%E4%B9%89%E6%85%88%E8%83%9C%E5%AF%BA,exact,,,,
7-0893-3-191,净石宫,净石宫,https://baike.baidu.com/view/2015618.htm,exact,净石宫,https://zh.wikipedia.org/wiki/%E5%87%80%E7%9F%B3%E5%AE%AB,exact,
7-0894-3-192,梁家滩白云寺,梁家滩白云寺,https://baike.baidu.com/item/%E6%A2%81%E5%AE%B6%E6%BB%A9%E7%99%BD%E4%BA%91%E5%AF%BA,exact,,,,
7-0895-3-193,玉虚宫下院,玉虚宫下院,https://baike.baidu.com/item/%E7%8E%89%E8%99%9A%E5%AE%AB%E4%B8%8B%E9%99%A2,exact,,,,
7-0896-3-194,古交千佛寺,古交千佛寺,https://baike.baidu.com/view/13123119.htm,exact,,,,
7-0897-3-195,太原文庙,太原文庙,https://baike.baidu.com/view/223982.htm,exact,,,,
7-0898-3-196,平遥惠济桥,平遥惠济桥,https://baike.baidu.com/item/%E5%B9%B3%E9%81%A5%E6%83%A0%E6%B5%8E%E6%A1%A5,exact,,,,
7-0899-3-197,雷履泰旧居,雷履泰旧居,https://baike.baidu.com/view/1993511.htm,exact,,,,
7-0900-3-198,平遥市楼,平遥市楼,https://baike.baidu.com/view/7805228.htm,exact,平遥市楼,https://zh.wikipedia.org/wiki/%E5%B9%B3%E9%81%A5%E5%B8%82%E6%A5%BC,exact,
7-0901-3-199,南樊石牌坊及碑亭,南樊石牌坊及碑亭,https://baike.baidu.com/item/%E5%8D%97%E6%A8%8A%E7%9F%B3%E7%89%8C%E5%9D%8A%E5%8F%8A%E7%A2%91%E4%BA%AD,exact,南樊石牌坊及碑亭,https://zh.wikipedia.org/wiki/%E5%8D%97%E6%A8%8A%E7%9F%B3%E7%89%8C%E5%9D%8A%E5%8F%8A%E7%A2%91%E4%BA%AD,exact,
7-0902-3-200,乔寺碑楼,乔寺碑楼,https://baike.baidu.com/view/1948615.htm,exact,乔寺碑楼,https://zh.wikipedia.org/wiki/%E4%B9%94%E5%AF%BA%E7%A2%91%E6%A5%BC,exact,
7-0903-3-201,郭家庄仇氏石牌坊及碑亭,郭家庄仇氏石牌坊及碑亭,https://baike.baidu.com/item/%E9%83%AD%E5%AE%B6%E5%BA%84%E4%BB%87%E6%B0%8F%E7%9F%B3%E7%89%8C%E5%9D%8A%E5%8F%8A%E7%A2%91%E4%BA%AD,exact,,,,
7-0904-3-202,府城关帝庙,府城关帝庙,https://baike.baidu.com/view/11762045.htm,exact,府城关帝庙,https://zh.wikipedia.org/wiki/%E5%BA%9C%E5%9F%8E%E5%85%B3%E5%B8%9D%E5%BA%99,exact,
7-0905-3-203,冠山书院,冠山书院,https://baike.baidu.com/view/1919594.htm,exact,冠山书院,https://zh.wikipedia.org/wiki/%E5%86%A0%E5%B1%B1%E4%B9%A6%E9%99%A2,exact,
7-0906-3-204,大同观音堂,大同观音堂,https://baike.baidu.com/view/11759650.htm,exact,大同观音堂,https://zh.wikipedia.org/wiki/%E5%A4%A7%E5%90%8C%E8%A7%82%E9%9F%B3%E5%A0%82,exact,
7-0907-3-205,介休源神庙,介休源神庙,https://baike.baidu.com/item/%E4%BB%8B%E4%BC%91%E6%BA%90%E7%A5%9E%E5%BA%99,exact,,,,
7-0908-3-206,南政隆福寺,南政隆福寺,https://baike.baidu.com/item/%E5%8D%97%E6%94%BF%E9%9A%86%E7%A6%8F%E5%AF%BA,exact,,,,
7-0909-3-207,闫景李家大院,李家大院,https://baike.baidu.com/view/486846.htm,related-location,,,,
7-0910-3-208,准格尔召,准格尔召,https://baike.baidu.com/view/337287.htm,exact,准格尔召,https://zh.wikipedia.org/wiki/%E5%87%86%E6%A0%BC%E5%B0%94%E5%8F%AC,exact,
7-0911-3-209,乌素图召,乌素图召,https://baike.baidu.com/view/336887.htm,exact,乌素图召,https://zh.wikipedia.org/wiki/%E4%B9%8C%E7%B4%A0%E5%9B%BE%E5%8F%AC,exact,
7-0912-3-210,席力图召及家庙,席力图召及家庙,https://baike.baidu.com/item/%E5%B8%AD%E5%8A%9B%E5%9B%BE%E5%8F%AC%E5%8F%8A%E5%AE%B6%E5%BA%99,exact,,,,
7-0913-3-211,奈曼蒙古王府,奈曼蒙古王府,https://baike.baidu.com/item/%E5%A5%88%E6%9B%BC%E8%92%99%E5%8F%A4%E7%8E%8B%E5%BA%9C,exact,,,,
7-0914-3-212,寿因寺大殿,寿因寺大殿,https://baike.baidu.com/item/%E5%AF%BF%E5%9B%A0%E5%AF%BA%E5%A4%A7%E6%AE%BF,exact,,,,
7-0915-3-213,梵宗寺,梵宗寺,https://baike.baidu.com/view/241452.htm,exact,,,,
7-0916-3-214,荟福寺,荟福寺,https://baike.baidu.com/view/159189.htm,exact,,,,
7-0917-3-215,法轮寺,法轮寺,https://baike.baidu.com/subview/163117/10264117.htm,exact,,,,
7-0918-3-216,赤峰清真北大寺,赤峰清真北大寺,https://baike.baidu.com/item/%E8%B5%A4%E5%B3%B0%E6%B8%85%E7%9C%9F%E5%8C%97%E5%A4%A7%E5%AF%BA,exact,,,,
7-0919-3-217,四子王旗王府,四子王旗王府,https://baike.baidu.com/item/%E5%9B%9B%E5%AD%90%E7%8E%8B%E6%97%97%E7%8E%8B%E5%BA%9C,exact,,,,
7-0920-3-218,巴丹吉林庙,巴丹吉林庙,https://baike.baidu.com/view/3154707.htm,exact,巴丹吉林庙,https://zh.wikipedia.org/wiki/%E5%B7%B4%E4%B8%B9%E5%90%89%E6%9E%97%E5%BA%99,exact,
7-0921-3-219,沙日特莫图庙,沙日特莫图庙,https://baike.baidu.com/item/%E6%B2%99%E6%97%A5%E7%89%B9%E8%8E%AB%E5%9B%BE%E5%BA%99,exact,,,,
7-0922-3-220,呼和浩特清真大寺,呼和浩特清真大寺,https://baike.baidu.com/view/512525.htm,exact,呼和浩特清真大寺,https://zh.wikipedia.org/wiki/%E5%91%BC%E5%92%8C%E6%B5%A9%E7%89%B9%E6%B8%85%E7%9C%9F%E5%A4%A7%E5%AF%BA,exact,
7-0923-3-221,八棱观塔,八棱观塔,https://baike.baidu.com/view/1303944.htm,exact,八棱观塔,https://zh.wikipedia.org/wiki/%E5%85%AB%E6%A3%B1%E8%A7%82%E5%A1%94,exact,
7-0924-3-222,白塔峪塔,白塔峪塔,https://baike.baidu.com/view/327257.htm,exact,,,,
7-0925-3-223,班吉塔,班吉塔,https://baike.baidu.com/view/2413502.htm,exact,,,,
7-0926-3-224,东平房塔,东平房塔,https://baike.baidu.com/item/%E4%B8%9C%E5%B9%B3%E6%88%BF%E5%A1%94,exact,东平房塔,https://zh.wikipedia.org/wiki/%E4%B8%9C%E5%B9%B3%E6%88%BF%E5%A1%94,exact,
7-0927-3-225,东塔山塔,东塔山塔,https://baike.baidu.com/item/%E4%B8%9C%E5%A1%94%E5%B1%B1%E5%A1%94,exact,东塔山塔,https://zh.wikipedia.org/wiki/%E4%B8%9C%E5%A1%94%E5%B1%B1%E5%A1%94,exact,
7-0928-3-226,广胜寺塔,广胜寺塔,https://baike.baidu.com/view/986049.htm,exact,广胜寺塔,https://zh.wikipedia.org/wiki/%E5%B9%BF%E8%83%9C%E5%AF%BA%E5%A1%94,exact,
7-0929-3-227,黄花滩塔,黄花滩塔,https://baike.baidu.com/view/3917553.htm,exact,,,,
7-0930-3-228,金塔,,,,金塔,https://zh.wikipedia.org/wiki/%E9%87%91%E5%A1%94,search-exact,金塔县 | https://baike.baidu.com/view/434362.htm | related-unconfirmed
7-0931-3-229,磨石沟塔,磨石沟塔,https://baike.baidu.com/view/327286.htm,exact,,,,
7-0932-3-230,青峰塔,青峰塔,https://baike.baidu.com/view/2205702.htm,exact,,,,
7-0933-3-231,双塔寺双塔,双塔寺双塔,https://baike.baidu.com/item/%E5%8F%8C%E5%A1%94%E5%AF%BA%E5%8F%8C%E5%A1%94/24236132,exact,双塔寺双塔,https://zh.wikipedia.org/wiki/%E5%8F%8C%E5%A1%94%E5%AF%BA%E5%8F%8C%E5%A1%94,exact,
7-0934-3-232,塔营子塔,塔营子塔,https://baike.baidu.com/item/%E5%A1%94%E8%90%A5%E5%AD%90%E5%A1%94,exact,塔营子塔,https://zh.wikipedia.org/wiki/%E5%A1%94%E8%90%A5%E5%AD%90%E5%A1%94,exact,
7-0935-3-233,无垢净光舍利塔,无垢净光舍利塔,https://baike.baidu.com/view/327191.htm,exact,无垢净光舍利塔,https://zh.wikipedia.org/wiki/%E6%97%A0%E5%9E%A2%E5%87%80%E5%85%89%E8%88%8D%E5%88%A9%E5%A1%94,exact,
7-0936-3-234,妙峰寺双塔,妙峰寺双塔,https://baike.baidu.com/view/171131.htm,exact,妙峰寺双塔,https://zh.wikipedia.org/wiki/%E5%A6%99%E5%B3%B0%E5%AF%BA%E5%8F%8C%E5%A1%94,exact,
7-0937-3-235,银塔,银塔,https://baike.baidu.com/subview/3461927/3461927.htm,exact,,,,
7-0938-3-236,沙锅屯石塔,沙锅屯石塔,https://baike.baidu.com/item/%E6%B2%99%E9%94%85%E5%B1%AF%E7%9F%B3%E5%A1%94,exact,沙锅屯石塔,https://zh.wikipedia.org/wiki/%E6%B2%99%E9%94%85%E5%B1%AF%E7%9F%B3%E5%A1%94,exact,
7-0939-3-237,千山古建筑群,千山古建筑群,https://baike.baidu.com/item/%E5%8D%83%E5%B1%B1%E5%8F%A4%E5%BB%BA%E7%AD%91%E7%BE%A4,exact,千山古建筑群,https://zh.wikipedia.org/wiki/%E5%8D%83%E5%B1%B1%E5%8F%A4%E5%BB%BA%E7%AD%91%E7%BE%A4,exact,
7-0940-3-238,银冈书院,银冈书院,https://baike.baidu.com/view/1024790.htm,exact,,,,
7-0941-3-239,农安辽塔,农安辽塔,https://baike.baidu.com/view/54637.htm,exact,农安辽塔,https://zh.wikipedia.org/wiki/%E5%86%9C%E5%AE%89%E8%BE%BD%E5%A1%94,exact,
7-0942-3-240,延吉边务督办公署旧址,延吉边务督办公署旧址,https://baike.baidu.com/item/%E5%BB%B6%E5%90%89%E8%BE%B9%E5%8A%A1%E7%9D%A3%E5%8A%9E%E5%85%AC%E7%BD%B2%E6%97%A7%E5%9D%80,exact,延吉边务督办公署旧址,https://zh.wikipedia.org/wiki/%E5%BB%B6%E5%90%89%E8%BE%B9%E5%8A%A1%E7%9D%A3%E5%8A%9E%E5%85%AC%E7%BD%B2%E6%97%A7%E5%9D%80,exact,
7-0943-3-241,乌拉街清代建筑群,乌拉街清代建筑群,https://baike.baidu.com/item/%E4%B9%8C%E6%8B%89%E8%A1%97%E6%B8%85%E4%BB%A3%E5%BB%BA%E7%AD%91%E7%BE%A4,exact,乌拉街清代建筑群,https://zh.wikipedia.org/wiki/%E4%B9%8C%E6%8B%89%E8%A1%97%E6%B8%85%E4%BB%A3%E5%BB%BA%E7%AD%91%E7%BE%A4,exact,
7-0944-3-242,阿城清真寺,阿城清真寺,https://baike.baidu.com/view/762923.htm,exact,,,,
7-0945-3-243,嘉定孔庙,嘉定孔庙,https://baike.baidu.com/view/107779.htm,exact,嘉定孔庙,https://zh.wikipedia.org/wiki/%E5%98%89%E5%AE%9A%E5%AD%94%E5%BA%99,exact,
7-0946-3-244,海春轩塔,海春轩塔,https://baike.baidu.com/view/53086.htm,exact,海春轩塔,https://zh.wikipedia.org/wiki/%E6%B5%B7%E6%98%A5%E8%BD%A9%E5%A1%94,exact,
7-0947-3-245,文通塔,文通塔,https://baike.baidu.com/view/1870810.htm,exact,文通塔,https://zh.wikipedia.org/wiki/%E6%96%87%E9%80%9A%E5%A1%94,exact,
7-0948-3-246,甲辰巷砖塔,甲辰巷砖塔,https://baike.baidu.com/item/%E7%94%B2%E8%BE%B0%E5%B7%B7%E7%A0%96%E5%A1%94,exact,,,,
7-0949-3-247,思本桥,思本桥,https://baike.baidu.com/view/446665.htm,exact,思本桥,https://zh.wikipedia.org/wiki/%E6%80%9D%E6%9C%AC%E6%A1%A5,exact,
7-0950-3-248,东庙桥,东庙桥,https://baike.baidu.com/view/8031126.htm,exact,东庙桥,https://zh.wikipedia.org/wiki/%E4%B8%9C%E5%BA%99%E6%A1%A5,exact,
7-0951-3-249,月塔,月塔,https://baike.baidu.com/view/1406360.htm,exact,月塔,https://zh.wikipedia.org/wiki/%E6%9C%88%E5%A1%94,exact,
7-0952-3-250,聚沙塔,聚沙塔,https://baike.baidu.com/view/453356.htm,exact,,,,
7-0953-3-251,兴国寺塔,兴国寺塔,https://baike.baidu.com/subview/4494403/12473541.htm,exact,,,,
7-0954-3-252,甘露寺铁塔,甘露寺铁塔,https://baike.baidu.com/item/%E7%94%98%E9%9C%B2%E5%AF%BA%E9%93%81%E5%A1%94,exact,,,,
7-0955-3-253,万佛石塔,万佛石塔,https://baike.baidu.com/view/610532.htm,exact,,,,
7-0956-3-254,七桥瓮,七桥瓮,https://baike.baidu.com/view/1683380.htm,exact,七桥瓮,https://zh.wikipedia.org/wiki/%E4%B8%83%E6%A1%A5%E7%93%AE,exact,
7-0957-3-255,蒲塘桥,蒲塘桥,https://baike.baidu.com/view/4343412.htm,exact,,,,
7-0958-3-256,开元寺无梁殿,开元寺无梁殿,https://baike.baidu.com/view/5679152.htm,exact,开元寺无梁殿,https://zh.wikipedia.org/wiki/%E5%BC%80%E5%85%83%E5%AF%BA%E6%97%A0%E6%A2%81%E6%AE%BF,exact,
7-0959-3-257,玉燕堂,玉燕堂,https://baike.baidu.com/view/1428479.htm,exact,玉燕堂,https://zh.wikipedia.org/wiki/%E7%8E%89%E7%87%95%E5%A0%82,exact,
7-0960-3-258,秦峰塔,秦峰塔,https://baike.baidu.com/view/481402.htm,exact,,,,
7-0961-3-259,慈云寺塔,慈云寺塔,https://baike.baidu.com/view/599135.htm,exact,慈云寺塔,https://zh.wikipedia.org/wiki/%E6%85%88%E4%BA%91%E5%AF%BA%E5%A1%94,exact,
7-0962-3-260,广教禅寺,广教禅寺,https://baike.baidu.com/view/463115.htm,exact,,,,
7-0963-3-261,周王庙及碑刻,周王庙及碑刻,https://baike.baidu.com/view/8031534.htm,exact,,,,
7-0964-3-262,日涉园,《日涉园》,https://baike.baidu.com/item/%E3%80%8A%E6%97%A5%E6%B6%89%E5%9B%AD%E3%80%8B/68338220,exact,日涉园,https://zh.wikipedia.org/wiki/%E6%97%A5%E6%B6%89%E5%9B%AD,exact,
7-0965-3-263,隆昌寺,隆昌寺,https://baike.baidu.com/view/453585.htm,exact,,,,
7-0966-3-264,浏河天妃宫遗迹,浏河天妃宫遗迹,https://baike.baidu.com/item/%E6%B5%8F%E6%B2%B3%E5%A4%A9%E5%A6%83%E5%AE%AB%E9%81%97%E8%BF%B9,exact,,,,
7-0967-3-265,朝天宫,朝天宫,https://baike.baidu.com/subview/75940/6143868.htm,exact,,,,
7-0968-3-266,近园,近园,https://baike.baidu.com/view/113842.htm,exact,,,,
7-0969-3-267,杨柳村古建筑群,杨柳村古建筑群,https://baike.baidu.com/view/1157430.htm,exact,杨柳村古建筑群,https://zh.wikipedia.org/wiki/%E6%9D%A8%E6%9F%B3%E6%9D%91%E5%8F%A4%E5%BB%BA%E7%AD%91%E7%BE%A4,exact,
7-0970-3-268,苏州织造署旧址,苏州织造署旧址,https://baike.baidu.com/view/599138.htm,exact,,,,
7-0971-3-269,卫道观前潘宅,卫道观前潘宅,https://baike.baidu.com/view/9260807.htm,exact,卫道观前潘宅,https://zh.wikipedia.org/wiki/%E5%8D%AB%E9%81%93%E8%A7%82%E5%89%8D%E6%BD%98%E5%AE%85,exact,
7-0972-3-270,杨氏宅第,杨氏宅第,https://baike.baidu.com/item/%E6%9D%A8%E6%B0%8F%E5%AE%85%E7%AC%AC,exact,,,,
7-0973-3-271,燕园,,,,燕园,https://zh.wikipedia.org/wiki/%E7%87%95%E5%9B%AD,exact,北京大学燕园校区 | https://baike.baidu.com/item/%E5%8C%97%E4%BA%AC%E5%A4%A7%E5%AD%A6%E7%87%95%E5%9B%AD%E6%A0%A1%E5%8C%BA | related-unconfirmed
7-0974-3-272,敬业堂,敬业堂,https://baike.baidu.com/view/1428455.htm,exact,敬业堂,https://zh.wikipedia.org/wiki/%E6%95%AC%E4%B8%9A%E5%A0%82,exact,
7-0975-3-273,先蚕祠,先蚕祠,https://baike.baidu.com/subview/936180/19078843.htm,exact,,,,
7-0976-3-274,耕乐堂,耕乐堂,https://baike.baidu.com/view/2010703.htm,exact,,,,
7-0977-3-275,学政试院,学政试院,https://baike.baidu.com/view/4585389.htm,exact,学政试院,https://zh.wikipedia.org/wiki/%E5%AD%A6%E6%94%BF%E8%AF%95%E9%99%A2,exact,
7-0978-3-276,适园,适园,https://baike.baidu.com/subview/180155/12473487.htm,exact,,,,
7-0979-3-277,史可法墓祠,,,,史可法纪念馆,https://zh.wikipedia.org/wiki/%E5%8F%B2%E5%8F%AF%E6%B3%95%E7%BA%AA%E5%BF%B5%E9%A6%86,manual,史可法纪念馆 | https://baike.baidu.com/view/794759.htm | different-title
7-0980-3-278,汪氏盐商住宅,汪氏盐商住宅,https://baike.baidu.com/view/10112398.htm,exact,汪氏盐商住宅,https://zh.wikipedia.org/wiki/%E6%B1%AA%E6%B0%8F%E7%9B%90%E5%95%86%E4%BD%8F%E5%AE%85,exact,
7-0981-3-279,贾氏盐商住宅,贾氏盐商住宅,https://baike.baidu.com/view/10556555.htm,exact,,,,
7-0982-3-280,卢氏盐商住宅,卢氏盐商住宅,https://baike.baidu.com/view/804868.htm,exact,卢氏盐商住宅,https://zh.wikipedia.org/wiki/%E5%8D%A2%E6%B0%8F%E7%9B%90%E5%95%86%E4%BD%8F%E5%AE%85,exact,
7-0983-3-281,逸圃,逸圃,https://baike.baidu.com/view/2582690.htm,exact,,,,
7-0984-3-282,扬州重宁寺,扬州重宁寺,https://baike.baidu.com/item/%E6%89%AC%E5%B7%9E%E9%87%8D%E5%AE%81%E5%AF%BA,exact,,,,
7-0985-3-283,如皋公立简易师范学堂旧址,如皋公立简易师范学堂旧址,https://baike.baidu.com/view/4314115.htm,exact,如皋公立简易师范学堂旧址,https://zh.wikipedia.org/wiki/%E5%A6%82%E7%9A%8B%E5%85%AC%E7%AB%8B%E7%AE%80%E6%98%93%E5%B8%88%E8%8C%83%E5%AD%A6%E5%A0%82%E6%97%A7%E5%9D%80,exact,
7-0986-3-284,上池斋药店,上池斋药店,https://baike.baidu.com/item/%E4%B8%8A%E6%B1%A0%E6%96%8B%E8%8D%AF%E5%BA%97,exact,上池斋药店,https://zh.wikipedia.org/wiki/%E4%B8%8A%E6%B1%A0%E6%96%8B%E8%8D%AF%E5%BA%97,exact,
7-0987-3-285,汪氏小苑,汪氏小苑,https://baike.baidu.com/view/170110.htm,exact,汪氏小苑,https://zh.wikipedia.org/wiki/%E6%B1%AA%E6%B0%8F%E5%B0%8F%E8%8B%91,exact,
7-0988-3-286,瑞隆感应塔,瑞隆感应塔,https://baike.baidu.com/view/473644.htm,exact,,,,
7-0989-3-287,灵隐寺石塔和经幢,灵隐寺石塔和经幢,https://baike.baidu.com/item/%E7%81%B5%E9%9A%90%E5%AF%BA%E7%9F%B3%E5%A1%94%E5%92%8C%E7%BB%8F%E5%B9%A2,exact,,,,
7-0990-3-288,保俶塔,保俶塔,https://baike.baidu.com/view/286278.htm,exact,保俶塔,https://zh.wikipedia.org/wiki/%E4%BF%9D%E4%BF%B6%E5%A1%94,exact,
7-0991-3-289,二灵塔,二灵塔,https://baike.baidu.com/view/707754.htm,exact,二灵塔,https://zh.wikipedia.org/wiki/%E4%BA%8C%E7%81%B5%E5%A1%94,exact,
7-0992-3-290,国安寺塔,国安寺塔,https://baike.baidu.com/view/2728598.htm,exact,国安寺塔,https://zh.wikipedia.org/wiki/%E5%9B%BD%E5%AE%89%E5%AF%BA%E5%A1%94,exact,
7-0993-3-291,观音寺石塔,观音寺石塔,https://baike.baidu.com/view/326838.htm,exact,,,,
7-0994-3-292,护法寺桥和塔,护法寺桥和塔,https://baike.baidu.com/item/%E6%8A%A4%E6%B3%95%E5%AF%BA%E6%A1%A5%E5%92%8C%E5%A1%94,exact,,,,
7-0995-3-293,东化成寺塔,东化成寺塔,https://baike.baidu.com/view/10600732.htm,exact,,,,
7-0996-3-294,龙德寺塔,龙德寺塔,https://baike.baidu.com/view/362751.htm,exact,,,,
7-0997-3-295,南峰塔和福印山塔,南峰塔和福印山塔,https://baike.baidu.com/item/%E5%8D%97%E5%B3%B0%E5%A1%94%E5%92%8C%E7%A6%8F%E5%8D%B0%E5%B1%B1%E5%A1%94,exact,,,,
7-0998-3-296,乐清东塔,乐清东塔,https://baike.baidu.com/view/2729040.htm,exact,乐清东塔,https://zh.wikipedia.org/wiki/%E4%B9%90%E6%B8%85%E4%B8%9C%E5%A1%94,exact,
7-0999-3-297,八卦桥和河西桥,八卦桥和河西桥,https://baike.baidu.com/item/%E5%85%AB%E5%8D%A6%E6%A1%A5%E5%92%8C%E6%B2%B3%E8%A5%BF%E6%A1%A5,exact,,,,
7-1000-3-298,栖真寺五佛塔,栖真寺五佛塔,https://baike.baidu.com/item/%E6%A0%96%E7%9C%9F%E5%AF%BA%E4%BA%94%E4%BD%9B%E5%A1%94,exact,栖真寺五佛塔,https://zh.wikipedia.org/wiki/%E6%A0%96%E7%9C%9F%E5%AF%BA%E4%BA%94%E4%BD%9B%E5%A1%94,exact,
7-1001-3-299,西山桥,西山桥,https://baike.baidu.com/view/2716522.htm,exact,,,,
7-1002-3-300,真如寺石塔,真如寺石塔,https://baike.baidu.com/view/374644.htm,exact,,,,
7-1003-3-301,普庆寺石塔,普庆寺石塔,https://baike.baidu.com/view/2719615.htm,exact,普庆寺石塔,https://zh.wikipedia.org/wiki/%E6%99%AE%E5%BA%86%E5%AF%BA%E7%9F%B3%E5%A1%94,exact,
7-1004-3-302,巾山塔群,巾山塔群,https://baike.baidu.com/view/11592289.htm,exact,巾山塔群,https://zh.wikipedia.org/wiki/%E5%B7%BE%E5%B1%B1%E5%A1%94%E7%BE%A4,exact,
7-1005-3-303,金昭牌坊和宪台牌坊,金昭牌坊和宪台牌坊,https://baike.baidu.com/item/%E9%87%91%E6%98%AD%E7%89%8C%E5%9D%8A%E5%92%8C%E5%AE%AA%E5%8F%B0%E7%89%8C%E5%9D%8A,exact,,,,
7-1006-3-304,七家厅,七家厅,https://baike.baidu.com/view/2742703.htm,exact,七家厅,https://zh.wikipedia.org/wiki/%E4%B8%83%E5%AE%B6%E5%8E%85,exact,
7-1007-3-305,关西世家,关西世家,https://baike.baidu.com/view/2755195.htm,exact,关西世家,https://zh.wikipedia.org/wiki/%E5%85%B3%E8%A5%BF%E4%B8%96%E5%AE%B6,exact,
7-1008-3-306,绍衣堂和横山塔,绍衣堂和横山塔,https://baike.baidu.com/item/%E7%BB%8D%E8%A1%A3%E5%A0%82%E5%92%8C%E6%A8%AA%E5%B1%B1%E5%A1%94,exact,,,,
7-1009-3-307,西姜祠堂,西姜祠堂,https://baike.baidu.com/view/2742792.htm,exact,,,,
7-1010-3-308,楠溪江宗祠建筑群,楠溪江宗祠建筑群,https://baike.baidu.com/item/%E6%A5%A0%E6%BA%AA%E6%B1%9F%E5%AE%97%E7%A5%A0%E5%BB%BA%E7%AD%91%E7%BE%A4,exact,楠溪江宗祠建筑群,https://zh.wikipedia.org/wiki/%E6%A5%A0%E6%BA%AA%E6%B1%9F%E5%AE%97%E7%A5%A0%E5%BB%BA%E7%AD%91%E7%BE%A4,exact,
7-1011-3-309,寺平村乡土建筑,寺平村乡土建筑,https://baike.baidu.com/view/10599880.htm,exact,,,,
7-1012-3-310,㹧𱮒湖避塘,,,,㹧𱮒湖避塘,https://zh.wikipedia.org/wiki/%E3%B9%A7%F0%B1%AE%92%E6%B9%96%E9%81%BF%E5%A1%98,exact,
7-1013-3-311,鸡鸣山民居苑,鸡鸣山民居苑,https://baike.baidu.com/view/485638.htm,exact,,,,
7-1014-3-312,南坞杨氏宗祠,南坞杨氏宗祠,https://baike.baidu.com/view/10604160.htm,exact,南坞杨氏宗祠,https://zh.wikipedia.org/wiki/%E5%8D%97%E5%9D%9E%E6%9D%A8%E6%B0%8F%E5%AE%97%E7%A5%A0,exact,
7-1015-3-313,河阳村乡土建筑,河阳村乡土建筑,https://baike.baidu.com/item/%E6%B2%B3%E9%98%B3%E6%9D%91%E4%B9%A1%E5%9C%9F%E5%BB%BA%E7%AD%91,exact,,,,
7-1016-3-314,潘公桥及潘孝墓,潘公桥及潘孝墓,https://baike.baidu.com/item/%E6%BD%98%E5%85%AC%E6%A1%A5%E5%8F%8A%E6%BD%98%E5%AD%9D%E5%A2%93,exact,,,,
7-1017-3-315,玉岩包氏宗祠,玉岩包氏宗祠,https://baike.baidu.com/item/%E7%8E%89%E5%B2%A9%E5%8C%85%E6%B0%8F%E5%AE%97%E7%A5%A0,exact,玉岩包氏宗祠,https://zh.wikipedia.org/wiki/%E7%8E%89%E5%B2%A9%E5%8C%85%E6%B0%8F%E5%AE%97%E7%A5%A0,exact,
7-1018-3-316,华堂王氏宗祠,华堂王氏宗祠,https://baike.baidu.com/view/10602115.htm,exact,华堂王氏宗祠,https://zh.wikipedia.org/wiki/%E5%8D%8E%E5%A0%82%E7%8E%8B%E6%B0%8F%E5%AE%97%E7%A5%A0,exact,
7-1019-3-317,世德堂,世德堂,https://baike.baidu.com/subview/2078966/2078966.htm,exact,世德堂,https://zh.wikipedia.org/wiki/%E4%B8%96%E5%BE%B7%E5%A0%82,exact,
7-1020-3-318,上族祠,上族祠,https://baike.baidu.com/view/10596772.htm,exact,上族祠,https://zh.wikipedia.org/wiki/%E4%B8%8A%E6%97%8F%E7%A5%A0,exact,
7-1021-3-319,积庆堂,积庆堂,https://baike.baidu.com/subview/2746099/18779580.htm,exact,积庆堂,https://zh.wikipedia.org/wiki/%E7%A7%AF%E5%BA%86%E5%A0%82,exact,
7-1022-3-320,余庆堂,余庆堂,https://baike.baidu.com/subview/3749598/3749598.htm,exact,余庆堂,https://zh.wikipedia.org/wiki/%E4%BD%99%E5%BA%86%E5%A0%82,exact,
7-1023-3-321,吴氏宗祠,北岸吴氏宗祠,https://baike.baidu.com/subview/342124/342124.htm,related-location,吴氏宗祠,https://zh.wikipedia.org/wiki/%E5%90%B4%E6%B0%8F%E5%AE%97%E7%A5%A0,exact,
7-1024-3-322,三槐堂,三槐堂,https://baike.baidu.com/item/%E4%B8%89%E6%A7%90%E5%A0%82/15888641,exact,三槐堂,https://zh.wikipedia.org/wiki/%E4%B8%89%E6%A7%90%E5%A0%82,exact,
7-1025-3-323,新叶村乡土建筑,新叶村乡土建筑,https://baike.baidu.com/view/10550192.htm,exact,,,,
7-1026-3-324,兰亭,兰亭,https://baike.baidu.com/subview/23599/7096971.htm,exact,兰亭,https://zh.wikipedia.org/wiki/%E5%85%B0%E4%BA%AD,exact,
7-1027-3-325,林宅,林宅,https://baike.baidu.com/subview/716581/8767461.htm,exact,林宅,https://zh.wikipedia.org/wiki/%E6%9E%97%E5%AE%85,exact,
7-1028-3-326,雪溪胡氏大院,雪溪胡氏大院,https://baike.baidu.com/item/%E9%9B%AA%E6%BA%AA%E8%83%A1%E6%B0%8F%E5%A4%A7%E9%99%A2,exact,,,,
7-1029-3-327,陈阁老宅,陈阁老宅,https://baike.baidu.com/view/474230.htm,exact,,,,
7-1030-3-328,双林三桥,双林三桥,https://baike.baidu.com/view/364744.htm,exact,双林三桥,https://zh.wikipedia.org/wiki/%E5%8F%8C%E6%9E%97%E4%B8%89%E6%A1%A5,exact,
7-1031-3-329,舜王庙,舜王庙,https://baike.baidu.com/subview/249525/249525.htm,exact,,,,
7-1032-3-330,马上桥花厅,马上桥花厅,https://baike.baidu.com/view/2746037.htm,exact,,,,
7-1033-3-331,周宣灵王庙,周宣灵王庙,https://baike.baidu.com/view/2755198.htm,exact,周宣灵王庙,https://zh.wikipedia.org/wiki/%E5%91%A8%E5%AE%A3%E7%81%B5%E7%8E%8B%E5%BA%99,exact,
7-1034-3-332,北二蓝氏宗祠,北二蓝氏宗祠,https://baike.baidu.com/view/10604248.htm,exact,北二蓝氏宗祠,https://zh.wikipedia.org/wiki/%E5%8C%97%E4%BA%8C%E8%93%9D%E6%B0%8F%E5%AE%97%E7%A5%A0,exact,
7-1035-3-333,三门源叶氏民居,三门源叶氏民居,https://baike.baidu.com/view/2748501.htm,exact,三门源叶氏民居,https://zh.wikipedia.org/wiki/%E4%B8%89%E9%97%A8%E6%BA%90%E5%8F%B6%E6%B0%8F%E6%B0%91%E5%B1%85,exact,
7-1036-3-334,西洋殿,西洋殿,https://baike.baidu.com/view/1747295.htm,exact,,,,
7-1037-3-335,普陀山普济寺,普陀山普济寺,https://baike.baidu.com/view/230693.htm,exact,,,,
7-1038-3-336,泰顺土楼,泰顺土楼,https://baike.baidu.com/item/%E6%B3%B0%E9%A1%BA%E5%9C%9F%E6%A5%BC,exact,泰顺土楼,https://zh.wikipedia.org/wiki/%E6%B3%B0%E9%A1%BA%E5%9C%9F%E6%A5%BC,exact,
7-1039-3-337,黄山登山古道及古建筑,黄山登山古道及古建筑,https://baike.baidu.com/item/%E9%BB%84%E5%B1%B1%E7%99%BB%E5%B1%B1%E5%8F%A4%E9%81%93%E5%8F%8A%E5%8F%A4%E5%BB%BA%E7%AD%91,exact,,,,
7-1040-3-338,黄金塔,黄金塔,https://baike.baidu.com/subview/105197/105197.htm,exact,,,,
7-1041-3-339,太平塔,太平塔,https://baike.baidu.com/subview/484903/11868742.htm,exact,太平塔,https://zh.wikipedia.org/wiki/%E5%A4%AA%E5%B9%B3%E5%A1%94,exact,
7-1042-3-340,天寿寺塔,天寿寺塔,https://baike.baidu.com/view/669370.htm,exact,天寿寺塔,https://zh.wikipedia.org/wiki/%E5%A4%A9%E5%AF%BF%E5%AF%BA%E5%A1%94,exact,
7-1043-3-341,长庆寺塔,长庆寺塔,https://baike.baidu.com/view/342229.htm,exact,,,,
7-1044-3-342,仙人塔,仙人塔,https://baike.baidu.com/subview/1062844/12008729.htm,exact,仙人塔,https://zh.wikipedia.org/wiki/%E4%BB%99%E4%BA%BA%E5%A1%94,exact,
7-1045-3-343,程大位故居,程大位故居,https://baike.baidu.com/view/343097.htm,exact,,,,
7-1046-3-344,黄村进士第,黄村进士第,https://baike.baidu.com/view/342182.htm,exact,,,,
7-1047-3-345,法云寺塔,法云寺塔,https://baike.baidu.com/subview/8705212/11851204.htm,exact,法云寺塔,https://zh.wikipedia.org/wiki/%E6%B3%95%E4%BA%91%E5%AF%BA%E5%A1%94,exact,
7-1048-3-346,桐城文庙,桐城文庙,https://baike.baidu.com/view/10219.htm,exact,桐城文庙,https://zh.wikipedia.org/wiki/%E6%A1%90%E5%9F%8E%E6%96%87%E5%BA%99,exact,
7-1049-3-347,洪氏宗祠,洪氏宗祠,https://baike.baidu.com/item/%E6%B4%AA%E6%B0%8F%E5%AE%97%E7%A5%A0,exact,洪氏宗祠,https://zh.wikipedia.org/wiki/%E6%B4%AA%E6%B0%8F%E5%AE%97%E7%A5%A0,exact,
7-1050-3-348,奕世尚书坊和胡炳衡宅,奕世尚书坊和胡炳衡宅,https://baike.baidu.com/item/%E5%A5%95%E4%B8%96%E5%B0%9A%E4%B9%A6%E5%9D%8A%E5%92%8C%E8%83%A1%E7%82%B3%E8%A1%A1%E5%AE%85,exact,,,,
7-1051-3-349,寿县孔庙,寿县孔庙,https://baike.baidu.com/view/539606.htm,exact,,,,
7-1052-3-350,寿县清真寺,寿县清真寺,https://baike.baidu.com/view/539625.htm,exact,,,,
7-1053-3-351,太平山房,太平山房,https://baike.baidu.com/view/9124024.htm,exact,太平山房,https://zh.wikipedia.org/wiki/%E5%A4%AA%E5%B9%B3%E5%B1%B1%E6%88%BF,exact,
7-1054-3-352,棠樾古民居,棠樾古民居,https://baike.baidu.com/view/4280050.htm,exact,,,,
7-1055-3-353,九华山祇园寺,九华山祇园寺,https://baike.baidu.com/item/%E4%B9%9D%E5%8D%8E%E5%B1%B1%E7%A5%87%E5%9B%AD%E5%AF%BA,exact,,,,
7-1056-3-354,上庄古建筑群,上庄古建筑群,https://baike.baidu.com/item/%E4%B8%8A%E5%BA%84%E5%8F%A4%E5%BB%BA%E7%AD%91%E7%BE%A4/19937435,exact,上庄古建筑群,https://zh.wikipedia.org/wiki/%E4%B8%8A%E5%BA%84%E5%8F%A4%E5%BB%BA%E7%AD%91%E7%BE%A4,exact,
7-1057-3-355,九华山化城寺,九华山化城寺,https://baike.baidu.com/view/539721.htm,exact,,,,
7-1058-3-356,九华山月身殿,九华山月身殿,https://baike.baidu.com/item/%E4%B9%9D%E5%8D%8E%E5%B1%B1%E6%9C%88%E8%BA%AB%E6%AE%BF,exact,,,,
7-1059-3-357,安庆南关清真寺,安庆南关清真寺,https://baike.baidu.com/item/%E5%AE%89%E5%BA%86%E5%8D%97%E5%85%B3%E6%B8%85%E7%9C%9F%E5%AF%BA,exact,,,,
7-1060-3-358,济阳曹氏宗祠,济阳曹氏宗祠,https://baike.baidu.com/item/%E6%B5%8E%E9%98%B3%E6%9B%B9%E6%B0%8F%E5%AE%97%E7%A5%A0,exact,,,,
7-1061-3-359,上章李氏宗祠,上章李氏宗祠,https://baike.baidu.com/item/%E4%B8%8A%E7%AB%A0%E6%9D%8E%E6%B0%8F%E5%AE%97%E7%A5%A0,exact,上章李氏宗祠,https://zh.wikipedia.org/wiki/%E4%B8%8A%E7%AB%A0%E6%9D%8E%E6%B0%8F%E5%AE%97%E7%A5%A0,exact,
7-1062-3-360,九华山百岁宫,九华山百岁宫,https://baike.baidu.com/item/%E4%B9%9D%E5%8D%8E%E5%B1%B1%E7%99%BE%E5%B2%81%E5%AE%AB,exact,,,,
7-1063-3-361,旌德文庙,旌德文庙,https://baike.baidu.com/view/1554680.htm,exact,,,,
7-1064-3-362,北岸吴氏宗祠,北岸吴氏宗祠,https://baike.baidu.com/view/342124.htm,exact,北岸吴氏宗祠,https://zh.wikipedia.org/wiki/%E5%8C%97%E5%B2%B8%E5%90%B4%E6%B0%8F%E5%AE%97%E7%A5%A0,exact,
7-1065-3-363,员公支祠,员公支祠,https://baike.baidu.com/view/4280067.htm,exact,员公支祠,https://zh.wikipedia.org/wiki/%E5%91%98%E5%85%AC%E6%94%AF%E7%A5%A0,exact,
7-1066-3-364,昌溪周氏宗祠,昌溪周氏宗祠,https://baike.baidu.com/item/%E6%98%8C%E6%BA%AA%E5%91%A8%E6%B0%8F%E5%AE%97%E7%A5%A0,exact,,,,
7-1067-3-365,北岸廊桥,北岸廊桥,https://baike.baidu.com/view/502039.htm,exact,北岸廊桥,https://zh.wikipedia.org/wiki/%E5%8C%97%E5%B2%B8%E5%BB%8A%E6%A1%A5,exact,
7-1068-3-366,兴村程氏宗祠,兴村程氏宗祠,https://baike.baidu.com/item/%E5%85%B4%E6%9D%91%E7%A8%8B%E6%B0%8F%E5%AE%97%E7%A5%A0,exact,兴村程氏宗祠,https://zh.wikipedia.org/wiki/%E5%85%B4%E6%9D%91%E7%A8%8B%E6%B0%8F%E5%AE%97%E7%A5%A0,exact,
7-1069-3-367,南京巷钱庄,南京巷钱庄,https://baike.baidu.com/view/1847444.htm,exact,,,,
7-1070-3-368,太白楼,太白楼,https://baike.baidu.com/subview/55135/6985238.htm,exact,,,,
7-1071-3-369,汀州城墙,汀州城墙,https://baike.baidu.com/item/%E6%B1%80%E5%B7%9E%E5%9F%8E%E5%A2%99,exact,,,,
7-1072-3-370,龙江桥,龙江桥,https://baike.baidu.com/subview/2134109/20500257.htm,exact,,,,
7-1073-3-371,五塔岩石塔,五塔岩石塔,https://baike.baidu.com/view/3031793.htm,exact,五塔岩石塔,https://zh.wikipedia.org/wiki/%E4%BA%94%E5%A1%94%E5%B2%A9%E7%9F%B3%E5%A1%94,exact,
7-1074-3-372,龙华双塔,龙华双塔,https://baike.baidu.com/view/1311229.htm,exact,,,,
7-1075-3-373,宁海桥,宁海桥,https://baike.baidu.com/view/935183.htm,exact,宁海桥,https://zh.wikipedia.org/wiki/%E5%AE%81%E6%B5%B7%E6%A1%A5,exact,
7-1076-3-374,罗星塔,罗星塔,https://baike.baidu.com/view/164084.htm,exact,,,,
7-1077-3-375,镇海卫城址,镇海卫城址,https://baike.baidu.com/item/%E9%95%87%E6%B5%B7%E5%8D%AB%E5%9F%8E%E5%9D%80,exact,,,,
7-1078-3-376,云峰寺大殿,云峰寺大殿,https://baike.baidu.com/item/%E4%BA%91%E5%B3%B0%E5%AF%BA%E5%A4%A7%E6%AE%BF,exact,,,,
7-1079-3-377,观音亭寨,观音亭寨,https://baike.baidu.com/item/%E8%A7%82%E9%9F%B3%E4%BA%AD%E5%AF%A8,exact,,,,
7-1080-3-378,惠安青山宫,惠安青山宫,https://baike.baidu.com/item/%E6%83%A0%E5%AE%89%E9%9D%92%E5%B1%B1%E5%AE%AB,exact,惠安青山宫,https://zh.wikipedia.org/wiki/%E6%83%A0%E5%AE%89%E9%9D%92%E5%B1%B1%E5%AE%AB,exact,
7-1081-3-379,林公忠平王祖殿,林公忠平王祖殿,https://baike.baidu.com/item/%E6%9E%97%E5%85%AC%E5%BF%A0%E5%B9%B3%E7%8E%8B%E7%A5%96%E6%AE%BF,exact,,,,
7-1082-3-380,安海龙山寺,安海龙山寺,https://baike.baidu.com/view/4797975.htm,exact,,,,
7-1083-3-381,大田土堡群,大田土堡群,https://baike.baidu.com/view/7223298.htm,exact,大田土堡群,https://zh.wikipedia.org/wiki/%E5%A4%A7%E7%94%B0%E5%9C%9F%E5%A0%A1%E7%BE%A4,exact,
7-1084-3-382,古田临水宫,古田临水宫,https://baike.baidu.com/view/500453.htm,exact,古田临水宫,https://zh.wikipedia.org/wiki/%E5%8F%A4%E7%94%B0%E4%B8%B4%E6%B0%B4%E5%AE%AB,exact,
7-1085-3-383,清水岩寺,清水岩寺,https://baike.baidu.com/view/4872249.htm,exact,,,,
7-1086-3-384,平和城隍庙,平和城隍庙,https://baike.baidu.com/view/2872320.htm,exact,平和城隍庙,https://zh.wikipedia.org/wiki/%E5%B9%B3%E5%92%8C%E5%9F%8E%E9%9A%8D%E5%BA%99,exact,
7-1087-3-385,平海天后宫,平海天后宫,https://baike.baidu.com/view/2284880.htm,exact,平海天后宫,https://zh.wikipedia.org/wiki/%E5%B9%B3%E6%B5%B7%E5%A4%A9%E5%90%8E%E5%AE%AB,exact,
7-1088-3-386,漈下建筑群,漈下建筑群,https://baike.baidu.com/item/%E6%BC%88%E4%B8%8B%E5%BB%BA%E7%AD%91%E7%BE%A4,exact,,,,
7-1089-3-387,蓝廷珍府第,蓝廷珍府第,https://baike.baidu.com/view/2709790.htm,exact,,,,
7-1090-3-388,九头马民居,九头马民居,https://baike.baidu.com/item/%E4%B9%9D%E5%A4%B4%E9%A9%AC%E6%B0%91%E5%B1%85,exact,九头马民居,https://zh.wikipedia.org/wiki/%E4%B9%9D%E5%A4%B4%E9%A9%AC%E6%B0%91%E5%B1%85,exact,
7-1091-3-389,亭店杨氏民居,,,,亭店杨氏民居,https://zh.wikipedia.org/wiki/%E4%BA%AD%E5%BA%97%E6%9D%A8%E6%B0%8F%E6%B0%91%E5%B1%85,exact,杨阿苗故居 | https://baike.baidu.com/view/479886.htm | different-title
7-1092-3-390,南安林氏民居,南安林氏民居,https://baike.baidu.com/item/%E5%8D%97%E5%AE%89%E6%9E%97%E6%B0%8F%E6%B0%91%E5%B1%85,exact,南安林氏民居,https://zh.wikipedia.org/wiki/%E5%8D%97%E5%AE%89%E6%9E%97%E6%B0%8F%E6%B0%91%E5%B1%85,exact,
7-1093-3-391,南安中宪第,南安中宪第,https://baike.baidu.com/view/3129846.htm,exact,南安中宪第,https://zh.wikipedia.org/wiki/%E5%8D%97%E5%AE%89%E4%B8%AD%E5%AE%AA%E7%AC%AC,exact,
7-1094-3-392,李光地宅和祠,李光地宅和祠,https://baike.baidu.com/item/%E6%9D%8E%E5%85%89%E5%9C%B0%E5%AE%85%E5%92%8C%E7%A5%A0,exact,,,,
7-1095-3-393,玉井坊郑氏大厝,玉井坊郑氏大厝,https://baike.baidu.com/item/%E7%8E%89%E4%BA%95%E5%9D%8A%E9%83%91%E6%B0%8F%E5%A4%A7%E5%8E%9D,exact,,,,
7-1096-3-394,仙游文庙,仙游文庙,https://baike.baidu.com/view/1601458.htm,exact,仙游文庙,https://zh.wikipedia.org/wiki/%E4%BB%99%E6%B8%B8%E6%96%87%E5%BA%99,exact,
7-1097-3-395,建瓯文庙,建瓯文庙,https://baike.baidu.com/view/2962840.htm,exact,建瓯文庙,https://zh.wikipedia.org/wiki/%E5%BB%BA%E7%93%AF%E6%96%87%E5%BA%99,exact,
7-1098-3-396,官田李氏大宗祠,官田李氏大宗祠,https://baike.baidu.com/item/%E5%AE%98%E7%94%B0%E6%9D%8E%E6%B0%8F%E5%A4%A7%E5%AE%97%E7%A5%A0,exact,官田李氏大宗祠,https://zh.wikipedia.org/wiki/%E5%AE%98%E7%94%B0%E6%9D%8E%E6%B0%8F%E5%A4%A7%E5%AE%97%E7%A5%A0,exact,
7-1099-3-397,凤岐吴氏大宅,凤岐吴氏大宅,https://baike.baidu.com/view/2671784.htm,exact,凤岐吴氏大宅,https://zh.wikipedia.org/wiki/%E5%87%A4%E5%B2%90%E5%90%B4%E6%B0%8F%E5%A4%A7%E5%AE%85,exact,
7-1100-3-398,乘广禅师塔和甄叔禅师塔,乘广禅师塔和甄叔禅师塔,https://baike.baidu.com/item/%E4%B9%98%E5%B9%BF%E7%A6%85%E5%B8%88%E5%A1%94%E5%92%8C%E7%94%84%E5%8F%94%E7%A6%85%E5%B8%88%E5%A1%94,exact,乘广禅师塔和甄叔禅师塔,https://zh.wikipedia.org/wiki/%E4%B9%98%E5%B9%BF%E7%A6%85%E5%B8%88%E5%A1%94%E5%92%8C%E7%94%84%E5%8F%94%E7%A6%85%E5%B8%88%E5%A1%94,exact,
7-1101-3-399,石钟山古建筑及石刻,石钟山古建筑及石刻,https://baike.baidu.com/item/%E7%9F%B3%E9%92%9F%E5%B1%B1%E5%8F%A4%E5%BB%BA%E7%AD%91%E5%8F%8A%E7%9F%B3%E5%88%BB,exact,,,,
7-1102-3-400,槎滩陂,槎滩陂,https://baike.baidu.com/view/3241727.htm,exact,槎滩陂,https://zh.wikipedia.org/wiki/%E6%A7%8E%E6%BB%A9%E9%99%82,exact,
7-1103-3-401,永福寺塔,永福寺塔,https://baike.baidu.com/view/2581272.htm,exact,永福寺塔,https://zh.wikipedia.org/wiki/%E6%B0%B8%E7%A6%8F%E5%AF%BA%E5%A1%94,exact,
7-1104-3-402,逢渠桥,逢渠桥,https://baike.baidu.com/view/1361148.htm,exact,,,,
7-1105-3-403,马祖塔亭,马祖塔亭,https://baike.baidu.com/view/13356087.htm,exact,,,,
7-1106-3-404,大胜塔,大胜塔,https://baike.baidu.com/view/1741846.htm,exact,大胜塔,https://zh.wikipedia.org/wiki/%E5%A4%A7%E8%83%9C%E5%A1%94,exact,
7-1107-3-405,万安城墙,万安城墙,https://baike.baidu.com/view/11576040.htm,exact,万安城墙,https://zh.wikipedia.org/wiki/%E4%B8%87%E5%AE%89%E5%9F%8E%E5%A2%99,exact,
7-1108-3-406,紫阳堤,紫阳堤,https://baike.baidu.com/view/7984125.htm,exact,,,,
7-1109-3-407,龙虎山古建筑群,龙虎山古建筑群,https://baike.baidu.com/item/%E9%BE%99%E8%99%8E%E5%B1%B1%E5%8F%A4%E5%BB%BA%E7%AD%91%E7%BE%A4,exact,,,,
7-1110-3-408,明园,明园,https://baike.baidu.com/item/%E6%98%8E%E5%9B%AD/63785250,exact,明园,https://zh.wikipedia.org/wiki/%E6%98%8E%E5%9B%AD,exact,
7-1111-3-409,锁江楼塔,锁江楼塔,https://baike.baidu.com/view/473492.htm,exact,,,,
7-1112-3-410,庐山赐经亭,庐山赐经亭,https://baike.baidu.com/item/%E5%BA%90%E5%B1%B1%E8%B5%90%E7%BB%8F%E4%BA%AD,exact,庐山赐经亭,https://zh.wikipedia.org/wiki/%E5%BA%90%E5%B1%B1%E8%B5%90%E7%BB%8F%E4%BA%AD,exact,
7-1113-3-411,景贤贾氏宗祠,景贤贾氏宗祠,https://baike.baidu.com/item/%E6%99%AF%E8%B4%A4%E8%B4%BE%E6%B0%8F%E5%AE%97%E7%A5%A0,exact,景贤贾氏宗祠,https://zh.wikipedia.org/wiki/%E6%99%AF%E8%B4%A4%E8%B4%BE%E6%B0%8F%E5%AE%97%E7%A5%A0,exact,
7-1114-3-412,三清山古建筑群,三清山古建筑群,https://baike.baidu.com/item/%E4%B8%89%E6%B8%85%E5%B1%B1%E5%8F%A4%E5%BB%BA%E7%AD%91%E7%BE%A4,exact,三清山古建筑群,https://zh.wikipedia.org/wiki/%E4%B8%89%E6%B8%85%E5%B1%B1%E5%8F%A4%E5%BB%BA%E7%AD%91%E7%BE%A4,exact,
7-1115-3-413,龙图学士和刺史传芳牌楼门,龙图学士和刺史传芳牌楼门,https://baike.baidu.com/item/%E9%BE%99%E5%9B%BE%E5%AD%A6%E5%A3%AB%E5%92%8C%E5%88%BA%E5%8F%B2%E4%BC%A0%E8%8A%B3%E7%89%8C%E6%A5%BC%E9%97%A8,exact,,,,
7-1116-3-414,白鹭洲书院,白鹭洲书院,https://baike.baidu.com/view/628419.htm,exact,,,,
7-1117-3-415,万年桥和聚星塔,万年桥和聚星塔,https://baike.baidu.com/item/%E4%B8%87%E5%B9%B4%E6%A1%A5%E5%92%8C%E8%81%9A%E6%98%9F%E5%A1%94,exact,,,,
7-1118-3-416,羊角水堡,羊角水堡,https://baike.baidu.com/subview/12872258/13357792.htm,exact,,,,
7-1119-3-417,龙溪祝氏宗祠,龙溪祝氏宗祠,https://baike.baidu.com/view/5639131.htm,exact,,,,
7-1120-3-418,庐山御碑亭,庐山御碑亭,https://baike.baidu.com/view/1272951.htm,exact,庐山御碑亭,https://zh.wikipedia.org/wiki/%E5%BA%90%E5%B1%B1%E5%BE%A1%E7%A2%91%E4%BA%AD,exact,
7-1121-3-419,安福孔庙,安福孔庙,https://baike.baidu.com/view/918463.htm,exact,,,,
7-1122-3-420,太平桥,太平桥,https://baike.baidu.com/subview/173651/7913990.htm,exact,太平桥,https://zh.wikipedia.org/wiki/%E5%A4%AA%E5%B9%B3%E6%A1%A5,exact,
7-1123-3-421,羽琌山馆和云亭别墅,羽琌山馆和云亭别墅,https://baike.baidu.com/item/%E7%BE%BD%E7%90%8C%E5%B1%B1%E9%A6%86%E5%92%8C%E4%BA%91%E4%BA%AD%E5%88%AB%E5%A2%85,exact,,,,
7-1124-3-422,永镇桥,永镇桥,https://baike.baidu.com/subview/856773/17593331.htm,exact,永镇桥,https://zh.wikipedia.org/wiki/%E6%B0%B8%E9%95%87%E6%A1%A5,exact,
7-1125-3-423,玉带桥,玉带桥,https://baike.baidu.com/subview/120299/11027589.htm,exact,玉带桥,https://zh.wikipedia.org/wiki/%E7%8E%89%E5%B8%A6%E6%A1%A5,exact,
7-1126-3-424,龚氏宗祠两牌楼及浣纱记石雕,龚氏宗祠两牌楼及浣纱记石雕,https://baike.baidu.com/item/%E9%BE%9A%E6%B0%8F%E5%AE%97%E7%A5%A0%E4%B8%A4%E7%89%8C%E6%A5%BC%E5%8F%8A%E6%B5%A3%E7%BA%B1%E8%AE%B0%E7%9F%B3%E9%9B%95,exact,,,,
7-1127-3-425,抚州玉隆万寿宫,抚州玉隆万寿宫,https://baike.baidu.com/view/11596353.htm,exact,抚州玉隆万寿宫,https://zh.wikipedia.org/wiki/%E6%8A%9A%E5%B7%9E%E7%8E%89%E9%9A%86%E4%B8%87%E5%AF%BF%E5%AE%AB,exact,
7-1128-3-426,驿前石屋里民宅,驿前石屋里民宅,https://baike.baidu.com/item/%E9%A9%BF%E5%89%8D%E7%9F%B3%E5%B1%8B%E9%87%8C%E6%B0%91%E5%AE%85,exact,,,,
7-1129-3-427,赣州文庙,赣州文庙,https://baike.baidu.com/view/173539.htm,exact,,,,
7-1130-3-428,凤山查氏宗祠,凤山查氏宗祠,https://baike.baidu.com/item/%E5%87%A4%E5%B1%B1%E6%9F%A5%E6%B0%8F%E5%AE%97%E7%A5%A0,exact,凤山查氏宗祠,https://zh.wikipedia.org/wiki/%E5%87%A4%E5%B1%B1%E6%9F%A5%E6%B0%8F%E5%AE%97%E7%A5%A0,exact,
7-1131-3-429,新源俞氏宗祠,新源俞氏宗祠,https://baike.baidu.com/item/%E6%96%B0%E6%BA%90%E4%BF%9E%E6%B0%8F%E5%AE%97%E7%A5%A0,exact,新源俞氏宗祠,https://zh.wikipedia.org/wiki/%E6%96%B0%E6%BA%90%E4%BF%9E%E6%B0%8F%E5%AE%97%E7%A5%A0,exact,
7-1132-3-430,浒崦名分堂戏台,浒崦名分堂戏台,https://baike.baidu.com/item/%E6%B5%92%E5%B4%A6%E5%90%8D%E5%88%86%E5%A0%82%E6%88%8F%E5%8F%B0,exact,,,,
7-1133-3-431,镇窑,镇窑,https://baike.baidu.com/view/2911883.htm,exact,,,,
7-1134-3-432,东生围,东生围,https://baike.baidu.com/view/3393554.htm,exact,东生围,https://zh.wikipedia.org/wiki/%E4%B8%9C%E7%94%9F%E5%9B%B4,exact,
7-1135-3-433,金口坝,金口坝,https://baike.baidu.com/view/1269522.htm,exact,,,,
7-1136-3-434,永丰塔,永丰塔,https://baike.baidu.com/subview/16721/16721.htm,exact,永丰塔,https://zh.wikipedia.org/wiki/%E6%B0%B8%E4%B8%B0%E5%A1%94,exact,
7-1137-3-435,重兴塔,重兴塔,https://baike.baidu.com/view/320226.htm,exact,,,,
7-1138-3-436,兴国寺塔,兴国寺塔,https://baike.baidu.com/subview/4494403/12473541.htm,exact,,,,
7-1139-3-437,太子灵踪塔,太子灵踪塔,https://baike.baidu.com/view/356119.htm,exact,太子灵踪塔,https://zh.wikipedia.org/wiki/%E5%A4%AA%E5%AD%90%E7%81%B5%E8%B8%AA%E5%A1%94,exact,
7-1140-3-438,兴隆塔,兴隆塔,https://baike.baidu.com/view/282300.htm,exact,兴隆塔,https://zh.wikipedia.org/wiki/%E5%85%B4%E9%9A%86%E5%A1%94,exact,
7-1141-3-439,伏羲庙,伏羲庙,https://baike.baidu.com/subview/7975/10876608.htm,exact,伏羲庙,https://zh.wikipedia.org/wiki/%E4%BC%8F%E7%BE%B2%E5%BA%99,exact,
7-1142-3-440,宁阳颜子庙和颜林,宁阳颜子庙和颜林,https://baike.baidu.com/item/%E5%AE%81%E9%98%B3%E9%A2%9C%E5%AD%90%E5%BA%99%E5%92%8C%E9%A2%9C%E6%9E%97,exact,宁阳颜子庙和颜林,https://zh.wikipedia.org/wiki/%E5%AE%81%E9%98%B3%E9%A2%9C%E5%AD%90%E5%BA%99%E5%92%8C%E9%A2%9C%E6%9E%97,exact,
7-1143-3-441,崂山道教建筑群,崂山道教建筑群,https://baike.baidu.com/item/%E5%B4%82%E5%B1%B1%E9%81%93%E6%95%99%E5%BB%BA%E7%AD%91%E7%BE%A4,exact,崂山道教建筑群,https://zh.wikipedia.org/wiki/%E5%B4%82%E5%B1%B1%E9%81%93%E6%95%99%E5%BB%BA%E7%AD%91%E7%BE%A4,exact,
7-1144-3-442,龙泉塔,龙泉塔,https://baike.baidu.com/view/239042.htm,exact,,,,
7-1145-3-443,光善寺塔,光善寺塔,https://baike.baidu.com/view/5113414.htm,exact,光善寺塔,https://zh.wikipedia.org/wiki/%E5%85%89%E5%96%84%E5%AF%BA%E5%A1%94,exact,
7-1146-3-444,平阴永济桥,平阴永济桥,https://baike.baidu.com/item/%E5%B9%B3%E9%98%B4%E6%B0%B8%E6%B5%8E%E6%A1%A5,exact,平阴永济桥,https://zh.wikipedia.org/wiki/%E5%B9%B3%E9%98%B4%E6%B0%B8%E6%B5%8E%E6%A1%A5,exact,
7-1147-3-445,四世宫保坊,四世宫保坊,https://baike.baidu.com/view/42472.htm,exact,,,,
7-1148-3-446,衡王府石坊,衡王府石坊,https://baike.baidu.com/view/368990.htm,exact,衡王府石坊,https://zh.wikipedia.org/wiki/%E8%A1%A1%E7%8E%8B%E5%BA%9C%E7%9F%B3%E5%9D%8A,exact,
7-1149-3-447,翠屏山多佛塔,翠屏山多佛塔,https://baike.baidu.com/view/9659983.htm,exact,翠屏山多佛塔,https://zh.wikipedia.org/wiki/%E7%BF%A0%E5%B1%8F%E5%B1%B1%E5%A4%9A%E4%BD%9B%E5%A1%94,exact,
7-1150-3-448,周公庙,周公庙,https://baike.baidu.com/subview/8584/6786620.htm,exact,周公庙,https://zh.wikipedia.org/wiki/%E5%91%A8%E5%85%AC%E5%BA%99,exact,
7-1151-3-449,戚继光祠堂及戚继光墓,戚继光祠堂及戚继光墓,https://baike.baidu.com/item/%E6%88%9A%E7%BB%A7%E5%85%89%E7%A5%A0%E5%A0%82%E5%8F%8A%E6%88%9A%E7%BB%A7%E5%85%89%E5%A2%93,exact,,,,
7-1152-3-450,大汶口古石桥,大汶口古石桥,https://baike.baidu.com/item/%E5%A4%A7%E6%B1%B6%E5%8F%A3%E5%8F%A4%E7%9F%B3%E6%A1%A5,exact,大汶口古石桥,https://zh.wikipedia.org/wiki/%E5%A4%A7%E6%B1%B6%E5%8F%A3%E5%8F%A4%E7%9F%B3%E6%A1%A5,exact,
7-1153-3-451,巨野文庙大成殿,巨野文庙大成殿,https://baike.baidu.com/item/%E5%B7%A8%E9%87%8E%E6%96%87%E5%BA%99%E5%A4%A7%E6%88%90%E6%AE%BF,exact,,,,
7-1154-3-452,青城文昌阁,青城文昌阁,https://baike.baidu.com/view/1215290.htm,exact,青城文昌阁,https://zh.wikipedia.org/wiki/%E9%9D%92%E5%9F%8E%E6%96%87%E6%98%8C%E9%98%81,exact,
7-1155-3-453,青州真教寺,青州真教寺,https://baike.baidu.com/view/71347.htm,exact,,,,
7-1156-3-454,慈孝兼完坊,慈孝兼完坊,https://baike.baidu.com/view/4739559.htm,exact,慈孝兼完坊,https://zh.wikipedia.org/wiki/%E6%85%88%E5%AD%9D%E5%85%BC%E5%AE%8C%E5%9D%8A,exact,
7-1157-3-455,百寿坊及百狮坊,百寿坊及百狮坊,https://baike.baidu.com/item/%E7%99%BE%E5%AF%BF%E5%9D%8A%E5%8F%8A%E7%99%BE%E7%8B%AE%E5%9D%8A,exact,,,,
7-1158-3-456,青山寺,青山寺,https://baike.baidu.com/item/%E9%9D%92%E5%B1%B1%E5%AF%BA/22179812,exact,青山寺,https://zh.wikipedia.org/wiki/%E9%9D%92%E5%B1%B1%E5%AF%BA,exact,
7-1159-3-457,五龙口古代水利设施,五龙口古代水利设施,https://baike.baidu.com/item/%E4%BA%94%E9%BE%99%E5%8F%A3%E5%8F%A4%E4%BB%A3%E6%B0%B4%E5%88%A9%E8%AE%BE%E6%96%BD,exact,五龙口古代水利设施,https://zh.wikipedia.org/wiki/%E4%BA%94%E9%BE%99%E5%8F%A3%E5%8F%A4%E4%BB%A3%E6%B0%B4%E5%88%A9%E8%AE%BE%E6%96%BD,exact,
7-1160-3-458,正阳石阙,正阳石阙,https://baike.baidu.com/item/%E6%AD%A3%E9%98%B3%E7%9F%B3%E9%98%99,exact,,,,
7-1161-3-459,阳台寺双石塔,阳台寺双石塔,https://baike.baidu.com/item/%E9%98%B3%E5%8F%B0%E5%AF%BA%E5%8F%8C%E7%9F%B3%E5%A1%94,exact,,,,
7-1162-3-460,少林寺,少林寺,https://baike.baidu.com/subview/1761/5732913.htm,exact,少林寺,https://zh.wikipedia.org/wiki/%E5%B0%91%E6%9E%97%E5%AF%BA,exact,
7-1163-3-461,兴国寺塔,兴国寺塔,https://baike.baidu.com/subview/4494403/12473541.htm,exact,,,,
7-1164-3-462,千尺塔,千尺塔,https://baike.baidu.com/view/5760674.htm,exact,千尺塔,https://zh.wikipedia.org/wiki/%E5%8D%83%E5%B0%BA%E5%A1%94,exact,
7-1165-3-463,寿圣寺双塔,寿圣寺双塔,https://baike.baidu.com/view/11760980.htm,exact,寿圣寺双塔,https://zh.wikipedia.org/wiki/%E5%AF%BF%E5%9C%A3%E5%AF%BA%E5%8F%8C%E5%A1%94,exact,
7-1166-3-464,凤台寺塔,凤台寺塔,https://baike.baidu.com/view/835002.htm,exact,凤台寺塔,https://zh.wikipedia.org/wiki/%E5%87%A4%E5%8F%B0%E5%AF%BA%E5%A1%94,exact,
7-1167-3-465,五花寺塔,五花寺塔,https://baike.baidu.com/view/1309667.htm,exact,五花寺塔,https://zh.wikipedia.org/wiki/%E4%BA%94%E8%8A%B1%E5%AF%BA%E5%A1%94,exact,
7-1168-3-466,玲珑塔,玲珑塔,https://baike.baidu.com/subview/177940/5812629.htm,exact,玲珑塔,https://zh.wikipedia.org/wiki/%E7%8E%B2%E7%8F%91%E5%A1%94,exact,
7-1169-3-467,广唐寺塔,广唐寺塔,https://baike.baidu.com/item/%E5%B9%BF%E5%94%90%E5%AF%BA%E5%A1%94,exact,,,,
7-1170-3-468,大兴寺塔,大兴寺塔,https://baike.baidu.com/view/1157374.htm,exact,,,,
7-1171-3-469,兴阳禅寺塔,兴阳禅寺塔,https://baike.baidu.com/view/1157372.htm,exact,,,,
7-1172-3-470,香山寺大悲观音大士塔及碑刻,香山寺大悲观音大士塔及碑刻,https://baike.baidu.com/item/%E9%A6%99%E5%B1%B1%E5%AF%BA%E5%A4%A7%E6%82%B2%E8%A7%82%E9%9F%B3%E5%A4%A7%E5%A3%AB%E5%A1%94%E5%8F%8A%E7%A2%91%E5%88%BB,exact,,,,
7-1173-3-471,秀公戒师和尚塔,秀公戒师和尚塔,https://baike.baidu.com/view/7128899.htm,exact,,,,
7-1174-3-472,清凉寺,清凉寺,https://baike.baidu.com/subview/133453/8331182.htm,exact,,,,
7-1175-3-473,灵山寺,灵山寺,https://baike.baidu.com/subview/153269/5733961.htm,exact,,,,
7-1176-3-474,天王寺善济塔,天王寺善济塔,https://baike.baidu.com/view/2877067.htm,exact,,,,
7-1177-3-475,药王庙大殿,药王庙大殿,https://baike.baidu.com/item/%E8%8D%AF%E7%8E%8B%E5%BA%99%E5%A4%A7%E6%AE%BF,exact,,,,
7-1178-3-476,坡街关王庙大殿,坡街关王庙大殿,https://baike.baidu.com/item/%E5%9D%A1%E8%A1%97%E5%85%B3%E7%8E%8B%E5%BA%99%E5%A4%A7%E6%AE%BF,exact,,,,
7-1179-3-477,玄天洞石塔,玄天洞石塔,https://baike.baidu.com/view/9031388.htm,exact,,,,
7-1180-3-478,韩王庙与昼锦堂,韩王庙与昼锦堂,https://baike.baidu.com/item/%E9%9F%A9%E7%8E%8B%E5%BA%99%E4%B8%8E%E6%98%BC%E9%94%A6%E5%A0%82,exact,,,,
7-1181-3-479,显圣王庙,显圣王庙,https://baike.baidu.com/item/%E6%98%BE%E5%9C%A3%E7%8E%8B%E5%BA%99,exact,,,,
7-1182-3-480,浚县古城墙及文治阁,浚县古城墙及文治阁,https://baike.baidu.com/item/%E6%B5%9A%E5%8E%BF%E5%8F%A4%E5%9F%8E%E5%A2%99%E5%8F%8A%E6%96%87%E6%B2%BB%E9%98%81,exact,,,,
7-1183-3-481,卢氏城隍庙,卢氏城隍庙,https://baike.baidu.com/view/480114.htm,exact,卢氏城隍庙,https://zh.wikipedia.org/wiki/%E5%8D%A2%E6%B0%8F%E5%9F%8E%E9%9A%8D%E5%BA%99,exact,
7-1184-3-482,襄城文庙,襄城文庙,https://baike.baidu.com/view/2899571.htm,exact,襄城文庙,https://zh.wikipedia.org/wiki/%E8%A5%84%E5%9F%8E%E6%96%87%E5%BA%99,exact,
7-1185-3-483,襄城城墙,襄城城墙,https://baike.baidu.com/item/%E8%A5%84%E5%9F%8E%E5%9F%8E%E5%A2%99,exact,襄城城墙,https://zh.wikipedia.org/wiki/%E8%A5%84%E5%9F%8E%E5%9F%8E%E5%A2%99,exact,
7-1186-3-484,高贤寿圣寺塔,高贤寿圣寺塔,https://baike.baidu.com/item/%E9%AB%98%E8%B4%A4%E5%AF%BF%E5%9C%A3%E5%AF%BA%E5%A1%94,exact,高贤寿圣寺塔,https://zh.wikipedia.org/wiki/%E9%AB%98%E8%B4%A4%E5%AF%BF%E5%9C%A3%E5%AF%BA%E5%A1%94,exact,
7-1187-3-485,碧霞宫,碧霞宫,https://baike.baidu.com/view/484077.htm,exact,,,,
7-1188-3-486,襄城乾明寺,襄城乾明寺,https://baike.baidu.com/item/%E8%A5%84%E5%9F%8E%E4%B9%BE%E6%98%8E%E5%AF%BA,exact,襄城乾明寺,https://zh.wikipedia.org/wiki/%E8%A5%84%E5%9F%8E%E4%B9%BE%E6%98%8E%E5%AF%BA,exact,
7-1189-3-487,永济桥,永济桥,https://baike.baidu.com/subview/182340/6040309.htm,exact,,,,
7-1190-3-488,南岳庙,南岳庙,https://baike.baidu.com/subview/114931/19039079.htm,exact,,,,
7-1191-3-489,陕县安国寺,陕县安国寺,https://baike.baidu.com/item/%E9%99%95%E5%8E%BF%E5%AE%89%E5%9B%BD%E5%AF%BA,exact,,,,
7-1192-3-490,郑州城隍庙（含文庙大成殿）,郑州城隍庙,https://baike.baidu.com/view/81230.htm,related-location,,,,
7-1193-3-491,登封城隍庙,登封城隍庙,https://baike.baidu.com/view/7824730.htm,exact,登封城隍庙,https://zh.wikipedia.org/wiki/%E7%99%BB%E5%B0%81%E5%9F%8E%E9%9A%8D%E5%BA%99,exact,
7-1194-3-492,朱仙镇岳飞庙（含关帝庙）,朱仙镇岳飞庙（含关帝庙）,https://baike.baidu.com/item/%E6%9C%B1%E4%BB%99%E9%95%87%E5%B2%B3%E9%A3%9E%E5%BA%99%EF%BC%88%E5%90%AB%E5%85%B3%E5%B8%9D%E5%BA%99%EF%BC%89,exact,,,,
7-1195-3-493,高阁寺,高阁寺,https://baike.baidu.com/view/173018.htm,exact,,,,
7-1196-3-494,彰德府城隍庙,彰德府城隍庙,https://baike.baidu.com/item/%E5%BD%B0%E5%BE%B7%E5%BA%9C%E5%9F%8E%E9%9A%8D%E5%BA%99,exact,彰德府城隍庙,https://zh.wikipedia.org/wiki/%E5%BD%B0%E5%BE%B7%E5%BA%9C%E5%9F%8E%E9%9A%8D%E5%BA%99,exact,
7-1197-3-495,林州惠明寺,林州惠明寺,https://baike.baidu.com/item/%E6%9E%97%E5%B7%9E%E6%83%A0%E6%98%8E%E5%AF%BA,exact,,,,
7-1198-3-496,寨卜昌村古建筑群,寨卜昌村古建筑群,https://baike.baidu.com/item/%E5%AF%A8%E5%8D%9C%E6%98%8C%E6%9D%91%E5%8F%A4%E5%BB%BA%E7%AD%91%E7%BE%A4,exact,,,,
7-1199-3-497,天宝宫,天宝宫,https://baike.baidu.com/view/121771.htm,exact,天宝宫,https://zh.wikipedia.org/wiki/%E5%A4%A9%E5%AE%9D%E5%AE%AB,exact,
7-1200-3-498,临沣寨,临沣寨,https://baike.baidu.com/subview/670068/670068.htm,exact,,,,
7-1201-3-499,郑州清真寺,郑州清真寺,https://baike.baidu.com/item/%E9%83%91%E5%B7%9E%E6%B8%85%E7%9C%9F%E5%AF%BA,exact,郑州清真寺,https://zh.wikipedia.org/wiki/%E9%83%91%E5%B7%9E%E6%B8%85%E7%9C%9F%E5%AF%BA,exact,
7-1202-3-500,密县县衙,密县县衙,https://baike.baidu.com/view/4250309.htm,exact,密县县衙,https://zh.wikipedia.org/wiki/%E5%AF%86%E5%8E%BF%E5%8E%BF%E8%A1%99,exact,
7-1203-3-501,相国寺,大相国寺,https://baike.baidu.com/subview/4872/4872.htm,related-location,相国寺,https://zh.wikipedia.org/wiki/%E7%9B%B8%E5%9B%BD%E5%AF%BA,exact,
7-1204-3-502,青龙宫,青龙宫,https://baike.baidu.com/subview/1708382/1708382.htm,exact,青龍宮,https://zh.wikipedia.org/wiki/%E9%9D%92%E9%BE%8D%E5%AE%AE,redirect,
7-1205-3-503,西关清真寺,西关清真寺,https://baike.baidu.com/item/%E8%A5%BF%E5%85%B3%E6%B8%85%E7%9C%9F%E5%AF%BA/16984968,exact,,,,
7-1206-3-504,许昌关帝庙,许昌关帝庙,https://baike.baidu.com/item/%E8%AE%B8%E6%98%8C%E5%85%B3%E5%B8%9D%E5%BA%99,exact,许昌关帝庙,https://zh.wikipedia.org/wiki/%E8%AE%B8%E6%98%8C%E5%85%B3%E5%B8%9D%E5%BA%99,exact,
7-1207-3-505,镇平菩提寺,镇平菩提寺,https://baike.baidu.com/view/4276459.htm,exact,菩提寺 (南阳),https://zh.wikipedia.org/wiki/%E8%8F%A9%E6%8F%90%E5%AF%BA_(%E5%8D%97%E9%98%B3),redirect,
7-1208-3-506,邓城叶氏庄园,邓城叶氏庄园,https://baike.baidu.com/item/%E9%82%93%E5%9F%8E%E5%8F%B6%E6%B0%8F%E5%BA%84%E5%9B%AD,exact,,,,
7-1209-3-507,郏县山陕会馆,郏县山陕会馆,https://baike.baidu.com/view/3132028.htm,exact,,,,
7-1210-3-508,西蒋村马氏庄园,西蒋村马氏庄园,https://baike.baidu.com/item/%E8%A5%BF%E8%92%8B%E6%9D%91%E9%A9%AC%E6%B0%8F%E5%BA%84%E5%9B%AD,exact,,,,
7-1211-3-509,庙上村地坑窑院,庙上村地坑窑院,https://baike.baidu.com/item/%E5%BA%99%E4%B8%8A%E6%9D%91%E5%9C%B0%E5%9D%91%E7%AA%91%E9%99%A2,exact,,,,
7-1212-3-510,双城塔,双城塔,https://baike.baidu.com/view/991481.htm,exact,,,,
7-1213-3-511,无影塔,无影塔,https://baike.baidu.com/item/%E6%97%A0%E5%BD%B1%E5%A1%94/22984550,exact,无影塔,https://zh.wikipedia.org/wiki/%E6%97%A0%E5%BD%B1%E5%A1%94,exact,
7-1214-3-512,胜像宝塔,胜像宝塔,https://baike.baidu.com/view/2952116.htm,exact,胜像宝塔,https://zh.wikipedia.org/wiki/%E8%83%9C%E5%83%8F%E5%AE%9D%E5%A1%94,exact,
7-1215-3-513,郑公塔,郑公塔,https://baike.baidu.com/view/1948221.htm,exact,,,,
7-1216-3-514,槐山矶驳岸,槐山矶驳岸,https://baike.baidu.com/view/445436.htm,exact,槐山矶驳岸,https://zh.wikipedia.org/wiki/%E6%A7%90%E5%B1%B1%E7%9F%B6%E9%A9%B3%E5%B2%B8,exact,
7-1217-3-515,白龙寺,白龙寺,https://baike.baidu.com/subview/689477/9693550.htm,exact,白龙寺,https://zh.wikipedia.org/wiki/%E7%99%BD%E9%BE%99%E5%AF%BA,exact,
7-1218-3-516,禹稷行宫,禹稷行宫,https://baike.baidu.com/view/5170950.htm,exact,,,,
7-1219-3-517,杨家湾老屋,杨家湾老屋,https://baike.baidu.com/view/6681273.htm,exact,,,,
7-1220-3-518,百宝寨岩屋,百宝寨岩屋,https://baike.baidu.com/item/%E7%99%BE%E5%AE%9D%E5%AF%A8%E5%B2%A9%E5%B1%8B,exact,,,,
7-1221-3-519,甘氏宗祠,甘氏宗祠,https://baike.baidu.com/view/6022827.htm,exact,,,,
7-1222-3-520,大丰仓,大丰仓,https://baike.baidu.com/item/%E5%A4%A7%E4%B8%B0%E4%BB%93,exact,,,,
7-1223-3-521,上津古城,上津古城,https://baike.baidu.com/view/194731.htm,exact,,,,
7-1224-3-522,万年台戏台,万年台戏台,https://baike.baidu.com/item/%E4%B8%87%E5%B9%B4%E5%8F%B0%E6%88%8F%E5%8F%B0,exact,,,,
7-1225-3-523,沈鸿宾故居,沈鸿宾故居,https://baike.baidu.com/item/%E6%B2%88%E9%B8%BF%E5%AE%BE%E6%95%85%E5%B1%85,exact,,,,
7-1226-3-524,王明璠府第,王明璠府第,https://baike.baidu.com/view/10623921.htm,exact,,,,
7-1227-3-525,彭家寨古建筑群,彭家寨古建筑群,https://baike.baidu.com/item/%E5%BD%AD%E5%AE%B6%E5%AF%A8%E5%8F%A4%E5%BB%BA%E7%AD%91%E7%BE%A4,exact,彭家寨古建筑群,https://zh.wikipedia.org/wiki/%E5%BD%AD%E5%AE%B6%E5%AF%A8%E5%8F%A4%E5%BB%BA%E7%AD%91%E7%BE%A4,exact,
7-1228-3-526,湘桂古道永州段,湘桂古道永州段,https://baike.baidu.com/item/%E6%B9%98%E6%A1%82%E5%8F%A4%E9%81%93%E6%B0%B8%E5%B7%9E%E6%AE%B5,exact,,,,
7-1229-3-527,慈氏塔,慈氏塔,https://baike.baidu.com/view/38095.htm,exact,慈氏塔,https://zh.wikipedia.org/wiki/%E6%85%88%E6%B0%8F%E5%A1%94,exact,
7-1230-3-528,花瓦寺塔,花瓦寺塔,https://baike.baidu.com/view/8279203.htm,exact,花瓦寺塔,https://zh.wikipedia.org/wiki/%E8%8A%B1%E7%93%A6%E5%AF%BA%E5%A1%94,exact,
7-1231-3-529,宝庆府古城墙,宝庆府古城墙,https://baike.baidu.com/item/%E5%AE%9D%E5%BA%86%E5%BA%9C%E5%8F%A4%E5%9F%8E%E5%A2%99,exact,,,,
7-1232-3-530,武冈城墙,武冈城墙,https://baike.baidu.com/view/6712657.htm,exact,武冈城墙,https://zh.wikipedia.org/wiki/%E6%AD%A6%E5%86%88%E5%9F%8E%E5%A2%99,exact,
7-1233-3-531,绣衣坊（含范氏家庙和中丞公祠）,绣衣坊（含范氏家庙和中丞公祠）,https://baike.baidu.com/item/%E7%BB%A3%E8%A1%A3%E5%9D%8A%EF%BC%88%E5%90%AB%E8%8C%83%E6%B0%8F%E5%AE%B6%E5%BA%99%E5%92%8C%E4%B8%AD%E4%B8%9E%E5%85%AC%E7%A5%A0%EF%BC%89,exact,,,,
7-1234-3-532,回龙塔,回龙塔,https://baike.baidu.com/view/1323197.htm,exact,回龙塔,https://zh.wikipedia.org/wiki/%E5%9B%9E%E9%BE%99%E5%A1%94,exact,
7-1235-3-533,云龙坊与王氏虚堂,云龙坊与王氏虚堂,https://baike.baidu.com/item/%E4%BA%91%E9%BE%99%E5%9D%8A%E4%B8%8E%E7%8E%8B%E6%B0%8F%E8%99%9A%E5%A0%82,exact,,,,
7-1236-3-534,天心阁古城墙,天心阁古城墙,https://baike.baidu.com/view/441222.htm,exact,,,,
7-1237-3-535,大渔村王氏宗祠,大渔村王氏宗祠,https://baike.baidu.com/item/%E5%A4%A7%E6%B8%94%E6%9D%91%E7%8E%8B%E6%B0%8F%E5%AE%97%E7%A5%A0,exact,大渔村王氏宗祠,https://zh.wikipedia.org/wiki/%E5%A4%A7%E6%B8%94%E6%9D%91%E7%8E%8B%E6%B0%8F%E5%AE%97%E7%A5%A0,exact,
7-1238-3-536,普光禅寺古建筑群,普光禅寺古建筑群,https://baike.baidu.com/item/%E6%99%AE%E5%85%89%E7%A6%85%E5%AF%BA%E5%8F%A4%E5%BB%BA%E7%AD%91%E7%BE%A4,exact,,,,
7-1239-3-537,龙溪李家大院,龙溪李家大院,https://baike.baidu.com/view/1741967.htm,exact,,,,
7-1240-3-538,涧岩头周家大院古建筑群,涧岩头周家大院古建筑群,https://baike.baidu.com/item/%E6%B6%A7%E5%B2%A9%E5%A4%B4%E5%91%A8%E5%AE%B6%E5%A4%A7%E9%99%A2%E5%8F%A4%E5%BB%BA%E7%AD%91%E7%BE%A4,exact,,,,
7-1241-3-539,夹山寺,夹山寺,https://baike.baidu.com/view/478370.htm,exact,夹山寺,https://zh.wikipedia.org/wiki/%E5%A4%B9%E5%B1%B1%E5%AF%BA,exact,
7-1242-3-540,濂溪故里古建筑群,濂溪故里古建筑群,https://baike.baidu.com/item/%E6%BF%82%E6%BA%AA%E6%95%85%E9%87%8C%E5%8F%A4%E5%BB%BA%E7%AD%91%E7%BE%A4,exact,,,,
7-1243-3-541,荆坪村古建筑群,荆坪村古建筑群,https://baike.baidu.com/item/%E8%8D%86%E5%9D%AA%E6%9D%91%E5%8F%A4%E5%BB%BA%E7%AD%91%E7%BE%A4,exact,,,,
7-1244-3-542,澧州文庙,澧州文庙,https://baike.baidu.com/view/414415.htm,exact,澧州文庙,https://zh.wikipedia.org/wiki/%E6%BE%A7%E5%B7%9E%E6%96%87%E5%BA%99,exact,
7-1245-3-543,澧州古城墙,澧州古城墙,https://baike.baidu.com/view/155761.htm,exact,,,,
7-1246-3-544,龙家大院,龙家大院,https://baike.baidu.com/view/1417217.htm,exact,,,,
7-1247-3-545,黔城古建筑群,黔城古建筑群,https://baike.baidu.com/item/%E9%BB%94%E5%9F%8E%E5%8F%A4%E5%BB%BA%E7%AD%91%E7%BE%A4,exact,,,,
7-1248-3-546,汝城古祠堂群,汝城古祠堂群,https://baike.baidu.com/view/3379577.htm,exact,汝城古祠堂群,https://zh.wikipedia.org/wiki/%E6%B1%9D%E5%9F%8E%E5%8F%A4%E7%A5%A0%E5%A0%82%E7%BE%A4,exact,
7-1249-3-547,洞口宗祠建筑群,洞口宗祠建筑群,https://baike.baidu.com/item/%E6%B4%9E%E5%8F%A3%E5%AE%97%E7%A5%A0%E5%BB%BA%E7%AD%91%E7%BE%A4,exact,洞口宗祠建筑群,https://zh.wikipedia.org/wiki/%E6%B4%9E%E5%8F%A3%E5%AE%97%E7%A5%A0%E5%BB%BA%E7%AD%91%E7%BE%A4,exact,
7-1250-3-548,星子宫古建筑群,星子宫古建筑群,https://baike.baidu.com/item/%E6%98%9F%E5%AD%90%E5%AE%AB%E5%8F%A4%E5%BB%BA%E7%AD%91%E7%BE%A4,exact,,,,
7-1251-3-549,芷江天后宫,芷江天后宫,https://baike.baidu.com/view/323513.htm,exact,芷江天后宫,https://zh.wikipedia.org/wiki/%E8%8A%B7%E6%B1%9F%E5%A4%A9%E5%90%8E%E5%AE%AB,exact,
7-1252-3-550,荫家堂,荫家堂,https://baike.baidu.com/view/3107803.htm,exact,荫家堂,https://zh.wikipedia.org/wiki/%E8%8D%AB%E5%AE%B6%E5%A0%82,exact,
7-1253-3-551,新化北塔,新化北塔,https://baike.baidu.com/view/996128.htm,exact,新化北塔,https://zh.wikipedia.org/wiki/%E6%96%B0%E5%8C%96%E5%8C%97%E5%A1%94,exact,
7-1254-3-552,浏阳文庙,浏阳文庙,https://baike.baidu.com/view/84848.htm,exact,浏阳文庙,https://zh.wikipedia.org/wiki/%E6%B5%8F%E9%98%B3%E6%96%87%E5%BA%99,exact,
7-1255-3-553,湘阴文庙,湘阴文庙,https://baike.baidu.com/view/9297748.htm,exact,湘阴文庙,https://zh.wikipedia.org/wiki/%E6%B9%98%E9%98%B4%E6%96%87%E5%BA%99,exact,
7-1256-3-554,北五省会馆,北五省会馆,https://baike.baidu.com/view/10177510.htm,exact,北五省会馆,https://zh.wikipedia.org/wiki/%E5%8C%97%E4%BA%94%E7%9C%81%E4%BC%9A%E9%A6%86,exact,
7-1257-3-555,岁圆楼古建筑群,岁圆楼古建筑群,https://baike.baidu.com/item/%E5%B2%81%E5%9C%86%E6%A5%BC%E5%8F%A4%E5%BB%BA%E7%AD%91%E7%BE%A4,exact,,,,
7-1258-3-556,零陵文武双庙,零陵文武双庙,https://baike.baidu.com/item/%E9%9B%B6%E9%99%B5%E6%96%87%E6%AD%A6%E5%8F%8C%E5%BA%99,exact,,,,
7-1259-3-557,乾州文庙,乾州文庙,https://baike.baidu.com/view/10153647.htm,exact,乾州文庙,https://zh.wikipedia.org/wiki/%E4%B9%BE%E5%B7%9E%E6%96%87%E5%BA%99,exact,
7-1260-3-558,恭城书院,恭城书院,https://baike.baidu.com/view/793004.htm,exact,恭城书院,https://zh.wikipedia.org/wiki/%E6%81%AD%E5%9F%8E%E4%B9%A6%E9%99%A2,exact,
7-1261-3-559,芙蓉楼,芙蓉楼,https://baike.baidu.com/subview/453592/5972702.htm,exact,,,,
7-1262-3-560,兵书阁与文星桥,兵书阁与文星桥,https://baike.baidu.com/item/%E5%85%B5%E4%B9%A6%E9%98%81%E4%B8%8E%E6%96%87%E6%98%9F%E6%A1%A5,exact,,,,
7-1263-3-561,广利桥,广利桥,https://baike.baidu.com/view/1549127.htm,exact,广利桥,https://zh.wikipedia.org/wiki/%E5%B9%BF%E5%88%A9%E6%A1%A5,exact,
7-1264-3-562,久安背翰林祠,久安背翰林祠,https://baike.baidu.com/view/1417584.htm,exact,,,,
7-1265-3-563,白衣观,白衣观,https://baike.baidu.com/view/953571.htm,exact,白衣观,https://zh.wikipedia.org/wiki/%E7%99%BD%E8%A1%A3%E8%A7%82,exact,
7-1266-3-564,王船山故居及墓,王船山故居及墓,https://baike.baidu.com/item/%E7%8E%8B%E8%88%B9%E5%B1%B1%E6%95%85%E5%B1%85%E5%8F%8A%E5%A2%93,exact,,,,
7-1267-3-565,田家大院,田家大院,https://baike.baidu.com/item/%E7%94%B0%E5%AE%B6%E5%A4%A7%E9%99%A2/62750658,exact,,,,
7-1268-3-566,安化风雨桥,安化风雨桥,https://baike.baidu.com/item/%E5%AE%89%E5%8C%96%E9%A3%8E%E9%9B%A8%E6%A1%A5,exact,安化风雨桥,https://zh.wikipedia.org/wiki/%E5%AE%89%E5%8C%96%E9%A3%8E%E9%9B%A8%E6%A1%A5,exact,
7-1269-3-567,石堰坪古建筑群,石堰坪古建筑群,https://baike.baidu.com/item/%E7%9F%B3%E5%A0%B0%E5%9D%AA%E5%8F%A4%E5%BB%BA%E7%AD%91%E7%BE%A4,exact,,,,
7-1270-3-568,南粤雄关与古道,梅关古道,https://baike.baidu.com/view/51363.htm,manual,梅關古道,https://zh.wikipedia.org/wiki/%E6%A2%85%E9%97%9C%E5%8F%A4%E9%81%93,manual,梅关古道 | https://baike.baidu.com/view/51363.htm | different-title；梅關古道 | https://zh.wikipedia.org/wiki/%E6%A2%85%E9%97%9C%E5%8F%A4%E9%81%93 | different-title
7-1271-3-569,文光塔,文光塔,https://baike.baidu.com/subview/61473/10837982.htm,exact,文光塔,https://zh.wikipedia.org/wiki/%E6%96%87%E5%85%89%E5%A1%94,exact,
7-1272-3-570,父子进士牌坊,父子进士牌坊,https://baike.baidu.com/item/%E7%88%B6%E5%AD%90%E8%BF%9B%E5%A3%AB%E7%89%8C%E5%9D%8A,exact,,,,
7-1273-3-571,五仙观及岭南第一楼,五仙观及岭南第一楼,https://baike.baidu.com/item/%E4%BA%94%E4%BB%99%E8%A7%82%E5%8F%8A%E5%B2%AD%E5%8D%97%E7%AC%AC%E4%B8%80%E6%A5%BC,exact,,,,
7-1274-3-572,潮州老城古民居建筑群,潮州老城古民居建筑群,https://baike.baidu.com/item/%E6%BD%AE%E5%B7%9E%E8%80%81%E5%9F%8E%E5%8F%A4%E6%B0%91%E5%B1%85%E5%BB%BA%E7%AD%91%E7%BE%A4,exact,潮州老城古民居建筑群,https://zh.wikipedia.org/wiki/%E6%BD%AE%E5%B7%9E%E8%80%81%E5%9F%8E%E5%8F%A4%E6%B0%91%E5%B1%85%E5%BB%BA%E7%AD%91%E7%BE%A4,exact,
7-1275-3-573,镇海楼与广州明城墙,镇海楼与广州明城墙,https://baike.baidu.com/item/%E9%95%87%E6%B5%B7%E6%A5%BC%E4%B8%8E%E5%B9%BF%E5%B7%9E%E6%98%8E%E5%9F%8E%E5%A2%99,exact,,,,
7-1276-3-574,南海神庙,南海神庙,https://baike.baidu.com/view/58736.htm,exact,南海神庙,https://zh.wikipedia.org/wiki/%E5%8D%97%E6%B5%B7%E7%A5%9E%E5%BA%99,exact,
7-1277-3-575,古榕武庙,古榕武庙,https://baike.baidu.com/view/11785209.htm,exact,古榕武庙,https://zh.wikipedia.org/wiki/%E5%8F%A4%E6%A6%95%E6%AD%A6%E5%BA%99,exact,
7-1278-3-576,揭阳学宫,揭阳学宫,https://baike.baidu.com/view/58212.htm,exact,揭阳学宫,https://zh.wikipedia.org/wiki/%E6%8F%AD%E9%98%B3%E5%AD%A6%E5%AE%AB,exact,
7-1279-3-577,清晖园,清晖园,https://baike.baidu.com/view/41399.htm,exact,清晖园,https://zh.wikipedia.org/wiki/%E6%B8%85%E6%99%96%E5%9B%AD,exact,
7-1280-3-578,长围村围屋,长围村围屋,https://baike.baidu.com/view/7070843.htm,exact,,,,
7-1281-3-579,茶东陈氏宗祠群,茶东陈氏宗祠群,https://baike.baidu.com/item/%E8%8C%B6%E4%B8%9C%E9%99%88%E6%B0%8F%E5%AE%97%E7%A5%A0%E7%BE%A4,exact,,,,
7-1282-3-580,大湾古建筑群,大湾古建筑群,https://baike.baidu.com/item/%E5%A4%A7%E6%B9%BE%E5%8F%A4%E5%BB%BA%E7%AD%91%E7%BE%A4,exact,大湾古建筑群,https://zh.wikipedia.org/wiki/%E5%A4%A7%E6%B9%BE%E5%8F%A4%E5%BB%BA%E7%AD%91%E7%BE%A4,exact,
7-1283-3-581,湘山寺塔群与石刻,湘山寺塔群与石刻,https://baike.baidu.com/item/%E6%B9%98%E5%B1%B1%E5%AF%BA%E5%A1%94%E7%BE%A4%E4%B8%8E%E7%9F%B3%E5%88%BB,exact,,,,
7-1284-3-582,永宁州城城墙,永宁州城城墙,https://baike.baidu.com/item/%E6%B0%B8%E5%AE%81%E5%B7%9E%E5%9F%8E%E5%9F%8E%E5%A2%99,exact,,,,
7-1285-3-583,大芦村古建筑群,大芦村古建筑群,https://baike.baidu.com/item/%E5%A4%A7%E8%8A%A6%E6%9D%91%E5%8F%A4%E5%BB%BA%E7%AD%91%E7%BE%A4,exact,大芦村古建筑群,https://zh.wikipedia.org/wiki/%E5%A4%A7%E8%8A%A6%E6%9D%91%E5%8F%A4%E5%BB%BA%E7%AD%91%E7%BE%A4,exact,
7-1286-3-584,富川瑶族风雨桥群,富川瑶族风雨桥群,https://baike.baidu.com/item/%E5%AF%8C%E5%B7%9D%E7%91%B6%E6%97%8F%E9%A3%8E%E9%9B%A8%E6%A1%A5%E7%BE%A4,exact,,,,
7-1287-3-585,伏波庙,伏波庙,https://baike.baidu.com/subview/6157/10975023.htm,exact,伏波庙,https://zh.wikipedia.org/wiki/%E4%BC%8F%E6%B3%A2%E5%BA%99,exact,
7-1288-3-586,和里三王宫,和里三王宫,https://baike.baidu.com/item/%E5%92%8C%E9%87%8C%E4%B8%89%E7%8E%8B%E5%AE%AB,exact,和里三王宫,https://zh.wikipedia.org/wiki/%E5%92%8C%E9%87%8C%E4%B8%89%E7%8E%8B%E5%AE%AB,exact,
7-1289-3-587,惠爱桥,惠爱桥,https://baike.baidu.com/view/3460616.htm,exact,惠爱桥,https://zh.wikipedia.org/wiki/%E6%83%A0%E7%88%B1%E6%A1%A5,exact,
7-1290-3-588,西林岑氏家族建筑群,西林岑氏家族建筑群,https://baike.baidu.com/item/%E8%A5%BF%E6%9E%97%E5%B2%91%E6%B0%8F%E5%AE%B6%E6%97%8F%E5%BB%BA%E7%AD%91%E7%BE%A4,exact,,,,
7-1291-3-589,斗柄塔,斗柄塔,https://baike.baidu.com/view/490054.htm,exact,,,,
7-1292-3-590,文昌学宫,文昌学宫,https://baike.baidu.com/item/%E6%96%87%E6%98%8C%E5%AD%A6%E5%AE%AB,exact,文昌学宫,https://zh.wikipedia.org/wiki/%E6%96%87%E6%98%8C%E5%AD%A6%E5%AE%AB,exact,
7-1293-3-591,崖城学宫,崖城学宫,https://baike.baidu.com/view/10204567.htm,exact,崖城学宫,https://zh.wikipedia.org/wiki/%E5%B4%96%E5%9F%8E%E5%AD%A6%E5%AE%AB,exact,
7-1294-3-592,独柏寺正殿,独柏寺正殿,https://baike.baidu.com/item/%E7%8B%AC%E6%9F%8F%E5%AF%BA%E6%AD%A3%E6%AE%BF,exact,,,,
7-1295-3-593,重庆古城墙,重庆古城墙,https://baike.baidu.com/view/14381613.htm,exact,,,,
7-1296-3-594,彭氏宗祠,彭氏宗祠,https://baike.baidu.com/subview/1481903/16592573.htm,exact,彭氏宗祠,https://zh.wikipedia.org/wiki/%E5%BD%AD%E6%B0%8F%E5%AE%97%E7%A5%A0,exact,
7-1297-3-595,双桂堂,双桂堂,https://baike.baidu.com/subview/111173/7478460.htm,exact,双桂堂,https://zh.wikipedia.org/wiki/%E5%8F%8C%E6%A1%82%E5%A0%82,exact,
7-1298-3-596,离堆,离堆,https://baike.baidu.com/subview/5348439/15958047.htm,exact,,,,
7-1299-3-597,灵岩寺及千佛塔,灵岩寺及千佛塔,https://baike.baidu.com/view/12643002.htm,exact,,,,
7-1300-3-598,丹棱白塔,丹棱白塔,https://baike.baidu.com/view/1628867.htm,exact,丹棱白塔,https://zh.wikipedia.org/wiki/%E4%B8%B9%E6%A3%B1%E7%99%BD%E5%A1%94,exact,
7-1301-3-599,旧州塔,旧州塔,https://baike.baidu.com/view/974163.htm,exact,,,,
7-1302-3-600,卓筒井,卓筒井,https://baike.baidu.com/item/%E5%8D%93%E7%AD%92%E4%BA%95/63907719,exact,卓筒井,https://zh.wikipedia.org/wiki/%E5%8D%93%E7%AD%92%E4%BA%95,exact,
7-1303-3-601,中江北塔,中江北塔,https://baike.baidu.com/view/12623983.htm,exact,中江北塔,https://zh.wikipedia.org/wiki/%E4%B8%AD%E6%B1%9F%E5%8C%97%E5%A1%94,exact,
7-1304-3-602,广安白塔,广安白塔,https://baike.baidu.com/view/921007.htm,exact,,,,
7-1305-3-603,三江白塔,三江白塔,https://baike.baidu.com/item/%E4%B8%89%E6%B1%9F%E7%99%BD%E5%A1%94,exact,三江白塔,https://zh.wikipedia.org/wiki/%E4%B8%89%E6%B1%9F%E7%99%BD%E5%A1%94,exact,
7-1306-3-604,荣县镇南塔,荣县镇南塔,https://baike.baidu.com/view/486786.htm,exact,,,,
7-1307-3-605,白玉嘎托寺,白玉嘎托寺,https://baike.baidu.com/item/%E7%99%BD%E7%8E%89%E5%98%8E%E6%89%98%E5%AF%BA,exact,嘎拖寺,https://zh.wikipedia.org/wiki/%E5%98%8E%E6%8B%96%E5%AF%BA,redirect,
7-1308-3-606,报恩塔,报恩塔,https://baike.baidu.com/subview/860833/10990380.htm,exact,,,,
7-1309-3-607,龙护舍利塔,龙护舍利塔,https://baike.baidu.com/item/%E9%BE%99%E6%8A%A4%E8%88%8D%E5%88%A9%E5%A1%94,exact,,,,
7-1310-3-608,拉日马石板藏寨,拉日马石板藏寨,https://baike.baidu.com/view/10002112.htm,exact,,,,
7-1311-3-609,楞严寺,,,,楞严寺,https://zh.wikipedia.org/wiki/%E6%A5%9E%E4%B8%A5%E5%AF%BA,exact,楞严禅寺 | https://baike.baidu.com/subview/113682/113682.htm | different-title
7-1312-3-610,乡城夯土碉楼,乡城夯土碉楼,https://baike.baidu.com/item/%E4%B9%A1%E5%9F%8E%E5%A4%AF%E5%9C%9F%E7%A2%89%E6%A5%BC,exact,,,,
7-1313-3-611,阆中观音寺,阆中观音寺,https://baike.baidu.com/view/93528.htm,exact,,,,
7-1314-3-612,龙居寺中殿,龙居寺中殿,https://baike.baidu.com/item/%E9%BE%99%E5%B1%85%E5%AF%BA%E4%B8%AD%E6%AE%BF,exact,,,,
7-1315-3-613,甘泉寺,甘泉寺,https://baike.baidu.com/subview/220899/12658840.htm,exact,甘泉寺,https://zh.wikipedia.org/wiki/%E7%94%98%E6%B3%89%E5%AF%BA,exact,
7-1316-3-614,开禧寺,开禧寺,https://baike.baidu.com/item/%E5%BC%80%E7%A6%A7%E5%AF%BA,exact,,,,
7-1317-3-615,大藏寺,大藏寺,https://baike.baidu.com/subview/916662/11164556.htm,exact,大藏寺,https://zh.wikipedia.org/wiki/%E5%A4%A7%E8%97%8F%E5%AF%BA,exact,
7-1318-3-616,甲扎尔甲山洞窟壁画,甲扎尔甲山洞窟壁画,https://baike.baidu.com/item/%E7%94%B2%E6%89%8E%E5%B0%94%E7%94%B2%E5%B1%B1%E6%B4%9E%E7%AA%9F%E5%A3%81%E7%94%BB,exact,,,,
7-1319-3-617,慧严寺大殿,慧严寺大殿,https://baike.baidu.com/item/%E6%85%A7%E4%B8%A5%E5%AF%BA%E5%A4%A7%E6%AE%BF,exact,,,,
7-1320-3-618,慧剑寺,慧剑寺,https://baike.baidu.com/view/486810.htm,exact,,,,
7-1321-3-619,泸县龙桥群,泸县龙桥群,https://baike.baidu.com/item/%E6%B3%B8%E5%8E%BF%E9%BE%99%E6%A1%A5%E7%BE%A4,exact,,,,
7-1322-3-620,鱼泉寺,鱼泉寺,https://baike.baidu.com/view/5863369.htm,exact,,,,
7-1323-3-621,潼川古城墙,潼川古城墙,https://baike.baidu.com/item/%E6%BD%BC%E5%B7%9D%E5%8F%A4%E5%9F%8E%E5%A2%99,exact,潼川古城牆,https://zh.wikipedia.org/wiki/%E6%BD%BC%E5%B7%9D%E5%8F%A4%E5%9F%8E%E7%89%86,redirect,
7-1324-3-622,云台观,云台观,https://baike.baidu.com/subview/136742/12029837.htm,exact,,,,
7-1325-3-623,尊胜寺,尊胜寺,https://baike.baidu.com/subview/695532/11254092.htm,exact,尊胜寺,https://zh.wikipedia.org/wiki/%E5%B0%8A%E8%83%9C%E5%AF%BA,exact,
7-1326-3-624,饶益寺,饶益寺,https://baike.baidu.com/view/909723.htm,exact,,,,
7-1327-3-625,南溪城墙,南溪城墙,https://baike.baidu.com/item/%E5%8D%97%E6%BA%AA%E5%9F%8E%E5%A2%99,exact,南溪城墙,https://zh.wikipedia.org/wiki/%E5%8D%97%E6%BA%AA%E5%9F%8E%E5%A2%99,exact,
7-1328-3-626,尧坝镇古建筑群,尧坝镇古建筑群,https://baike.baidu.com/item/%E5%B0%A7%E5%9D%9D%E9%95%87%E5%8F%A4%E5%BB%BA%E7%AD%91%E7%BE%A4,exact,尧坝镇古建筑群,https://zh.wikipedia.org/wiki/%E5%B0%A7%E5%9D%9D%E9%95%87%E5%8F%A4%E5%BB%BA%E7%AD%91%E7%BE%A4,exact,
7-1329-3-627,西充文庙,西充文庙,https://baike.baidu.com/view/5041892.htm,exact,,,,
7-1330-3-628,长青春科尔寺,长青春科尔寺,https://baike.baidu.com/view/386491.htm,exact,长青春科尔寺,https://zh.wikipedia.org/wiki/%E9%95%BF%E9%9D%92%E6%98%A5%E7%A7%91%E5%B0%94%E5%AF%BA,exact,
7-1331-3-629,圣水寺,圣水寺,https://baike.baidu.com/subview/113639/5862393.htm,exact,圣水寺,https://zh.wikipedia.org/wiki/%E5%9C%A3%E6%B0%B4%E5%AF%BA,exact,
7-1332-3-630,噶丹·桑披罗布岭寺,噶丹·桑披罗布岭寺,https://baike.baidu.com/item/%E5%99%B6%E4%B8%B9%C2%B7%E6%A1%91%E6%8A%AB%E7%BD%97%E5%B8%83%E5%B2%AD%E5%AF%BA,exact,桑披寺,https://zh.wikipedia.org/wiki/%E6%A1%91%E6%8A%AB%E5%AF%BA,redirect,
7-1333-3-631,马鞍寺,马鞍寺,https://baike.baidu.com/view/8639043.htm,exact,,,,
7-1334-3-632,宜宾大观楼,宜宾大观楼,https://baike.baidu.com/view/6284114.htm,exact,大观楼 (宜宾),https://zh.wikipedia.org/wiki/%E5%A4%A7%E8%A7%82%E6%A5%BC_(%E5%AE%9C%E5%AE%BE),redirect,
7-1335-3-633,蓬溪奎塔,蓬溪奎塔,https://baike.baidu.com/item/%E8%93%AC%E6%BA%AA%E5%A5%8E%E5%A1%94,exact,蓬溪奎塔,https://zh.wikipedia.org/wiki/%E8%93%AC%E6%BA%AA%E5%A5%8E%E5%A1%94,exact,
7-1336-3-634,八邦寺,八邦寺,https://baike.baidu.com/view/892198.htm,exact,八邦寺,https://zh.wikipedia.org/wiki/%E5%85%AB%E9%82%A6%E5%AF%BA,exact,
7-1337-3-635,青林口古建筑群,青林口古建筑群,https://baike.baidu.com/item/%E9%9D%92%E6%9E%97%E5%8F%A3%E5%8F%A4%E5%BB%BA%E7%AD%91%E7%BE%A4,exact,,,,
7-1338-3-636,盐神庙,盐神庙,https://baike.baidu.com/view/3221233.htm,exact,,,,
7-1339-3-637,巴巴寺,巴巴寺,https://baike.baidu.com/view/486840.htm,exact,巴巴寺,https://zh.wikipedia.org/wiki/%E5%B7%B4%E5%B7%B4%E5%AF%BA,exact,
7-1340-3-638,曾达关碉,曾达关碉,https://baike.baidu.com/view/3487025.htm,exact,,,,
7-1341-3-639,筹边楼,筹边楼,https://baike.baidu.com/subview/174856/5785790.htm,exact,,,,
7-1342-3-640,沃日土司官寨经楼与碉,沃日土司官寨经楼与碉,https://baike.baidu.com/item/%E6%B2%83%E6%97%A5%E5%9C%9F%E5%8F%B8%E5%AE%98%E5%AF%A8%E7%BB%8F%E6%A5%BC%E4%B8%8E%E7%A2%89,exact,沃日土司官寨碉及經樓,https://zh.wikipedia.org/wiki/%E6%B2%83%E6%97%A5%E5%9C%9F%E5%8F%B8%E5%AE%98%E5%AF%A8%E7%A2%89%E5%8F%8A%E7%B6%93%E6%A8%93,redirect,
7-1343-3-641,灌口城隍庙,灌口城隍庙,https://baike.baidu.com/view/12523201.htm,exact,灌口城隍庙,https://zh.wikipedia.org/wiki/%E7%81%8C%E5%8F%A3%E5%9F%8E%E9%9A%8D%E5%BA%99,exact,
7-1344-3-642,奎光塔,奎光塔,https://baike.baidu.com/item/%E5%A5%8E%E5%85%89%E5%A1%94/16182066,exact,奎光塔,https://zh.wikipedia.org/wiki/%E5%A5%8E%E5%85%89%E5%A1%94,exact,
7-1345-3-643,寿安陈家大院,寿安陈家大院,https://baike.baidu.com/view/12643006.htm,exact,寿安陈家大院,https://zh.wikipedia.org/wiki/%E5%AF%BF%E5%AE%89%E9%99%88%E5%AE%B6%E5%A4%A7%E9%99%A2,exact,
7-1346-3-644,真佛山庙群,真佛山庙群,https://baike.baidu.com/view/2019264.htm,exact,,,,
7-1347-3-645,渠县文庙,渠县文庙,https://baike.baidu.com/view/1393137.htm,exact,,,,
7-1348-3-646,川北道贡院,川北道贡院,https://baike.baidu.com/view/492372.htm,exact,,,,
7-1349-3-647,名山文庙,名山文庙,https://baike.baidu.com/item/%E5%90%8D%E5%B1%B1%E6%96%87%E5%BA%99,exact,,,,
7-1350-3-648,九襄石牌坊,九襄石牌坊,https://baike.baidu.com/view/1477425.htm,exact,九襄石牌坊,https://zh.wikipedia.org/wiki/%E4%B9%9D%E8%A5%84%E7%9F%B3%E7%89%8C%E5%9D%8A,exact,
7-1351-3-649,自贡桓侯宫,自贡桓侯宫,https://baike.baidu.com/item/%E8%87%AA%E8%B4%A1%E6%A1%93%E4%BE%AF%E5%AE%AB/16020276,exact,自贡桓侯宫,https://zh.wikipedia.org/wiki/%E8%87%AA%E8%B4%A1%E6%A1%93%E4%BE%AF%E5%AE%AB,exact,
7-1352-3-650,青城山古建筑群,青城山古建筑群,https://baike.baidu.com/item/%E9%9D%92%E5%9F%8E%E5%B1%B1%E5%8F%A4%E5%BB%BA%E7%AD%91%E7%BE%A4,exact,青城山古建筑群,https://zh.wikipedia.org/wiki/%E9%9D%92%E5%9F%8E%E5%B1%B1%E5%8F%A4%E5%BB%BA%E7%AD%91%E7%BE%A4,exact,
7-1353-3-651,达扎寺,达扎寺,https://baike.baidu.com/view/919207.htm,exact,达扎寺,https://zh.wikipedia.org/wiki/%E8%BE%BE%E6%89%8E%E5%AF%BA,exact,
7-1354-3-652,泸县屈氏庄园,泸县屈氏庄园,https://baike.baidu.com/item/%E6%B3%B8%E5%8E%BF%E5%B1%88%E6%B0%8F%E5%BA%84%E5%9B%AD,exact,,,,
7-1355-3-653,高峰山古建筑群,高峰山古建筑群,https://baike.baidu.com/item/%E9%AB%98%E5%B3%B0%E5%B1%B1%E5%8F%A4%E5%BB%BA%E7%AD%91%E7%BE%A4,exact,,,,
7-1356-3-654,鲍家屯水利工程,鲍家屯水利工程,https://baike.baidu.com/item/%E9%B2%8D%E5%AE%B6%E5%B1%AF%E6%B0%B4%E5%88%A9%E5%B7%A5%E7%A8%8B,exact,,,,
7-1357-3-655,镇远城墙,镇远城墙,https://baike.baidu.com/view/9179448.htm,exact,,,,
7-1358-3-656,安顺武庙,安顺武庙,https://baike.baidu.com/view/2044276.htm,exact,安顺武庙,https://zh.wikipedia.org/wiki/%E5%AE%89%E9%A1%BA%E6%AD%A6%E5%BA%99,exact,
7-1359-3-657,隆里古建筑群,隆里古建筑群,https://baike.baidu.com/view/9183406.htm,exact,,,,
7-1360-3-658,石阡府文庙,石阡府文庙,https://baike.baidu.com/view/1394112.htm,exact,,,,
7-1361-3-659,榕江大利村古建筑群,榕江大利村古建筑群,https://baike.baidu.com/item/%E6%A6%95%E6%B1%9F%E5%A4%A7%E5%88%A9%E6%9D%91%E5%8F%A4%E5%BB%BA%E7%AD%91%E7%BE%A4,exact,,,,
7-1362-3-660,楼上村古建筑群,楼上村古建筑群,https://baike.baidu.com/item/%E6%A5%BC%E4%B8%8A%E6%9D%91%E5%8F%A4%E5%BB%BA%E7%AD%91%E7%BE%A4,exact,,,,
7-1363-3-661,岩门长官司城,岩门长官司城,https://baike.baidu.com/item/%E5%B2%A9%E9%97%A8%E9%95%BF%E5%AE%98%E5%8F%B8%E5%9F%8E,exact,,,,
7-1364-3-662,锦屏飞山庙,锦屏飞山庙,https://baike.baidu.com/view/9179590.htm,exact,,,,
7-1365-3-663,高阡鼓楼,高阡鼓楼,https://baike.baidu.com/view/9183450.htm,exact,,,,
7-1366-3-664,宰俄鼓楼,宰俄鼓楼,https://baike.baidu.com/item/%E5%AE%B0%E4%BF%84%E9%BC%93%E6%A5%BC,exact,,,,
7-1367-3-665,金勾风雨桥,金勾风雨桥,https://baike.baidu.com/view/9183497.htm,exact,,,,
7-1368-3-666,鲁屯牌坊群,鲁屯牌坊群,https://baike.baidu.com/item/%E9%B2%81%E5%B1%AF%E7%89%8C%E5%9D%8A%E7%BE%A4,exact,,,,
7-1369-3-667,复兴江西会馆,复兴江西会馆,https://baike.baidu.com/view/9078159.htm,exact,,,,
7-1370-3-668,三门塘古建筑群,三门塘古建筑群,https://baike.baidu.com/item/%E4%B8%89%E9%97%A8%E5%A1%98%E5%8F%A4%E5%BB%BA%E7%AD%91%E7%BE%A4,exact,,,,
7-1371-3-669,可渡关驿道,可渡关驿道,https://baike.baidu.com/view/10601997.htm,exact,,,,
7-1372-3-670,弘圣寺塔,弘圣寺塔,https://baike.baidu.com/view/494897.htm,exact,弘圣寺塔,https://zh.wikipedia.org/wiki/%E5%BC%98%E5%9C%A3%E5%AF%BA%E5%A1%94,exact,
7-1373-3-671,陆良大觉寺,陆良大觉寺,https://baike.baidu.com/view/10602019.htm,exact,,,,
7-1374-3-672,大觉宫壁画,大觉宫壁画,https://baike.baidu.com/item/%E5%A4%A7%E8%A7%89%E5%AE%AB%E5%A3%81%E7%94%BB,exact,,,,
7-1375-3-673,德丰寺,德丰寺,https://baike.baidu.com/view/1061508.htm,exact,,,,
7-1376-3-674,等觉寺,等觉寺,https://baike.baidu.com/item/%E7%AD%89%E8%A7%89%E5%AF%BA,exact,等觉寺,https://zh.wikipedia.org/wiki/%E7%AD%89%E8%A7%89%E5%AF%BA,exact,
7-1377-3-675,勐旺塔及西北塔,勐旺塔及西北塔,https://baike.baidu.com/view/10602474.htm,exact,,,,
7-1378-3-676,楚雄文庙,楚雄文庙,https://baike.baidu.com/view/672748.htm,exact,楚雄文庙,https://zh.wikipedia.org/wiki/%E6%A5%9A%E9%9B%84%E6%96%87%E5%BA%99,exact,
7-1379-3-677,诺邓白族乡土建筑群,诺邓白族乡土建筑群,https://baike.baidu.com/item/%E8%AF%BA%E9%82%93%E7%99%BD%E6%97%8F%E4%B9%A1%E5%9C%9F%E5%BB%BA%E7%AD%91%E7%BE%A4,exact,,,,
7-1380-3-678,侬氏土司衙署,侬氏土司衙署,https://baike.baidu.com/view/2311137.htm,exact,侬氏土司衙署,https://zh.wikipedia.org/wiki/%E4%BE%AC%E6%B0%8F%E5%9C%9F%E5%8F%B8%E8%A1%99%E7%BD%B2,exact,
7-1381-3-679,景谷傣族佛寺建筑群,景谷傣族佛寺建筑群,https://baike.baidu.com/item/%E6%99%AF%E8%B0%B7%E5%82%A3%E6%97%8F%E4%BD%9B%E5%AF%BA%E5%BB%BA%E7%AD%91%E7%BE%A4,exact,,,,
7-1382-3-680,沘江古桥梁群,沘江古桥梁群,https://baike.baidu.com/item/%E6%B2%98%E6%B1%9F%E5%8F%A4%E6%A1%A5%E6%A2%81%E7%BE%A4,exact,沘江古桥梁群,https://zh.wikipedia.org/wiki/%E6%B2%98%E6%B1%9F%E5%8F%A4%E6%A1%A5%E6%A2%81%E7%BE%A4,exact,
7-1383-3-681,景风阁古建筑群,景风阁古建筑群,https://baike.baidu.com/item/%E6%99%AF%E9%A3%8E%E9%98%81%E5%8F%A4%E5%BB%BA%E7%AD%91%E7%BE%A4,exact,景风阁古建筑群,https://zh.wikipedia.org/wiki/%E6%99%AF%E9%A3%8E%E9%98%81%E5%8F%A4%E5%BB%BA%E7%AD%91%E7%BE%A4,exact,
7-1384-3-682,来鹤亭,来鹤亭,https://baike.baidu.com/view/3739733.htm,exact,,,,
7-1385-3-683,云南驿古建筑群,云南驿古建筑群,https://baike.baidu.com/item/%E4%BA%91%E5%8D%97%E9%A9%BF%E5%8F%A4%E5%BB%BA%E7%AD%91%E7%BE%A4,exact,云南驿古建筑群,https://zh.wikipedia.org/wiki/%E4%BA%91%E5%8D%97%E9%A9%BF%E5%8F%A4%E5%BB%BA%E7%AD%91%E7%BE%A4,exact,
7-1386-3-684,大观楼,大观楼,https://baike.baidu.com/subview/20387/8942560.htm,exact,大观楼,https://zh.wikipedia.org/wiki/%E5%A4%A7%E8%A7%82%E6%A5%BC,exact,
7-1387-3-685,绮罗文昌宫,绮罗文昌宫,https://baike.baidu.com/view/10602066.htm,exact,,,,
7-1388-3-686,景东文庙,景东文庙,https://baike.baidu.com/view/113432.htm,exact,景东文庙,https://zh.wikipedia.org/wiki/%E6%99%AF%E4%B8%9C%E6%96%87%E5%BA%99,exact,
7-1389-3-687,星宿桥和丰裕桥,星宿桥和丰裕桥,https://baike.baidu.com/item/%E6%98%9F%E5%AE%BF%E6%A1%A5%E5%92%8C%E4%B8%B0%E8%A3%95%E6%A1%A5,exact,,,,
7-1390-3-688,郑氏宗祠,郑氏宗祠,https://baike.baidu.com/subview/388406/16944662.htm,exact,,,,
7-1391-3-689,建水朱家花园,建水朱家花园,https://baike.baidu.com/view/2963504.htm,exact,,,,
7-1392-3-690,曼春满佛寺,曼春满佛寺,https://baike.baidu.com/view/6042532.htm,exact,,,,
7-1393-3-691,南诏镇古建筑群,南诏镇古建筑群,https://baike.baidu.com/item/%E5%8D%97%E8%AF%8F%E9%95%87%E5%8F%A4%E5%BB%BA%E7%AD%91%E7%BE%A4,exact,南诏镇古建筑群,https://zh.wikipedia.org/wiki/%E5%8D%97%E8%AF%8F%E9%95%87%E5%8F%A4%E5%BB%BA%E7%AD%91%E7%BE%A4,exact,
7-1394-3-692,团山民居建筑群,团山民居建筑群,https://baike.baidu.com/item/%E5%9B%A2%E5%B1%B1%E6%B0%91%E5%B1%85%E5%BB%BA%E7%AD%91%E7%BE%A4,exact,,,,
7-1395-3-693,石屏文庙建筑群,石屏文庙建筑群,https://baike.baidu.com/item/%E7%9F%B3%E5%B1%8F%E6%96%87%E5%BA%99%E5%BB%BA%E7%AD%91%E7%BE%A4,exact,,,,
7-1396-3-694,丽江普济寺,丽江普济寺,https://baike.baidu.com/view/7846686.htm,exact,,,,
7-1397-3-695,红河县东门楼及迤萨民居,红河县东门楼及迤萨民居,https://baike.baidu.com/item/%E7%BA%A2%E6%B2%B3%E5%8E%BF%E4%B8%9C%E9%97%A8%E6%A5%BC%E5%8F%8A%E8%BF%A4%E8%90%A8%E6%B0%91%E5%B1%85,exact,,,,
7-1398-3-696,仲嘎曲德寺,仲嘎曲德寺,https://baike.baidu.com/item/%E4%BB%B2%E5%98%8E%E6%9B%B2%E5%BE%B7%E5%AF%BA,exact,仲嘎曲德寺,https://zh.wikipedia.org/wiki/%E4%BB%B2%E5%98%8E%E6%9B%B2%E5%BE%B7%E5%AF%BA,exact,
7-1399-3-697,拉隆寺,拉隆寺,https://baike.baidu.com/view/1101204.htm,exact,拉隆寺,https://zh.wikipedia.org/wiki/%E6%8B%89%E9%9A%86%E5%AF%BA,exact,
7-1400-3-698,拉让宁巴,拉让宁巴,https://baike.baidu.com/view/7012277.htm,exact,拉让宁巴,https://zh.wikipedia.org/wiki/%E6%8B%89%E8%AE%A9%E5%AE%81%E5%B7%B4,exact,
7-1401-3-699,昌都强巴林寺,昌都强巴林寺,https://baike.baidu.com/view/984060.htm,exact,,,,
7-1402-3-700,邦达仓,邦达仓,https://baike.baidu.com/item/%E9%82%A6%E8%BE%BE%E4%BB%93/18727644,exact,,,,
7-1403-3-701,贡嘎曲德寺,贡嘎曲德寺,https://baike.baidu.com/view/5357530.htm,exact,,,,
7-1404-3-702,桑珠颇章,桑珠颇章,https://baike.baidu.com/view/7012306.htm,exact,桑珠颇章,https://zh.wikipedia.org/wiki/%E6%A1%91%E7%8F%A0%E9%A2%87%E7%AB%A0,exact,
7-1405-3-703,帕巴寺,帕巴寺,https://baike.baidu.com/view/1138862.htm,exact,帕巴寺,https://zh.wikipedia.org/wiki/%E5%B8%95%E5%B7%B4%E5%AF%BA,exact,
7-1406-3-704,冲赛康,,,,冲赛康,https://zh.wikipedia.org/wiki/%E5%86%B2%E8%B5%9B%E5%BA%B7,exact,驻藏大臣衙门遗址 | https://baike.baidu.com/view/378446.htm | different-title
7-1407-3-705,拉鲁颇章,拉鲁颇章,https://baike.baidu.com/item/%E6%8B%89%E9%B2%81%E9%A2%87%E7%AB%A0,exact,拉鲁颇章,https://zh.wikipedia.org/wiki/%E6%8B%89%E9%B2%81%E9%A2%87%E7%AB%A0,exact,
7-1408-3-706,喜德寺,喜德寺,https://baike.baidu.com/item/%E5%96%9C%E5%BE%B7%E5%AF%BA,exact,喜德寺,https://zh.wikipedia.org/wiki/%E5%96%9C%E5%BE%B7%E5%AF%BA,exact,
7-1409-3-707,达杰林寺,达杰林寺,https://baike.baidu.com/item/%E8%BE%BE%E6%9D%B0%E6%9E%97%E5%AF%BA,exact,,,,
7-1410-3-708,门孜康,门孜康,https://baike.baidu.com/view/10388595.htm,exact,,,,
7-1411-3-709,法源寺塔,法源寺塔,https://baike.baidu.com/view/1553140.htm,exact,法源寺塔,https://zh.wikipedia.org/wiki/%E6%B3%95%E6%BA%90%E5%AF%BA%E5%A1%94,exact,
7-1412-3-710,慧彻寺南塔,慧彻寺南塔,https://baike.baidu.com/item/%E6%85%A7%E5%BD%BB%E5%AF%BA%E5%8D%97%E5%A1%94,exact,慧彻寺南塔,https://zh.wikipedia.org/wiki/%E6%85%A7%E5%BD%BB%E5%AF%BA%E5%8D%97%E5%A1%94,exact,
7-1413-3-711,净光寺塔,净光寺塔,https://baike.baidu.com/view/11499348.htm,exact,净光寺塔,https://zh.wikipedia.org/wiki/%E5%87%80%E5%85%89%E5%AF%BA%E5%A1%94,exact,
7-1414-3-712,开元寺塔,定县开元寺塔,https://baike.baidu.com/subview/10610605/10806612.htm,related-location,,,,
7-1415-3-713,罗山寺塔,罗山寺塔,https://baike.baidu.com/view/693317.htm,exact,,,,
7-1416-3-714,清梵寺塔,清梵寺塔,https://baike.baidu.com/item/%E6%B8%85%E6%A2%B5%E5%AF%BA%E5%A1%94,exact,,,,
7-1417-3-715,报本寺塔,报本寺塔,https://baike.baidu.com/view/37539.htm,exact,报本寺塔,https://zh.wikipedia.org/wiki/%E6%8A%A5%E6%9C%AC%E5%AF%BA%E5%A1%94,exact,
7-1418-3-716,柏山寺塔,柏山寺塔,https://baike.baidu.com/view/3664161.htm,exact,柏山寺塔,https://zh.wikipedia.org/wiki/%E6%9F%8F%E5%B1%B1%E5%AF%BA%E5%A1%94,exact,
7-1419-3-717,崇寿寺塔,崇寿寺塔,https://baike.baidu.com/view/327264.htm,exact,崇寿寺塔,https://zh.wikipedia.org/wiki/%E5%B4%87%E5%AF%BF%E5%AF%BA%E5%A1%94,exact,
7-1420-3-718,重兴寺塔,重兴寺塔,https://baike.baidu.com/view/10610978.htm,exact,,,,
7-1421-3-719,大象寺塔,大象寺塔,https://baike.baidu.com/item/%E5%A4%A7%E8%B1%A1%E5%AF%BA%E5%A1%94,exact,大象寺塔,https://zh.wikipedia.org/wiki/%E5%A4%A7%E8%B1%A1%E5%AF%BA%E5%A1%94,exact,
7-1422-3-720,福严院塔,福严院塔,https://baike.baidu.com/view/4255191.htm,exact,,,,
7-1423-3-721,敬德塔,敬德塔,https://baike.baidu.com/item/%E6%95%AC%E5%BE%B7%E5%A1%94,exact,敬德塔,https://zh.wikipedia.org/wiki/%E6%95%AC%E5%BE%B7%E5%A1%94,exact,
7-1424-3-722,万凤塔,万凤塔,https://baike.baidu.com/view/518686.htm,exact,万凤塔,https://zh.wikipedia.org/wiki/%E4%B8%87%E5%87%A4%E5%A1%94,exact,
7-1425-3-723,延昌寺塔,延昌寺塔,https://baike.baidu.com/item/%E5%BB%B6%E6%98%8C%E5%AF%BA%E5%A1%94,exact,,,,
7-1426-3-724,汉中东塔,汉中东塔,https://baike.baidu.com/item/%E6%B1%89%E4%B8%AD%E4%B8%9C%E5%A1%94,exact,汉中东塔,https://zh.wikipedia.org/wiki/%E6%B1%89%E4%B8%AD%E4%B8%9C%E5%A1%94,exact,
7-1427-3-725,韩城九郎庙,韩城九郎庙,https://baike.baidu.com/item/%E9%9F%A9%E5%9F%8E%E4%B9%9D%E9%83%8E%E5%BA%99,exact,,,,
7-1428-3-726,鸿门寺塔,鸿门寺塔,https://baike.baidu.com/item/%E9%B8%BF%E9%97%A8%E5%AF%BA%E5%A1%94,exact,,,,
7-1429-3-727,良马寺觉皇殿,良马寺觉皇殿,https://baike.baidu.com/view/1144920.htm,exact,,,,
7-1430-3-728,庆善寺大佛殿,庆善寺大佛殿,https://baike.baidu.com/item/%E5%BA%86%E5%96%84%E5%AF%BA%E5%A4%A7%E4%BD%9B%E6%AE%BF,exact,,,,
7-1431-3-729,紫云观三清殿,紫云观三清殿,https://baike.baidu.com/item/%E7%B4%AB%E4%BA%91%E8%A7%82%E4%B8%89%E6%B8%85%E6%AE%BF,exact,,,,
7-1432-3-730,智果寺,智果寺,https://baike.baidu.com/item/%E6%99%BA%E6%9E%9C%E5%AF%BA,exact,智果寺,https://zh.wikipedia.org/wiki/%E6%99%BA%E6%9E%9C%E5%AF%BA,exact,
7-1433-3-731,合阳文庙,合阳文庙,https://baike.baidu.com/view/6955626.htm,exact,合阳文庙,https://zh.wikipedia.org/wiki/%E5%90%88%E9%98%B3%E6%96%87%E5%BA%99,exact,
7-1434-3-732,慧照寺塔,慧照寺塔,https://baike.baidu.com/view/260872.htm,exact,慧照寺塔,https://zh.wikipedia.org/wiki/%E6%85%A7%E7%85%A7%E5%AF%BA%E5%A1%94,exact,
7-1435-3-733,七星庙,七星庙,https://baike.baidu.com/view/167711.htm,exact,七星庙,https://zh.wikipedia.org/wiki/%E4%B8%83%E6%98%9F%E5%BA%99,exact,
7-1436-3-734,武功城隍庙,武功城隍庙,https://baike.baidu.com/view/79888.htm,exact,武功城隍庙,https://zh.wikipedia.org/wiki/%E6%AD%A6%E5%8A%9F%E5%9F%8E%E9%9A%8D%E5%BA%99,exact,
7-1437-3-735,北杜铁塔,北杜铁塔,https://baike.baidu.com/view/756920.htm,exact,北杜铁塔,https://zh.wikipedia.org/wiki/%E5%8C%97%E6%9D%9C%E9%93%81%E5%A1%94,exact,
7-1438-3-736,大学习巷清真寺,大学习巷清真寺,https://baike.baidu.com/item/%E5%A4%A7%E5%AD%A6%E4%B9%A0%E5%B7%B7%E6%B8%85%E7%9C%9F%E5%AF%BA,exact,大学习巷清真寺,https://zh.wikipedia.org/wiki/%E5%A4%A7%E5%AD%A6%E4%B9%A0%E5%B7%B7%E6%B8%85%E7%9C%9F%E5%AF%BA,exact,
7-1439-3-737,金台观,金台观,https://baike.baidu.com/view/437752.htm,exact,,,,
7-1440-3-738,勉县武侯祠,勉县武侯祠,https://baike.baidu.com/view/336833.htm,exact,勉县武侯祠,https://zh.wikipedia.org/wiki/%E5%8B%89%E5%8E%BF%E6%AD%A6%E4%BE%AF%E7%A5%A0,exact,
7-1441-3-739,骡帮会馆,骡帮会馆,https://baike.baidu.com/view/2334101.htm,exact,,,,
7-1442-3-740,桥上桥,桥上桥,https://baike.baidu.com/subview/2705220/14750030.htm,exact,桥上桥,https://zh.wikipedia.org/wiki/%E6%A1%A5%E4%B8%8A%E6%A1%A5,exact,
7-1443-3-741,瓦房店会馆群,瓦房店会馆群,https://baike.baidu.com/item/%E7%93%A6%E6%88%BF%E5%BA%97%E4%BC%9A%E9%A6%86%E7%BE%A4,exact,,,,
7-1444-3-742,毓秀桥,毓秀桥,https://baike.baidu.com/subview/1557505/1557505.htm,exact,,,,
7-1445-3-743,绥德党氏庄园,绥德党氏庄园,https://baike.baidu.com/view/10564354.htm,exact,,,,
7-1446-3-744,塔儿庄塔,塔儿庄塔,https://baike.baidu.com/item/%E5%A1%94%E5%84%BF%E5%BA%84%E5%A1%94,exact,塔儿庄塔,https://zh.wikipedia.org/wiki/%E5%A1%94%E5%84%BF%E5%BA%84%E5%A1%94,exact,
7-1447-3-745,栗川砖塔,栗川砖塔,https://baike.baidu.com/view/11578270.htm,exact,栗川砖塔,https://zh.wikipedia.org/wiki/%E6%A0%97%E5%B7%9D%E7%A0%96%E5%A1%94,exact,
7-1448-3-746,白马造像塔,白马造像塔,https://baike.baidu.com/item/%E7%99%BD%E9%A9%AC%E9%80%A0%E5%83%8F%E5%A1%94,exact,,,,
7-1449-3-747,脚扎川万佛塔,脚扎川万佛塔,https://baike.baidu.com/view/9258133.htm,exact,,,,
7-1450-3-748,环县塔,环县塔,https://baike.baidu.com/item/%E7%8E%AF%E5%8E%BF%E5%A1%94,exact,,,,
7-1451-3-749,肖金塔,肖金塔,https://baike.baidu.com/item/%E8%82%96%E9%87%91%E5%A1%94,exact,,,,
7-1452-3-750,塔儿湾造像塔,塔儿湾造像塔,https://baike.baidu.com/item/%E5%A1%94%E5%84%BF%E6%B9%BE%E9%80%A0%E5%83%8F%E5%A1%94,exact,塔儿湾造像塔,https://zh.wikipedia.org/wiki/%E5%A1%94%E5%84%BF%E6%B9%BE%E9%80%A0%E5%83%8F%E5%A1%94,exact,
7-1453-3-751,双塔寺造像塔,双塔寺造像塔,https://baike.baidu.com/item/%E5%8F%8C%E5%A1%94%E5%AF%BA%E9%80%A0%E5%83%8F%E5%A1%94,exact,双塔寺造像塔,https://zh.wikipedia.org/wiki/%E5%8F%8C%E5%A1%94%E5%AF%BA%E9%80%A0%E5%83%8F%E5%A1%94,exact,
7-1454-3-752,崆峒山古建筑群,崆峒山古建筑群,https://baike.baidu.com/view/11643602.htm,exact,崆峒山古建筑群,https://zh.wikipedia.org/wiki/%E5%B4%86%E5%B3%92%E5%B1%B1%E5%8F%A4%E5%BB%BA%E7%AD%91%E7%BE%A4,exact,
7-1455-3-753,周旧邦木坊,周旧邦木坊,https://baike.baidu.com/view/11643199.htm,exact,周旧邦木坊,https://zh.wikipedia.org/wiki/%E5%91%A8%E6%97%A7%E9%82%A6%E6%9C%A8%E5%9D%8A,exact,
7-1456-3-754,洮州卫城,洮州卫城,https://baike.baidu.com/view/170240.htm,exact,,,,
7-1457-3-755,威远楼,威远楼,https://baike.baidu.com/subview/113724/10903258.htm,exact,,,,
7-1458-3-756,兴隆山古建筑群,兴隆山古建筑群,https://baike.baidu.com/view/10938466.htm,exact,兴隆山古建筑群,https://zh.wikipedia.org/wiki/%E5%85%B4%E9%9A%86%E5%B1%B1%E5%8F%A4%E5%BB%BA%E7%AD%91%E7%BE%A4,exact,
7-1459-3-757,青城古民居,青城古民居,https://baike.baidu.com/item/%E9%9D%92%E5%9F%8E%E5%8F%A4%E6%B0%91%E5%B1%85,exact,,,,
7-1460-3-758,五泉山建筑群,五泉山建筑群,https://baike.baidu.com/item/%E4%BA%94%E6%B3%89%E5%B1%B1%E5%BB%BA%E7%AD%91%E7%BE%A4,exact,五泉山建筑群,https://zh.wikipedia.org/wiki/%E4%BA%94%E6%B3%89%E5%B1%B1%E5%BB%BA%E7%AD%91%E7%BE%A4,exact,
7-1461-3-759,海藏寺,海藏寺,https://baike.baidu.com/subview/73036/8785700.htm,exact,,,,
7-1462-3-760,圣容寺,圣容寺,https://baike.baidu.com/subview/1160590/8767654.htm,exact,,,,
7-1463-3-761,酒泉鼓楼,酒泉鼓楼,https://baike.baidu.com/item/%E9%85%92%E6%B3%89%E9%BC%93%E6%A5%BC,exact,,,,
7-1464-3-762,兰州府城隍庙,兰州府城隍庙,https://baike.baidu.com/view/10774802.htm,exact,兰州府城隍庙,https://zh.wikipedia.org/wiki/%E5%85%B0%E5%B7%9E%E5%BA%9C%E5%9F%8E%E9%9A%8D%E5%BA%99,exact,
7-1465-3-763,金天观,金天观,https://baike.baidu.com/view/478323.htm,exact,,,,
7-1466-3-764,夏琼寺,夏琼寺,https://baike.baidu.com/view/113588.htm,exact,夏琼寺,https://zh.wikipedia.org/wiki/%E5%A4%8F%E7%90%BC%E5%AF%BA,exact,
7-1467-3-765,文都寺及班禅大师故居,文都寺及班禅大师故居,https://baike.baidu.com/item/%E6%96%87%E9%83%BD%E5%AF%BA%E5%8F%8A%E7%8F%AD%E7%A6%85%E5%A4%A7%E5%B8%88%E6%95%85%E5%B1%85,exact,,,,
7-1468-3-766,旦斗寺,旦斗寺,https://baike.baidu.com/view/1405563.htm,exact,旦斗寺,https://zh.wikipedia.org/wiki/%E6%97%A6%E6%96%97%E5%AF%BA,exact,
7-1469-3-767,佑宁寺,佑宁寺,https://baike.baidu.com/view/113628.htm,exact,佑宁寺,https://zh.wikipedia.org/wiki/%E4%BD%91%E5%AE%81%E5%AF%BA,exact,
7-1470-3-768,洪水泉清真寺,洪水泉清真寺,https://baike.baidu.com/view/1405515.htm,exact,洪水泉清真寺,https://zh.wikipedia.org/wiki/%E6%B4%AA%E6%B0%B4%E6%B3%89%E6%B8%85%E7%9C%9F%E5%AF%BA,exact,
7-1471-3-769,保安古屯田寨堡古建筑群,保安古屯田寨堡古建筑群,https://baike.baidu.com/item/%E4%BF%9D%E5%AE%89%E5%8F%A4%E5%B1%AF%E7%94%B0%E5%AF%A8%E5%A0%A1%E5%8F%A4%E5%BB%BA%E7%AD%91%E7%BE%A4,exact,,,,
7-1472-3-770,东关清真大寺,东关清真大寺,https://baike.baidu.com/subview/114792/16955902.htm,exact,,,,
7-1473-3-771,赛宗寺,赛宗寺,https://baike.baidu.com/view/293431.htm,exact,,,,
7-1474-3-772,文昌庙,文昌庙,https://baike.baidu.com/subview/416435/9471184.htm,exact,,,,
7-1475-3-773,珍珠寺,珍珠寺,https://baike.baidu.com/view/274996.htm,exact,,,,
7-1476-3-774,拉加寺,拉加寺,https://baike.baidu.com/view/302679.htm,exact,拉加寺,https://zh.wikipedia.org/wiki/%E6%8B%89%E5%8A%A0%E5%AF%BA,exact,
7-1477-3-775,石藏寺,石藏寺,https://baike.baidu.com/view/293283.htm,exact,,,,
7-1478-3-776,阿河滩清真寺,阿河滩清真寺,https://baike.baidu.com/view/9030660.htm,exact,,,,
7-1479-3-777,撒拉族清真寺古建筑群,撒拉族清真寺古建筑群,https://baike.baidu.com/item/%E6%92%92%E6%8B%89%E6%97%8F%E6%B8%85%E7%9C%9F%E5%AF%BA%E5%8F%A4%E5%BB%BA%E7%AD%91%E7%BE%A4,exact,,,,
7-1480-3-778,湟源城隍庙,湟源城隍庙,https://baike.baidu.com/item/%E6%B9%9F%E6%BA%90%E5%9F%8E%E9%9A%8D%E5%BA%99,exact,,,,
7-1481-3-779,宏佛塔,宏佛塔,https://baike.baidu.com/view/191826.htm,exact,宏佛塔,https://zh.wikipedia.org/wiki/%E5%AE%8F%E4%BD%9B%E5%A1%94,exact,
7-1482-3-780,康济寺塔,康济寺塔,https://baike.baidu.com/view/2231772.htm,exact,康济寺塔,https://zh.wikipedia.org/wiki/%E5%BA%B7%E6%B5%8E%E5%AF%BA%E5%A1%94,exact,
7-1483-3-781,鸣沙洲塔,鸣沙洲塔,https://baike.baidu.com/item/%E9%B8%A3%E6%B2%99%E6%B4%B2%E5%A1%94,exact,,,,
7-1484-3-782,银川玉皇阁,银川玉皇阁,https://baike.baidu.com/view/500209.htm,exact,,,,
7-1485-3-783,纳家户清真寺,纳家户清真寺,https://baike.baidu.com/view/129305.htm,exact,,,,
7-1486-3-784,田州塔,田州塔,https://baike.baidu.com/view/2045942.htm,exact,,,,
7-1487-3-785,平罗玉皇阁,平罗玉皇阁,https://baike.baidu.com/view/177710.htm,exact,平罗玉皇阁,https://zh.wikipedia.org/wiki/%E5%B9%B3%E7%BD%97%E7%8E%89%E7%9A%87%E9%98%81,exact,
7-1488-3-786,中卫高庙,中卫高庙,https://baike.baidu.com/view/67909.htm,exact,中卫高庙,https://zh.wikipedia.org/wiki/%E4%B8%AD%E5%8D%AB%E9%AB%98%E5%BA%99,exact,
7-1489-3-787,巴仑台黄庙古建筑群,巴仑台黄庙古建筑群,https://baike.baidu.com/item/%E5%B7%B4%E4%BB%91%E5%8F%B0%E9%BB%84%E5%BA%99%E5%8F%A4%E5%BB%BA%E7%AD%91%E7%BE%A4,exact,,,,
7-1490-3-788,拜吐拉清真寺宣礼塔,拜吐拉清真寺宣礼塔,https://baike.baidu.com/view/8066796.htm,exact,拜吐拉清真寺宣礼塔,https://zh.wikipedia.org/wiki/%E6%8B%9C%E5%90%90%E6%8B%89%E6%B8%85%E7%9C%9F%E5%AF%BA%E5%AE%A3%E7%A4%BC%E5%A1%94,exact,
7-1491-3-789,哈纳喀及赛提喀玛勒清真寺宣礼塔,哈纳喀及赛提喀玛勒清真寺宣礼塔,https://baike.baidu.com/item/%E5%93%88%E7%BA%B3%E5%96%80%E5%8F%8A%E8%B5%9B%E6%8F%90%E5%96%80%E7%8E%9B%E5%8B%92%E6%B8%85%E7%9C%9F%E5%AF%BA%E5%AE%A3%E7%A4%BC%E5%A1%94,exact,哈纳喀及赛提喀玛勒清真寺宣礼塔,https://zh.wikipedia.org/wiki/%E5%93%88%E7%BA%B3%E5%96%80%E5%8F%8A%E8%B5%9B%E6%8F%90%E5%96%80%E7%8E%9B%E5%8B%92%E6%B8%85%E7%9C%9F%E5%AF%BA%E5%AE%A3%E7%A4%BC%E5%A1%94,exact,
7-1492-3-790,惠远钟鼓楼,惠远钟鼓楼,https://baike.baidu.com/view/1071350.htm,exact,惠远钟鼓楼,https://zh.wikipedia.org/wiki/%E6%83%A0%E8%BF%9C%E9%92%9F%E9%BC%93%E6%A5%BC,exact,
7-1493-3-791,库车大寺,库车大寺,https://baike.baidu.com/view/512964.htm,exact,库车大寺,https://zh.wikipedia.org/wiki/%E5%BA%93%E8%BD%A6%E5%A4%A7%E5%AF%BA,exact,
7-1494-3-792,纳达齐牛录关帝庙,纳达齐牛录关帝庙,https://baike.baidu.com/item/%E7%BA%B3%E8%BE%BE%E9%BD%90%E7%89%9B%E5%BD%95%E5%85%B3%E5%B8%9D%E5%BA%99,exact,,,,
7-1495-3-793,莎车加满清真寺,莎车加满清真寺,https://baike.baidu.com/item/%E8%8E%8E%E8%BD%A6%E5%8A%A0%E6%BB%A1%E6%B8%85%E7%9C%9F%E5%AF%BA,exact,,,,
7-1496-3-794,伊宁陕西大寺,伊宁陕西大寺,https://baike.baidu.com/item/%E4%BC%8A%E5%AE%81%E9%99%95%E8%A5%BF%E5%A4%A7%E5%AF%BA,exact,伊宁陕西大寺,https://zh.wikipedia.org/wiki/%E4%BC%8A%E5%AE%81%E9%99%95%E8%A5%BF%E5%A4%A7%E5%AF%BA,exact,
7-1497-3-795,乌鲁木齐陕西大寺大殿,乌鲁木齐陕西大寺大殿,https://baike.baidu.com/item/%E4%B9%8C%E9%B2%81%E6%9C%A8%E9%BD%90%E9%99%95%E8%A5%BF%E5%A4%A7%E5%AF%BA%E5%A4%A7%E6%AE%BF,exact,,,,
7-1498-4-001,朱山石刻,朱山石刻,https://baike.baidu.com/view/144244.htm,exact,朱山石刻,https://zh.wikipedia.org/wiki/%E6%9C%B1%E5%B1%B1%E7%9F%B3%E5%88%BB,exact,
7-1499-4-002,封龙山石窟,封龙山石窟,https://baike.baidu.com/view/4080962.htm,exact,封龙山石窟,https://zh.wikipedia.org/wiki/%E5%B0%81%E9%BE%99%E5%B1%B1%E7%9F%B3%E7%AA%9F,exact,
7-1500-4-003,水浴寺石窟,水浴寺石窟,https://baike.baidu.com/view/10403222.htm,exact,水浴寺石窟,https://zh.wikipedia.org/wiki/%E6%B0%B4%E6%B5%B4%E5%AF%BA%E7%9F%B3%E7%AA%9F,exact,
7-1501-4-004,八会寺刻经,八会寺刻经,https://baike.baidu.com/view/10610854.htm,exact,八会寺刻经,https://zh.wikipedia.org/wiki/%E5%85%AB%E4%BC%9A%E5%AF%BA%E5%88%BB%E7%BB%8F,exact,
7-1502-4-005,邢台道德经幢,邢台道德经幢,https://baike.baidu.com/view/1322697.htm,exact,,,,
7-1503-4-006,卧佛寺摩崖造像,卧佛寺摩崖造像,https://baike.baidu.com/view/10610862.htm,exact,卧佛寺摩崖造像,https://zh.wikipedia.org/wiki/%E5%8D%A7%E4%BD%9B%E5%AF%BA%E6%91%A9%E5%B4%96%E9%80%A0%E5%83%8F,exact,
7-1504-4-007,法华洞石窟,法华洞石窟,https://baike.baidu.com/view/1038656.htm,exact,法华洞石窟,https://zh.wikipedia.org/wiki/%E6%B3%95%E5%8D%8E%E6%B4%9E%E7%9F%B3%E7%AA%9F,exact,
7-1505-4-008,瑜伽山摩崖造像,瑜伽山摩崖造像,https://baike.baidu.com/view/3895441.htm,exact,,,,
7-1506-4-009,木兰围场御制碑、摩崖石刻,木兰围场御制碑、摩崖石刻,https://baike.baidu.com/item/%E6%9C%A8%E5%85%B0%E5%9B%B4%E5%9C%BA%E5%BE%A1%E5%88%B6%E7%A2%91%E3%80%81%E6%91%A9%E5%B4%96%E7%9F%B3%E5%88%BB,exact,木兰围场御制碑、摩崖石刻,https://zh.wikipedia.org/wiki/%E6%9C%A8%E5%85%B0%E5%9B%B4%E5%9C%BA%E5%BE%A1%E5%88%B6%E7%A2%91%E3%80%81%E6%91%A9%E5%B4%96%E7%9F%B3%E5%88%BB,exact,
7-1507-4-010,开河寺石窟,开河寺石窟,https://baike.baidu.com/view/1919606.htm,exact,开河寺石窟,https://zh.wikipedia.org/wiki/%E5%BC%80%E6%B2%B3%E5%AF%BA%E7%9F%B3%E7%AA%9F,exact,
7-1508-4-011,石马寺石窟,石马寺石窟,https://baike.baidu.com/item/%E7%9F%B3%E9%A9%AC%E5%AF%BA%E7%9F%B3%E7%AA%9F,exact,,,,
7-1509-4-012,七里脚千佛洞石窟,七里脚千佛洞石窟,https://baike.baidu.com/item/%E4%B8%83%E9%87%8C%E8%84%9A%E5%8D%83%E4%BD%9B%E6%B4%9E%E7%9F%B3%E7%AA%9F,exact,七里脚千佛洞石窟,https://zh.wikipedia.org/wiki/%E4%B8%83%E9%87%8C%E8%84%9A%E5%8D%83%E4%BD%9B%E6%B4%9E%E7%9F%B3%E7%AA%9F,exact,
7-1510-4-013,南涅水石刻,南涅水石刻,https://baike.baidu.com/subview/729951/729951.htm,exact,南涅水石刻,https://zh.wikipedia.org/wiki/%E5%8D%97%E6%B6%85%E6%B0%B4%E7%9F%B3%E5%88%BB,exact,
7-1511-4-014,桌子山岩画群,桌子山岩画群,https://baike.baidu.com/view/10604668.htm,exact,桌子山岩画群,https://zh.wikipedia.org/wiki/%E6%A1%8C%E5%AD%90%E5%B1%B1%E5%B2%A9%E7%94%BB%E7%BE%A4,exact,
7-1512-4-015,克什克腾岩画群,克什克腾岩画群,https://baike.baidu.com/item/%E5%85%8B%E4%BB%80%E5%85%8B%E8%85%BE%E5%B2%A9%E7%94%BB%E7%BE%A4,exact,,,,
7-1513-4-016,曼德拉山岩画群,曼德拉山岩画群,https://baike.baidu.com/item/%E6%9B%BC%E5%BE%B7%E6%8B%89%E5%B1%B1%E5%B2%A9%E7%94%BB%E7%BE%A4,exact,,,,
7-1514-4-017,广化寺造像,广化寺造像,https://baike.baidu.com/item/%E5%B9%BF%E5%8C%96%E5%AF%BA%E9%80%A0%E5%83%8F,exact,,,,
7-1515-4-018,庆云摩崖石刻,庆云摩崖石刻,https://baike.baidu.com/item/%E5%BA%86%E4%BA%91%E6%91%A9%E5%B4%96%E7%9F%B3%E5%88%BB,exact,庆云摩崖石刻,https://zh.wikipedia.org/wiki/%E5%BA%86%E4%BA%91%E6%91%A9%E5%B4%96%E7%9F%B3%E5%88%BB,exact,
7-1516-4-019,清追封和硕忠亲王碑,清追封和硕忠亲王碑,https://baike.baidu.com/item/%E6%B8%85%E8%BF%BD%E5%B0%81%E5%92%8C%E7%A1%95%E5%BF%A0%E4%BA%B2%E7%8E%8B%E7%A2%91,exact,清追封和硕忠亲王碑,https://zh.wikipedia.org/wiki/%E6%B8%85%E8%BF%BD%E5%B0%81%E5%92%8C%E7%A1%95%E5%BF%A0%E4%BA%B2%E7%8E%8B%E7%A2%91,exact,
7-1517-4-020,东连岛东海琅琊郡界域刻石,东连岛东海琅琊郡界域刻石,https://baike.baidu.com/item/%E4%B8%9C%E8%BF%9E%E5%B2%9B%E4%B8%9C%E6%B5%B7%E7%90%85%E7%90%8A%E9%83%A1%E7%95%8C%E5%9F%9F%E5%88%BB%E7%9F%B3,exact,,,,
7-1518-4-021,惠山寺经幢,惠山寺经幢,https://baike.baidu.com/view/1105161.htm,exact,惠山寺经幢,https://zh.wikipedia.org/wiki/%E6%83%A0%E5%B1%B1%E5%AF%BA%E7%BB%8F%E5%B9%A2,exact,
7-1519-4-022,郁林观石刻群,郁林观石刻群,https://baike.baidu.com/item/%E9%83%81%E6%9E%97%E8%A7%82%E7%9F%B3%E5%88%BB%E7%BE%A4,exact,,,,
7-1520-4-023,第一山题刻,第一山题刻,https://baike.baidu.com/item/%E7%AC%AC%E4%B8%80%E5%B1%B1%E9%A2%98%E5%88%BB,exact,第一山题刻,https://zh.wikipedia.org/wiki/%E7%AC%AC%E4%B8%80%E5%B1%B1%E9%A2%98%E5%88%BB,exact,
7-1521-4-024,阳山碑材,阳山碑材,https://baike.baidu.com/view/298776.htm,exact,,,,
7-1522-4-025,仙居古越族岩画群,仙居古越族岩画群,https://baike.baidu.com/item/%E4%BB%99%E5%B1%85%E5%8F%A4%E8%B6%8A%E6%97%8F%E5%B2%A9%E7%94%BB%E7%BE%A4,exact,,,,
7-1523-4-026,南明山摩崖题刻,南明山摩崖题刻,https://baike.baidu.com/view/2713466.htm,exact,南明山摩崖题刻,https://zh.wikipedia.org/wiki/%E5%8D%97%E6%98%8E%E5%B1%B1%E6%91%A9%E5%B4%96%E9%A2%98%E5%88%BB,exact,
7-1524-4-027,大佛寺石弥勒像和千佛岩造像,大佛寺石弥勒像和千佛岩造像,https://baike.baidu.com/item/%E5%A4%A7%E4%BD%9B%E5%AF%BA%E7%9F%B3%E5%BC%A5%E5%8B%92%E5%83%8F%E5%92%8C%E5%8D%83%E4%BD%9B%E5%B2%A9%E9%80%A0%E5%83%8F,exact,,,,
7-1525-4-028,石门洞摩崖题刻,石门洞摩崖题刻,https://baike.baidu.com/view/2714265.htm,exact,石门洞摩崖题刻,https://zh.wikipedia.org/wiki/%E7%9F%B3%E9%97%A8%E6%B4%9E%E6%91%A9%E5%B4%96%E9%A2%98%E5%88%BB,exact,
7-1526-4-029,龙兴寺经幢,龙兴寺经幢,https://baike.baidu.com/view/2716365.htm,exact,,,,
7-1527-4-030,惠力寺经幢,惠力寺经幢,https://baike.baidu.com/view/2713315.htm,exact,,,,
7-1528-4-031,柯岩造像及摩崖题刻,柯岩造像及摩崖题刻,https://baike.baidu.com/item/%E6%9F%AF%E5%B2%A9%E9%80%A0%E5%83%8F%E5%8F%8A%E6%91%A9%E5%B4%96%E9%A2%98%E5%88%BB,exact,柯岩造像及摩崖题刻,https://zh.wikipedia.org/wiki/%E6%9F%AF%E5%B2%A9%E9%80%A0%E5%83%8F%E5%8F%8A%E6%91%A9%E5%B4%96%E9%A2%98%E5%88%BB,exact,
7-1529-4-032,南山造像,南山造像,https://baike.baidu.com/view/2718654.htm,exact,南山造像,https://zh.wikipedia.org/wiki/%E5%8D%97%E5%B1%B1%E9%80%A0%E5%83%8F,exact,
7-1530-4-033,琅琊山摩崖石刻及碑刻,琅琊山摩崖石刻及碑刻,https://baike.baidu.com/view/11577254.htm,exact,琅琊山摩崖石刻及碑刻,https://zh.wikipedia.org/wiki/%E7%90%85%E7%90%8A%E5%B1%B1%E6%91%A9%E5%B4%96%E7%9F%B3%E5%88%BB%E5%8F%8A%E7%A2%91%E5%88%BB,exact,
7-1531-4-034,浮山摩崖石刻,浮山摩崖石刻,https://baike.baidu.com/view/1012182.htm,exact,,,,
7-1532-4-035,齐山摩崖石刻,齐山摩崖石刻,https://baike.baidu.com/item/%E9%BD%90%E5%B1%B1%E6%91%A9%E5%B4%96%E7%9F%B3%E5%88%BB,exact,,,,
7-1533-4-036,黄山摩崖石刻群,黄山摩崖石刻群,https://baike.baidu.com/item/%E9%BB%84%E5%B1%B1%E6%91%A9%E5%B4%96%E7%9F%B3%E5%88%BB%E7%BE%A4,exact,,,,
7-1534-4-037,仙字潭摩崖石刻,仙字潭摩崖石刻,https://baike.baidu.com/view/2853758.htm,exact,仙字潭摩崖石刻,https://zh.wikipedia.org/wiki/%E4%BB%99%E5%AD%97%E6%BD%AD%E6%91%A9%E5%B4%96%E7%9F%B3%E5%88%BB,exact,
7-1535-4-038,乌石山、于山摩崖石刻及造像,乌石山、于山摩崖石刻及造像,https://baike.baidu.com/item/%E4%B9%8C%E7%9F%B3%E5%B1%B1%E3%80%81%E4%BA%8E%E5%B1%B1%E6%91%A9%E5%B4%96%E7%9F%B3%E5%88%BB%E5%8F%8A%E9%80%A0%E5%83%8F,exact,,,,
7-1536-4-039,西资寺石佛造像,西资寺石佛造像,https://baike.baidu.com/item/%E8%A5%BF%E8%B5%84%E5%AF%BA%E7%9F%B3%E4%BD%9B%E9%80%A0%E5%83%8F,exact,,,,
7-1537-4-040,南天寺石佛造像和摩崖石刻,,,,南天寺石佛造像和摩崖石刻,https://zh.wikipedia.org/wiki/%E5%8D%97%E5%A4%A9%E5%AF%BA%E7%9F%B3%E4%BD%9B%E9%80%A0%E5%83%8F%E5%92%8C%E6%91%A9%E5%B4%96%E7%9F%B3%E5%88%BB,exact,南天寺石佛和摩崖石刻 | https://baike.baidu.com/view/3923217.htm | different-title
7-1538-4-041,罗田岩石刻,罗田岩石刻,https://baike.baidu.com/item/%E7%BD%97%E7%94%B0%E5%B2%A9%E7%9F%B3%E5%88%BB,exact,罗田岩石刻,https://zh.wikipedia.org/wiki/%E7%BD%97%E7%94%B0%E5%B2%A9%E7%9F%B3%E5%88%BB,exact,
7-1539-4-042,南岩石窟,南岩石窟,https://baike.baidu.com/item/%E5%8D%97%E5%B2%A9%E7%9F%B3%E7%AA%9F,exact,南岩石窟,https://zh.wikipedia.org/wiki/%E5%8D%97%E5%B2%A9%E7%9F%B3%E7%AA%9F,exact,
7-1540-4-043,皇圣卿阙、功曹阙,皇圣卿阙、功曹阙,https://baike.baidu.com/item/%E7%9A%87%E5%9C%A3%E5%8D%BF%E9%98%99%E3%80%81%E5%8A%9F%E6%9B%B9%E9%98%99,exact,,,,
7-1541-4-044,丈八佛,丈八佛石造像,https://baike.baidu.com/view/320313.htm,related-location,丈八佛,https://zh.wikipedia.org/wiki/%E4%B8%88%E5%85%AB%E4%BD%9B,exact,
7-1542-4-045,长清莲花洞石窟造像,长清莲花洞石窟造像,https://baike.baidu.com/item/%E9%95%BF%E6%B8%85%E8%8E%B2%E8%8A%B1%E6%B4%9E%E7%9F%B3%E7%AA%9F%E9%80%A0%E5%83%8F,exact,,,,
7-1543-4-046,棘梁山石刻,棘梁山石刻,https://baike.baidu.com/item/%E6%A3%98%E6%A2%81%E5%B1%B1%E7%9F%B3%E5%88%BB,exact,棘梁山石刻,https://zh.wikipedia.org/wiki/%E6%A3%98%E6%A2%81%E5%B1%B1%E7%9F%B3%E5%88%BB,exact,
7-1544-4-047,景灵宫碑,景灵宫碑,https://baike.baidu.com/item/%E6%99%AF%E7%81%B5%E5%AE%AB%E7%A2%91,exact,景灵宫碑,https://zh.wikipedia.org/wiki/%E6%99%AF%E7%81%B5%E5%AE%AB%E7%A2%91,exact,
7-1545-4-048,大泽山石刻及智藏寺墓塔林,大泽山石刻及智藏寺墓塔林,https://baike.baidu.com/item/%E5%A4%A7%E6%B3%BD%E5%B1%B1%E7%9F%B3%E5%88%BB%E5%8F%8A%E6%99%BA%E8%97%8F%E5%AF%BA%E5%A2%93%E5%A1%94%E6%9E%97,exact,大泽山石刻及智藏寺墓塔林,https://zh.wikipedia.org/wiki/%E5%A4%A7%E6%B3%BD%E5%B1%B1%E7%9F%B3%E5%88%BB%E5%8F%8A%E6%99%BA%E8%97%8F%E5%AF%BA%E5%A2%93%E5%A1%94%E6%9E%97,exact,
7-1546-4-049,萧大亨墓地石刻,萧大亨墓地石刻,https://baike.baidu.com/item/%E8%90%A7%E5%A4%A7%E4%BA%A8%E5%A2%93%E5%9C%B0%E7%9F%B3%E5%88%BB,exact,,,,
7-1547-4-050,水泉石窟,水泉石窟,https://baike.baidu.com/view/471127.htm,exact,,,,
7-1548-4-051,万佛山石窟,万佛山石窟,https://baike.baidu.com/view/10069940.htm,exact,,,,
7-1549-4-052,田迈造像,田迈造像,https://baike.baidu.com/item/%E7%94%B0%E8%BF%88%E9%80%A0%E5%83%8F,exact,,,,
7-1550-4-053,禅静寺造像碑,禅静寺造像碑,https://baike.baidu.com/item/%E7%A6%85%E9%9D%99%E5%AF%BA%E9%80%A0%E5%83%8F%E7%A2%91,exact,禅静寺造像碑,https://zh.wikipedia.org/wiki/%E7%A6%85%E9%9D%99%E5%AF%BA%E9%80%A0%E5%83%8F%E7%A2%91,exact,
7-1551-4-054,洪谷寺塔与千佛洞石窟,洪谷寺塔与千佛洞石窟,https://baike.baidu.com/item/%E6%B4%AA%E8%B0%B7%E5%AF%BA%E5%A1%94%E4%B8%8E%E5%8D%83%E4%BD%9B%E6%B4%9E%E7%9F%B3%E7%AA%9F,exact,,,,
7-1552-4-055,香泉寺石窟,香泉寺石窟,https://baike.baidu.com/item/%E9%A6%99%E6%B3%89%E5%AF%BA%E7%9F%B3%E7%AA%9F,exact,,,,
7-1553-4-056,窄涧谷太平寺石窟,窄涧谷太平寺石窟,https://baike.baidu.com/item/%E7%AA%84%E6%B6%A7%E8%B0%B7%E5%A4%AA%E5%B9%B3%E5%AF%BA%E7%9F%B3%E7%AA%9F,exact,,,,
7-1554-4-057,尊胜陀罗尼经幢,尊胜陀罗尼经幢,https://baike.baidu.com/subview/1772990/15399247.htm,exact,,,,
7-1555-4-058,陀罗尼经幢,赵州陀罗尼经幢,https://baike.baidu.com/subview/51525/51525.htm,related-location,陀罗尼经幢,https://zh.wikipedia.org/wiki/%E9%99%80%E7%BD%97%E5%B0%BC%E7%BB%8F%E5%B9%A2,exact,
7-1556-4-059,大宋新修会圣宫铭碑,大宋新修会圣宫铭碑,https://baike.baidu.com/view/12104395.htm,exact,,,,
7-1557-4-060,新乡文庙大观圣作之碑,新乡文庙大观圣作之碑,https://baike.baidu.com/item/%E6%96%B0%E4%B9%A1%E6%96%87%E5%BA%99%E5%A4%A7%E8%A7%82%E5%9C%A3%E4%BD%9C%E4%B9%8B%E7%A2%91,exact,新乡文庙大观圣作之碑,https://zh.wikipedia.org/wiki/%E6%96%B0%E4%B9%A1%E6%96%87%E5%BA%99%E5%A4%A7%E8%A7%82%E5%9C%A3%E4%BD%9C%E4%B9%8B%E7%A2%91,exact,
7-1558-4-061,佛沟摩崖造像,佛沟摩崖造像,https://baike.baidu.com/view/976569.htm,exact,,,,
7-1559-4-062,水南关清真寺阿文碑,水南关清真寺阿文碑,https://baike.baidu.com/item/%E6%B0%B4%E5%8D%97%E5%85%B3%E6%B8%85%E7%9C%9F%E5%AF%BA%E9%98%BF%E6%96%87%E7%A2%91,exact,,,,
7-1560-4-063,慈云寺石刻,慈云寺石刻,https://baike.baidu.com/item/%E6%85%88%E4%BA%91%E5%AF%BA%E7%9F%B3%E5%88%BB,exact,慈云寺 (巩义),https://zh.wikipedia.org/wiki/%E6%85%88%E4%BA%91%E5%AF%BA_(%E5%B7%A9%E4%B9%89),redirect,
7-1561-4-064,赤壁摩崖石刻,赤壁摩崖石刻,https://baike.baidu.com/view/477362.htm,exact,,,,
7-1562-4-065,李曾伯纪功铭,李曾伯纪功铭,https://baike.baidu.com/view/10620634.htm,exact,,,,
7-1563-4-066,侍郎坦摩崖石刻群,侍郎坦摩崖石刻群,https://baike.baidu.com/item/%E4%BE%8D%E9%83%8E%E5%9D%A6%E6%91%A9%E5%B4%96%E7%9F%B3%E5%88%BB%E7%BE%A4,exact,,,,
7-1564-4-067,南岳摩崖石刻,南岳摩崖石刻,https://baike.baidu.com/view/11877583.htm,exact,南岳摩崖石刻,https://zh.wikipedia.org/wiki/%E5%8D%97%E5%B2%B3%E6%91%A9%E5%B4%96%E7%9F%B3%E5%88%BB,exact,
7-1565-4-068,朝阳岩石刻,朝阳岩石刻,https://baike.baidu.com/item/%E6%9C%9D%E9%98%B3%E5%B2%A9%E7%9F%B3%E5%88%BB,exact,,,,
7-1566-4-069,苏仙岭摩崖石刻群,苏仙岭摩崖石刻群,https://baike.baidu.com/item/%E8%8B%8F%E4%BB%99%E5%B2%AD%E6%91%A9%E5%B4%96%E7%9F%B3%E5%88%BB%E7%BE%A4,exact,,,,
7-1567-4-070,禹王碑,禹王碑,https://baike.baidu.com/subview/43714/43714.htm,exact,岣嵝碑,https://zh.wikipedia.org/wiki/%E5%B2%A3%E5%B5%9D%E7%A2%91,redirect,
7-1568-4-071,淡岩石刻,淡岩石刻,https://baike.baidu.com/item/%E6%B7%A1%E5%B2%A9%E7%9F%B3%E5%88%BB,exact,,,,
7-1569-4-072,龙龛岩摩崖石刻,龙龛岩摩崖石刻,https://baike.baidu.com/view/6155793.htm,exact,龙龛岩摩崖石刻,https://zh.wikipedia.org/wiki/%E9%BE%99%E9%BE%9B%E5%B2%A9%E6%91%A9%E5%B4%96%E7%9F%B3%E5%88%BB,exact,
7-1570-4-073,丹霞山摩崖石刻,丹霞山摩崖石刻,https://baike.baidu.com/item/%E4%B8%B9%E9%9C%9E%E5%B1%B1%E6%91%A9%E5%B4%96%E7%9F%B3%E5%88%BB,exact,丹霞山摩崖石刻,https://zh.wikipedia.org/wiki/%E4%B8%B9%E9%9C%9E%E5%B1%B1%E6%91%A9%E5%B4%96%E7%9F%B3%E5%88%BB,exact,
7-1571-4-074,百寿岩石刻,百寿岩石刻,https://baike.baidu.com/view/8081260.htm,exact,百寿岩石刻,https://zh.wikipedia.org/wiki/%E7%99%BE%E5%AF%BF%E5%B2%A9%E7%9F%B3%E5%88%BB,exact,
7-1572-4-075,会仙山摩崖石刻,会仙山摩崖石刻,https://baike.baidu.com/item/%E4%BC%9A%E4%BB%99%E5%B1%B1%E6%91%A9%E5%B4%96%E7%9F%B3%E5%88%BB,exact,会仙山摩崖石刻,https://zh.wikipedia.org/wiki/%E4%BC%9A%E4%BB%99%E5%B1%B1%E6%91%A9%E5%B4%96%E7%9F%B3%E5%88%BB,exact,
7-1573-4-076,石门大佛寺摩崖造像,石门大佛寺摩崖造像,https://baike.baidu.com/item/%E7%9F%B3%E9%97%A8%E5%A4%A7%E4%BD%9B%E5%AF%BA%E6%91%A9%E5%B4%96%E9%80%A0%E5%83%8F,exact,石门大佛寺摩崖造像,https://zh.wikipedia.org/wiki/%E7%9F%B3%E9%97%A8%E5%A4%A7%E4%BD%9B%E5%AF%BA%E6%91%A9%E5%B4%96%E9%80%A0%E5%83%8F,exact,
7-1574-4-077,瞿塘峡摩崖石刻,瞿塘峡摩崖石刻,https://baike.baidu.com/view/102831.htm,exact,,,,
7-1575-4-078,弹子石摩崖造像,弹子石摩崖造像,https://baike.baidu.com/view/1137819.htm,exact,,,,
7-1576-4-079,北周文王碑及摩崖造像,北周文王碑及摩崖造像,https://baike.baidu.com/view/12523125.htm,exact,北周文王碑及摩崖造像,https://zh.wikipedia.org/wiki/%E5%8C%97%E5%91%A8%E6%96%87%E7%8E%8B%E7%A2%91%E5%8F%8A%E6%91%A9%E5%B4%96%E9%80%A0%E5%83%8F,exact,
7-1577-4-080,鹤鸣山道教石窟寺及石刻,鹤鸣山道教石窟寺及石刻,https://baike.baidu.com/view/12877532.htm,exact,,,,
7-1578-4-081,困佛寺摩崖造像,困佛寺摩崖造像,https://baike.baidu.com/item/%E5%9B%B0%E4%BD%9B%E5%AF%BA%E6%91%A9%E5%B4%96%E9%80%A0%E5%83%8F,exact,,,,
7-1579-4-082,冲相寺摩崖造像,冲相寺摩崖造像,https://baike.baidu.com/view/408994.htm,exact,,,,
7-1580-4-083,郑山、刘嘴摩崖造像,郑山、刘嘴摩崖造像,https://baike.baidu.com/item/%E9%83%91%E5%B1%B1%E3%80%81%E5%88%98%E5%98%B4%E6%91%A9%E5%B4%96%E9%80%A0%E5%83%8F,exact,郑山、刘嘴摩崖造像,https://zh.wikipedia.org/wiki/%E9%83%91%E5%B1%B1%E3%80%81%E5%88%98%E5%98%B4%E6%91%A9%E5%B4%96%E9%80%A0%E5%83%8F,exact,
7-1581-4-084,碧水寺摩崖造像,碧水寺摩崖造像,https://baike.baidu.com/item/%E7%A2%A7%E6%B0%B4%E5%AF%BA%E6%91%A9%E5%B4%96%E9%80%A0%E5%83%8F,exact,碧水寺摩崖造像,https://zh.wikipedia.org/wiki/%E7%A2%A7%E6%B0%B4%E5%AF%BA%E6%91%A9%E5%B4%96%E9%80%A0%E5%83%8F,exact,
7-1582-4-085,禹迹山摩崖造像,禹迹山摩崖造像,https://baike.baidu.com/item/%E7%A6%B9%E8%BF%B9%E5%B1%B1%E6%91%A9%E5%B4%96%E9%80%A0%E5%83%8F,exact,,,,
7-1583-4-086,半月山摩崖造像,半月山摩崖造像,https://baike.baidu.com/item/%E5%8D%8A%E6%9C%88%E5%B1%B1%E6%91%A9%E5%B4%96%E9%80%A0%E5%83%8F,exact,半月山摩崖造像,https://zh.wikipedia.org/wiki/%E5%8D%8A%E6%9C%88%E5%B1%B1%E6%91%A9%E5%B4%96%E9%80%A0%E5%83%8F,exact,
7-1584-4-087,白乳溪石窟,白乳溪石窟,https://baike.baidu.com/item/%E7%99%BD%E4%B9%B3%E6%BA%AA%E7%9F%B3%E7%AA%9F,exact,白乳溪石窟,https://zh.wikipedia.org/wiki/%E7%99%BD%E4%B9%B3%E6%BA%AA%E7%9F%B3%E7%AA%9F,exact,
7-1585-4-088,能仁寺摩崖造像,能仁寺摩崖造像,https://baike.baidu.com/item/%E8%83%BD%E4%BB%81%E5%AF%BA%E6%91%A9%E5%B4%96%E9%80%A0%E5%83%8F,exact,能仁寺摩崖造像,https://zh.wikipedia.org/wiki/%E8%83%BD%E4%BB%81%E5%AF%BA%E6%91%A9%E5%B4%96%E9%80%A0%E5%83%8F,exact,
7-1586-4-089,穆日玛尼石经墙,穆日玛尼石经墙,https://baike.baidu.com/item/%E7%A9%86%E6%97%A5%E7%8E%9B%E5%B0%BC%E7%9F%B3%E7%BB%8F%E5%A2%99,exact,,,,
7-1587-4-090,中岩寺摩崖造像,中岩寺摩崖造像,https://baike.baidu.com/item/%E4%B8%AD%E5%B2%A9%E5%AF%BA%E6%91%A9%E5%B4%96%E9%80%A0%E5%83%8F,exact,中岩寺摩崖造像,https://zh.wikipedia.org/wiki/%E4%B8%AD%E5%B2%A9%E5%AF%BA%E6%91%A9%E5%B4%96%E9%80%A0%E5%83%8F,exact,
7-1588-4-091,大像山摩崖造像,大像山摩崖造像,https://baike.baidu.com/item/%E5%A4%A7%E5%83%8F%E5%B1%B1%E6%91%A9%E5%B4%96%E9%80%A0%E5%83%8F,exact,大像山摩崖造像,https://zh.wikipedia.org/wiki/%E5%A4%A7%E5%83%8F%E5%B1%B1%E6%91%A9%E5%B4%96%E9%80%A0%E5%83%8F,exact,
7-1589-4-092,翔龙山摩崖造像,翔龙山摩崖造像,https://baike.baidu.com/item/%E7%BF%94%E9%BE%99%E5%B1%B1%E6%91%A9%E5%B4%96%E9%80%A0%E5%83%8F,exact,,,,
7-1590-4-093,玉蟾山摩崖造像,玉蟾山摩崖造像,https://baike.baidu.com/view/3729103.htm,exact,玉蟾山摩崖造像,https://zh.wikipedia.org/wiki/%E7%8E%89%E8%9F%BE%E5%B1%B1%E6%91%A9%E5%B4%96%E9%80%A0%E5%83%8F,exact,
7-1591-4-094,冒水村摩崖造像,冒水村摩崖造像,https://baike.baidu.com/item/%E5%86%92%E6%B0%B4%E6%9D%91%E6%91%A9%E5%B4%96%E9%80%A0%E5%83%8F,exact,冒水村摩崖造像,https://zh.wikipedia.org/wiki/%E5%86%92%E6%B0%B4%E6%9D%91%E6%91%A9%E5%B4%96%E9%80%A0%E5%83%8F,exact,
7-1592-4-095,清凉洞摩崖造像,清凉洞摩崖造像,https://baike.baidu.com/item/%E6%B8%85%E5%87%89%E6%B4%9E%E6%91%A9%E5%B4%96%E9%80%A0%E5%83%8F,exact,,,,
7-1593-4-096,敖氏和罗氏墓群石刻,敖氏和罗氏墓群石刻,https://baike.baidu.com/item/%E6%95%96%E6%B0%8F%E5%92%8C%E7%BD%97%E6%B0%8F%E5%A2%93%E7%BE%A4%E7%9F%B3%E5%88%BB,exact,,,,
7-1594-4-097,金沙江岩画,金沙江岩画,https://baike.baidu.com/view/10602144.htm,exact,金沙江岩画,https://zh.wikipedia.org/wiki/%E9%87%91%E6%B2%99%E6%B1%9F%E5%B2%A9%E7%94%BB,exact,
7-1595-4-098,大王岩岩画,麻栗坡大王岩岩画,https://baike.baidu.com/view/10606243.htm,manual,,,,武夷山风景名胜区 | https://zh.wikipedia.org/wiki/%E6%AD%A6%E5%A4%B7%E5%B1%B1%E9%A3%8E%E6%99%AF%E5%90%8D%E8%83%9C%E5%8C%BA | different-title
7-1596-4-099,观音阁石刻造像,观音阁石刻造像,https://baike.baidu.com/item/%E8%A7%82%E9%9F%B3%E9%98%81%E7%9F%B3%E5%88%BB%E9%80%A0%E5%83%8F,exact,,,,
7-1597-4-100,其多山洞穴岩画,其多山洞穴岩画,https://baike.baidu.com/item/%E5%85%B6%E5%A4%9A%E5%B1%B1%E6%B4%9E%E7%A9%B4%E5%B2%A9%E7%94%BB,exact,其多山洞穴岩画,https://zh.wikipedia.org/wiki/%E5%85%B6%E5%A4%9A%E5%B1%B1%E6%B4%9E%E7%A9%B4%E5%B2%A9%E7%94%BB,exact,
7-1598-4-101,宜君石窟群,宜君石窟群,https://baike.baidu.com/item/%E5%AE%9C%E5%90%9B%E7%9F%B3%E7%AA%9F%E7%BE%A4,exact,,,,
7-1599-4-102,清凉山万佛洞石窟及琉璃塔,清凉山万佛洞石窟及琉璃塔,https://baike.baidu.com/item/%E6%B8%85%E5%87%89%E5%B1%B1%E4%B8%87%E4%BD%9B%E6%B4%9E%E7%9F%B3%E7%AA%9F%E5%8F%8A%E7%90%89%E7%92%83%E5%A1%94,exact,,,,
7-1600-4-103,大黑沟岩画,大黑沟岩画,https://baike.baidu.com/view/11643606.htm,exact,大黑沟岩画,https://zh.wikipedia.org/wiki/%E5%A4%A7%E9%BB%91%E6%B2%9F%E5%B2%A9%E7%94%BB,exact,
7-1601-4-104,黑山岩画,黑山岩画,https://baike.baidu.com/view/189402.htm,exact,黑山岩画,https://zh.wikipedia.org/wiki/%E9%BB%91%E5%B1%B1%E5%B2%A9%E7%94%BB,exact,
7-1602-4-105,石拱寺石窟,石拱寺石窟,https://baike.baidu.com/view/537117.htm,exact,石拱寺石窟,https://zh.wikipedia.org/wiki/%E7%9F%B3%E6%8B%B1%E5%AF%BA%E7%9F%B3%E7%AA%9F,exact,
7-1603-4-106,五个庙石窟,五个庙石窟,https://baike.baidu.com/view/191786.htm,exact,五个庙石窟,https://zh.wikipedia.org/wiki/%E4%BA%94%E4%B8%AA%E5%BA%99%E7%9F%B3%E7%AA%9F,exact,
7-1604-4-107,石空寺石窟,石空寺石窟,https://baike.baidu.com/item/%E7%9F%B3%E7%A9%BA%E5%AF%BA%E7%9F%B3%E7%AA%9F/56771468,exact,石空寺石窟,https://zh.wikipedia.org/wiki/%E7%9F%B3%E7%A9%BA%E5%AF%BA%E7%9F%B3%E7%AA%9F,exact,
7-1605-4-108,和日寺石经墙及和日寺,和日寺石经墙及和日寺,https://baike.baidu.com/item/%E5%92%8C%E6%97%A5%E5%AF%BA%E7%9F%B3%E7%BB%8F%E5%A2%99%E5%8F%8A%E5%92%8C%E6%97%A5%E5%AF%BA,exact,,,,
7-1606-4-109,康家石门子岩雕刻画,康家石门子岩雕刻画,https://baike.baidu.com/view/780684.htm,exact,康家石门子岩雕刻画,https://zh.wikipedia.org/wiki/%E5%BA%B7%E5%AE%B6%E7%9F%B3%E9%97%A8%E5%AD%90%E5%B2%A9%E9%9B%95%E5%88%BB%E7%94%BB,exact,
7-1607-4-110,伯西哈石窟,伯西哈石窟,https://baike.baidu.com/item/%E4%BC%AF%E8%A5%BF%E5%93%88%E7%9F%B3%E7%AA%9F,exact,伯西哈石窟,https://zh.wikipedia.org/wiki/%E4%BC%AF%E8%A5%BF%E5%93%88%E7%9F%B3%E7%AA%9F,exact,
7-1608-5-001,东堂,东堂,https://baike.baidu.com/item/%E4%B8%9C%E5%A0%82/19328136,exact,,,,
7-1609-5-002,基督教中华圣公会教堂,基督教中华圣公会教堂,https://baike.baidu.com/item/%E5%9F%BA%E7%9D%A3%E6%95%99%E4%B8%AD%E5%8D%8E%E5%9C%A3%E5%85%AC%E4%BC%9A%E6%95%99%E5%A0%82,exact,,,,
7-1610-5-003,京张铁路南口段至八达岭段,京张铁路南口段至八达岭段,https://baike.baidu.com/item/%E4%BA%AC%E5%BC%A0%E9%93%81%E8%B7%AF%E5%8D%97%E5%8F%A3%E6%AE%B5%E8%87%B3%E5%85%AB%E8%BE%BE%E5%B2%AD%E6%AE%B5,exact,京张铁路,https://zh.wikipedia.org/wiki/%E4%BA%AC%E5%BC%A0%E9%93%81%E8%B7%AF,redirect,
7-1611-5-004,通州近代学校建筑群,通州近代学校建筑群,https://baike.baidu.com/item/%E9%80%9A%E5%B7%9E%E8%BF%91%E4%BB%A3%E5%AD%A6%E6%A0%A1%E5%BB%BA%E7%AD%91%E7%BE%A4,exact,通州近代学校建筑群,https://zh.wikipedia.org/wiki/%E9%80%9A%E5%B7%9E%E8%BF%91%E4%BB%A3%E5%AD%A6%E6%A0%A1%E5%BB%BA%E7%AD%91%E7%BE%A4,exact,
7-1612-5-005,西交民巷近代银行建筑群,西交民巷近代银行建筑群,https://baike.baidu.com/item/%E8%A5%BF%E4%BA%A4%E6%B0%91%E5%B7%B7%E8%BF%91%E4%BB%A3%E9%93%B6%E8%A1%8C%E5%BB%BA%E7%AD%91%E7%BE%A4,exact,,,,
7-1613-5-006,辅仁大学本部旧址,辅仁大学本部旧址,https://baike.baidu.com/item/%E8%BE%85%E4%BB%81%E5%A4%A7%E5%AD%A6%E6%9C%AC%E9%83%A8%E6%97%A7%E5%9D%80,exact,,,,
7-1614-5-007,盛新中学与佑贞女中旧址,盛新中学与佑贞女中旧址,https://baike.baidu.com/view/1064366.htm,exact,盛新中学与佑贞女中旧址,https://zh.wikipedia.org/wiki/%E7%9B%9B%E6%96%B0%E4%B8%AD%E5%AD%A6%E4%B8%8E%E4%BD%91%E8%B4%9E%E5%A5%B3%E4%B8%AD%E6%97%A7%E5%9D%80,exact,
7-1615-5-008,四九一电台旧址,四九一电台旧址,https://baike.baidu.com/view/1050289.htm,exact,国家广播电视总局四九一台,https://zh.wikipedia.org/wiki/%E5%9B%BD%E5%AE%B6%E5%B9%BF%E6%92%AD%E7%94%B5%E8%A7%86%E6%80%BB%E5%B1%80%E5%9B%9B%E4%B9%9D%E4%B8%80%E5%8F%B0,redirect,
7-1616-5-009,李大钊旧居,李大钊旧居,https://baike.baidu.com/item/%E6%9D%8E%E5%A4%A7%E9%92%8A%E6%97%A7%E5%B1%85,exact,,,,
7-1617-5-010,长辛店“二七”大罢工旧址,长辛店“二七”大罢工旧址,https://baike.baidu.com/item/%E9%95%BF%E8%BE%9B%E5%BA%97%E2%80%9C%E4%BA%8C%E4%B8%83%E2%80%9D%E5%A4%A7%E7%BD%A2%E5%B7%A5%E6%97%A7%E5%9D%80,exact,,,,
7-1618-5-011,基督教中华圣经会北京分会旧址,基督教中华圣经会北京分会旧址,https://baike.baidu.com/item/%E5%9F%BA%E7%9D%A3%E6%95%99%E4%B8%AD%E5%8D%8E%E5%9C%A3%E7%BB%8F%E4%BC%9A%E5%8C%97%E4%BA%AC%E5%88%86%E4%BC%9A%E6%97%A7%E5%9D%80,exact,中华圣经会北京分会会所,https://zh.wikipedia.org/wiki/%E4%B8%AD%E5%8D%8E%E5%9C%A3%E7%BB%8F%E4%BC%9A%E5%8C%97%E4%BA%AC%E5%88%86%E4%BC%9A%E4%BC%9A%E6%89%80,redirect,
7-1619-5-012,北京大学地质学馆旧址,北京大学地质学馆旧址,https://baike.baidu.com/item/%E5%8C%97%E4%BA%AC%E5%A4%A7%E5%AD%A6%E5%9C%B0%E8%B4%A8%E5%AD%A6%E9%A6%86%E6%97%A7%E5%9D%80,exact,北京大学地质学馆旧址,https://zh.wikipedia.org/wiki/%E5%8C%97%E4%BA%AC%E5%A4%A7%E5%AD%A6%E5%9C%B0%E8%B4%A8%E5%AD%A6%E9%A6%86%E6%97%A7%E5%9D%80,exact,
7-1620-5-013,焦庄户地道战遗址,焦庄户地道战遗址,https://baike.baidu.com/view/51313.htm,exact,北京焦庄户地道战遗址纪念馆,https://zh.wikipedia.org/wiki/%E5%8C%97%E4%BA%AC%E7%84%A6%E5%BA%84%E6%88%B7%E5%9C%B0%E9%81%93%E6%88%98%E9%81%97%E5%9D%80%E7%BA%AA%E5%BF%B5%E9%A6%86,redirect,
7-1621-5-014,梅兰芳旧居,梅兰芳纪念馆,https://baike.baidu.com/subview/90414/9965277.htm,manual,,,,梅兰芳纪念馆 | https://baike.baidu.com/subview/90414/9965277.htm | different-title；北京鲁迅博物馆 | https://zh.wikipedia.org/wiki/%E5%8C%97%E4%BA%AC%E9%B2%81%E8%BF%85%E5%8D%9A%E7%89%A9%E9%A6%86 | different-title
7-1622-5-015,北洋水师大沽船坞遗址,北洋水师大沽船坞遗址,https://baike.baidu.com/view/6772995.htm,exact,,,,
7-1623-5-016,塘沽火车站旧址,塘沽火车站旧址,https://baike.baidu.com/view/8209496.htm,exact,,,,
7-1624-5-017,北洋大学堂旧址,北洋大学堂旧址,https://baike.baidu.com/item/%E5%8C%97%E6%B4%8B%E5%A4%A7%E5%AD%A6%E5%A0%82%E6%97%A7%E5%9D%80,exact,北洋大学,https://zh.wikipedia.org/wiki/%E5%8C%97%E6%B4%8B%E5%A4%A7%E5%AD%A6,redirect,
7-1625-5-018,马可·波罗广场建筑群,马可·波罗广场建筑群,https://baike.baidu.com/item/%E9%A9%AC%E5%8F%AF%C2%B7%E6%B3%A2%E7%BD%97%E5%B9%BF%E5%9C%BA%E5%BB%BA%E7%AD%91%E7%BE%A4,exact,,,,
7-1626-5-019,天津西站主楼,天津西站主楼,https://baike.baidu.com/item/%E5%A4%A9%E6%B4%A5%E8%A5%BF%E7%AB%99%E4%B8%BB%E6%A5%BC,exact,,,,
7-1627-5-020,天津五大道近代建筑群,天津五大道近代建筑群,https://baike.baidu.com/item/%E5%A4%A9%E6%B4%A5%E4%BA%94%E5%A4%A7%E9%81%93%E8%BF%91%E4%BB%A3%E5%BB%BA%E7%AD%91%E7%BE%A4,exact,五大道,https://zh.wikipedia.org/wiki/%E4%BA%94%E5%A4%A7%E9%81%93,redirect,
7-1628-5-021,谦祥益绸缎庄旧址,谦祥益绸缎庄旧址,https://baike.baidu.com/item/%E8%B0%A6%E7%A5%A5%E7%9B%8A%E7%BB%B8%E7%BC%8E%E5%BA%84%E6%97%A7%E5%9D%80,exact,,,,
7-1629-5-022,黄海化学工业研究社旧址,黄海化学工业研究社旧址,https://baike.baidu.com/view/14042809.htm,exact,,,,
7-1630-5-023,天津工商学院主楼旧址,天津工商学院主楼旧址,https://baike.baidu.com/item/%E5%A4%A9%E6%B4%A5%E5%B7%A5%E5%95%86%E5%AD%A6%E9%99%A2%E4%B8%BB%E6%A5%BC%E6%97%A7%E5%9D%80,exact,,,,
7-1631-5-024,马厂炮台,马厂炮台,https://baike.baidu.com/view/7771134.htm,exact,,,,
7-1632-5-025,开滦唐山矿早期工业遗存,开滦唐山矿早期工业遗存,https://baike.baidu.com/item/%E5%BC%80%E6%BB%A6%E5%94%90%E5%B1%B1%E7%9F%BF%E6%97%A9%E6%9C%9F%E5%B7%A5%E4%B8%9A%E9%81%97%E5%AD%98,exact,开滦唐山矿早期工业遗存,https://zh.wikipedia.org/wiki/%E5%BC%80%E6%BB%A6%E5%94%90%E5%B1%B1%E7%9F%BF%E6%97%A9%E6%9C%9F%E5%B7%A5%E4%B8%9A%E9%81%97%E5%AD%98,exact,
7-1633-5-026,滦河铁桥,滦河铁桥,https://baike.baidu.com/view/7341229.htm,exact,,,,
7-1634-5-027,察哈尔民主政府旧址,察哈尔民主政府旧址,https://baike.baidu.com/item/%E5%AF%9F%E5%93%88%E5%B0%94%E6%B0%91%E4%B8%BB%E6%94%BF%E5%BA%9C%E6%97%A7%E5%9D%80,exact,,,,
7-1635-5-028,直隶审判厅旧址,直隶审判厅旧址,https://baike.baidu.com/item/%E7%9B%B4%E9%9A%B6%E5%AE%A1%E5%88%A4%E5%8E%85%E6%97%A7%E5%9D%80,exact,,,,
7-1636-5-029,秦皇岛港口近代建筑群,秦皇岛港口近代建筑群,https://baike.baidu.com/view/10607275.htm,exact,,,,
7-1637-5-030,光园,光园,https://baike.baidu.com/view/1516823.htm,exact,光园,https://zh.wikipedia.org/wiki/%E5%85%89%E5%9B%AD,exact,
7-1638-5-031,正丰矿工业建筑群,正丰矿工业建筑群,https://baike.baidu.com/view/10606395.htm,exact,,,,
7-1639-5-032,大名天主堂,大名天主堂,https://baike.baidu.com/item/%E5%A4%A7%E5%90%8D%E5%A4%A9%E4%B8%BB%E5%A0%82,exact,大名天主堂,https://zh.wikipedia.org/wiki/%E5%A4%A7%E5%90%8D%E5%A4%A9%E4%B8%BB%E5%A0%82,exact,
7-1640-5-033,耀华玻璃厂旧址,耀华玻璃厂旧址,https://baike.baidu.com/view/10607314.htm,exact,,,,
7-1641-5-034,光明戏院,光明戏院,https://baike.baidu.com/view/9801849.htm,exact,光明戏院,https://zh.wikipedia.org/wiki/%E5%85%89%E6%98%8E%E6%88%8F%E9%99%A2,exact,
7-1642-5-035,晋冀鲁豫边区政府旧址,晋冀鲁豫边区政府旧址,https://baike.baidu.com/item/%E6%99%8B%E5%86%80%E9%B2%81%E8%B1%AB%E8%BE%B9%E5%8C%BA%E6%94%BF%E5%BA%9C%E6%97%A7%E5%9D%80,exact,晋冀鲁豫边区政府旧址,https://zh.wikipedia.org/wiki/%E6%99%8B%E5%86%80%E9%B2%81%E8%B1%AB%E8%BE%B9%E5%8C%BA%E6%94%BF%E5%BA%9C%E6%97%A7%E5%9D%80,exact,
7-1643-5-036,晋察冀军区司令部旧址,,,,晋察冀军区司令部旧址,https://zh.wikipedia.org/wiki/%E6%99%8B%E5%AF%9F%E5%86%80%E5%86%9B%E5%8C%BA%E5%8F%B8%E4%BB%A4%E9%83%A8%E6%97%A7%E5%9D%80,exact,晋察冀边区革命纪念馆 | https://baike.baidu.com/view/1881706.htm | different-title
7-1644-5-037,中国人民银行总行旧址,中国人民银行总行旧址,https://baike.baidu.com/view/10606442.htm,exact,中国人民银行总行旧址,https://zh.wikipedia.org/wiki/%E4%B8%AD%E5%9B%BD%E4%BA%BA%E6%B0%91%E9%93%B6%E8%A1%8C%E6%80%BB%E8%A1%8C%E6%97%A7%E5%9D%80,exact,
7-1645-5-038,山西铭贤学校旧址,山西铭贤学校旧址,https://baike.baidu.com/view/1995942.htm,exact,山西铭贤学校旧址,https://zh.wikipedia.org/wiki/%E5%B1%B1%E8%A5%BF%E9%93%AD%E8%B4%A4%E5%AD%A6%E6%A0%A1%E6%97%A7%E5%9D%80,exact,
7-1646-5-039,山西大学堂旧址,山西大学堂旧址,https://baike.baidu.com/view/1947074.htm,exact,山西大学堂旧址,https://zh.wikipedia.org/wiki/%E5%B1%B1%E8%A5%BF%E5%A4%A7%E5%AD%A6%E5%A0%82%E6%97%A7%E5%9D%80,exact,
7-1647-5-040,太原天主堂,太原天主堂,https://baike.baidu.com/view/6329779.htm,exact,,,,
7-1648-5-041,阎家大院,阎家大院,https://baike.baidu.com/view/1691705.htm,exact,,,,
7-1649-5-042,中共太原支部旧址,中共太原支部旧址,https://baike.baidu.com/view/8945803.htm,exact,中共太原支部旧址,https://zh.wikipedia.org/wiki/%E4%B8%AD%E5%85%B1%E5%A4%AA%E5%8E%9F%E6%94%AF%E9%83%A8%E6%97%A7%E5%9D%80,exact,
7-1650-5-043,孔家大院,孔家大院,https://baike.baidu.com/item/%E5%AD%94%E5%AE%B6%E5%A4%A7%E9%99%A2/24220807,exact,孔家大院,https://zh.wikipedia.org/wiki/%E5%AD%94%E5%AE%B6%E5%A4%A7%E9%99%A2,exact,
7-1651-5-044,南茹八路军总部旧址,南茹八路军总部旧址,https://baike.baidu.com/view/491455.htm,exact,南茹八路军总部旧址,https://zh.wikipedia.org/wiki/%E5%8D%97%E8%8C%B9%E5%85%AB%E8%B7%AF%E5%86%9B%E6%80%BB%E9%83%A8%E6%97%A7%E5%9D%80,exact,
7-1652-5-045,太岳军区司令部旧址,太岳军区司令部旧址,https://baike.baidu.com/view/2005149.htm,exact,太岳军区司令部旧址,https://zh.wikipedia.org/wiki/%E5%A4%AA%E5%B2%B3%E5%86%9B%E5%8C%BA%E5%8F%B8%E4%BB%A4%E9%83%A8%E6%97%A7%E5%9D%80,exact,
7-1653-5-046,大寨人民公社旧址,大寨人民公社旧址,https://baike.baidu.com/item/%E5%A4%A7%E5%AF%A8%E4%BA%BA%E6%B0%91%E5%85%AC%E7%A4%BE%E6%97%A7%E5%9D%80,exact,,,,
7-1654-5-047,呼和浩特天主教堂,呼和浩特天主教堂,https://baike.baidu.com/item/%E5%91%BC%E5%92%8C%E6%B5%A9%E7%89%B9%E5%A4%A9%E4%B8%BB%E6%95%99%E5%A0%82,exact,呼和浩特天主教堂,https://zh.wikipedia.org/wiki/%E5%91%BC%E5%92%8C%E6%B5%A9%E7%89%B9%E5%A4%A9%E4%B8%BB%E6%95%99%E5%A0%82,exact,
7-1655-5-048,侵华日军阿尔山要塞遗址,侵华日军阿尔山要塞遗址,https://baike.baidu.com/item/%E4%BE%B5%E5%8D%8E%E6%97%A5%E5%86%9B%E9%98%BF%E5%B0%94%E5%B1%B1%E8%A6%81%E5%A1%9E%E9%81%97%E5%9D%80,exact,,,,
7-1656-5-049,巴彦汗日本毒气实验场遗址,巴彦汗日本毒气实验场遗址,https://baike.baidu.com/item/%E5%B7%B4%E5%BD%A6%E6%B1%97%E6%97%A5%E6%9C%AC%E6%AF%92%E6%B0%94%E5%AE%9E%E9%AA%8C%E5%9C%BA%E9%81%97%E5%9D%80,exact,巴彦汗日本毒气实验场遗址,https://zh.wikipedia.org/wiki/%E5%B7%B4%E5%BD%A6%E6%B1%97%E6%97%A5%E6%9C%AC%E6%AF%92%E6%B0%94%E5%AE%9E%E9%AA%8C%E5%9C%BA%E9%81%97%E5%9D%80,exact,
7-1657-5-050,中国共产党内蒙古工作委员会办公旧址,中国共产党内蒙古工作委员会办公旧址,https://baike.baidu.com/item/%E4%B8%AD%E5%9B%BD%E5%85%B1%E4%BA%A7%E5%85%9A%E5%86%85%E8%92%99%E5%8F%A4%E5%B7%A5%E4%BD%9C%E5%A7%94%E5%91%98%E4%BC%9A%E5%8A%9E%E5%85%AC%E6%97%A7%E5%9D%80,exact,,,,
7-1658-5-051,本溪湖工业遗产群,本溪湖工业遗产群,https://baike.baidu.com/item/%E6%9C%AC%E6%BA%AA%E6%B9%96%E5%B7%A5%E4%B8%9A%E9%81%97%E4%BA%A7%E7%BE%A4,exact,,,,
7-1659-5-052,南子弹库旧址,南子弹库旧址,https://baike.baidu.com/item/%E5%8D%97%E5%AD%90%E5%BC%B9%E5%BA%93%E6%97%A7%E5%9D%80,exact,,,,
7-1660-5-053,旅顺船坞旧址,旅顺船坞旧址,https://baike.baidu.com/view/10631856.htm,exact,旅顺船坞旧址,https://zh.wikipedia.org/wiki/%E6%97%85%E9%A1%BA%E8%88%B9%E5%9D%9E%E6%97%A7%E5%9D%80,exact,
7-1661-5-054,老铁山灯塔,老铁山灯塔,https://baike.baidu.com/view/1554201.htm,exact,,,,
7-1662-5-055,甲午战争田庄台遗址,甲午战争田庄台遗址,https://baike.baidu.com/item/%E7%94%B2%E5%8D%88%E6%88%98%E4%BA%89%E7%94%B0%E5%BA%84%E5%8F%B0%E9%81%97%E5%9D%80,exact,,,,
7-1663-5-056,关东州总督府旧址,关东州总督府旧址,https://baike.baidu.com/item/%E5%85%B3%E4%B8%9C%E5%B7%9E%E6%80%BB%E7%9D%A3%E5%BA%9C%E6%97%A7%E5%9D%80,exact,关东州总督府旧址,https://zh.wikipedia.org/wiki/%E5%85%B3%E4%B8%9C%E5%B7%9E%E6%80%BB%E7%9D%A3%E5%BA%9C%E6%97%A7%E5%9D%80,exact,
7-1664-5-057,旅顺红十字医院旧址,旅顺红十字医院旧址,https://baike.baidu.com/item/%E6%97%85%E9%A1%BA%E7%BA%A2%E5%8D%81%E5%AD%97%E5%8C%BB%E9%99%A2%E6%97%A7%E5%9D%80,exact,旅顺红十字医院旧址,https://zh.wikipedia.org/wiki/%E6%97%85%E9%A1%BA%E7%BA%A2%E5%8D%81%E5%AD%97%E5%8C%BB%E9%99%A2%E6%97%A7%E5%9D%80,exact,
7-1665-5-058,营口俄国领事馆旧址,营口俄国领事馆旧址,https://baike.baidu.com/view/6592156.htm,exact,,,,
7-1666-5-059,关东州厅旧址,关东州厅旧址,https://baike.baidu.com/item/%E5%85%B3%E4%B8%9C%E5%B7%9E%E5%8E%85%E6%97%A7%E5%9D%80,exact,关东州厅旧址,https://zh.wikipedia.org/wiki/%E5%85%B3%E4%B8%9C%E5%B7%9E%E5%8E%85%E6%97%A7%E5%9D%80,exact,
7-1667-5-060,元帅林,元帅林,https://baike.baidu.com/view/479656.htm,exact,元帅林,https://zh.wikipedia.org/wiki/%E5%85%83%E5%B8%85%E6%9E%97,exact,
7-1668-5-061,沈阳天主堂,沈阳天主堂,https://baike.baidu.com/item/%E6%B2%88%E9%98%B3%E5%A4%A9%E4%B8%BB%E5%A0%82,exact,,,,
7-1669-5-062,沈阳中山广场建筑群,沈阳中山广场建筑群,https://baike.baidu.com/view/10679734.htm,exact,沈阳中山广场建筑群,https://zh.wikipedia.org/wiki/%E6%B2%88%E9%98%B3%E4%B8%AD%E5%B1%B1%E5%B9%BF%E5%9C%BA%E5%BB%BA%E7%AD%91%E7%BE%A4,exact,
7-1670-5-063,侵华日军关东军司令部旧址,侵华日军关东军司令部旧址,https://baike.baidu.com/item/%E4%BE%B5%E5%8D%8E%E6%97%A5%E5%86%9B%E5%85%B3%E4%B8%9C%E5%86%9B%E5%8F%B8%E4%BB%A4%E9%83%A8%E6%97%A7%E5%9D%80/18112452,exact,侵华日军关东军司令部旧址,https://zh.wikipedia.org/wiki/%E4%BE%B5%E5%8D%8E%E6%97%A5%E5%86%9B%E5%85%B3%E4%B8%9C%E5%86%9B%E5%8F%B8%E4%BB%A4%E9%83%A8%E6%97%A7%E5%9D%80,exact,
7-1671-5-064,辽宁总站旧址,辽宁总站旧址,https://baike.baidu.com/view/2206320.htm,exact,辽宁总站旧址,https://zh.wikipedia.org/wiki/%E8%BE%BD%E5%AE%81%E6%80%BB%E7%AB%99%E6%97%A7%E5%9D%80,exact,
7-1672-5-065,奉海铁路局旧址,奉海铁路局旧址,https://baike.baidu.com/item/%E5%A5%89%E6%B5%B7%E9%93%81%E8%B7%AF%E5%B1%80%E6%97%A7%E5%9D%80,exact,,,,
7-1673-5-066,沈阳二战盟军战俘营旧址,沈阳二战盟军战俘营旧址,https://baike.baidu.com/view/10611255.htm,exact,沈阳二战盟军战俘营旧址,https://zh.wikipedia.org/wiki/%E6%B2%88%E9%98%B3%E4%BA%8C%E6%88%98%E7%9B%9F%E5%86%9B%E6%88%98%E4%BF%98%E8%90%A5%E6%97%A7%E5%9D%80,exact,
7-1674-5-067,抗美援朝下河口公路断桥遗址,抗美援朝下河口公路断桥遗址,https://baike.baidu.com/item/%E6%8A%97%E7%BE%8E%E6%8F%B4%E6%9C%9D%E4%B8%8B%E6%B2%B3%E5%8F%A3%E5%85%AC%E8%B7%AF%E6%96%AD%E6%A1%A5%E9%81%97%E5%9D%80,exact,抗美援朝下河口公路断桥遗址,https://zh.wikipedia.org/wiki/%E6%8A%97%E7%BE%8E%E6%8F%B4%E6%9C%9D%E4%B8%8B%E6%B2%B3%E5%8F%A3%E5%85%AC%E8%B7%AF%E6%96%AD%E6%A1%A5%E9%81%97%E5%9D%80,exact,
7-1675-5-068,雷锋墓和雷锋纪念碑,雷锋墓和雷锋纪念碑,https://baike.baidu.com/item/%E9%9B%B7%E9%94%8B%E5%A2%93%E5%92%8C%E9%9B%B7%E9%94%8B%E7%BA%AA%E5%BF%B5%E7%A2%91,exact,,,,
7-1676-5-069,宝泉涌酒坊,宝泉涌酒坊,https://baike.baidu.com/item/%E5%AE%9D%E6%B3%89%E6%B6%8C%E9%85%92%E5%9D%8A,exact,,,,
7-1677-5-070,吉长道尹公署旧址,,,,长春市方志馆,https://zh.wikipedia.org/wiki/%E9%95%BF%E6%98%A5%E5%B8%82%E6%96%B9%E5%BF%97%E9%A6%86,manual,长春市方志馆 | https://baike.baidu.com/item/%E9%95%BF%E6%98%A5%E5%B8%82%E6%96%B9%E5%BF%97%E9%A6%86 | different-title
7-1678-5-071,吉林天主教堂,吉林天主教堂,https://baike.baidu.com/view/975349.htm,exact,,,,
7-1679-5-072,吉海铁路总站旧址,吉海铁路总站旧址,https://baike.baidu.com/item/%E5%90%89%E6%B5%B7%E9%93%81%E8%B7%AF%E6%80%BB%E7%AB%99%E6%97%A7%E5%9D%80,exact,,,,
7-1680-5-073,吉林大学教学楼旧址,吉林大学教学楼旧址,https://baike.baidu.com/item/%E5%90%89%E6%9E%97%E5%A4%A7%E5%AD%A6%E6%95%99%E5%AD%A6%E6%A5%BC%E6%97%A7%E5%9D%80,exact,,,,
7-1681-5-074,辽源矿工墓,辽源矿工墓,https://baike.baidu.com/view/403968.htm,exact,辽源矿工墓,https://zh.wikipedia.org/wiki/%E8%BE%BD%E6%BA%90%E7%9F%BF%E5%B7%A5%E5%A2%93,exact,
7-1682-5-075,伪满皇宫及日伪军政机构旧址,伪满皇宫及日伪军政机构旧址,https://baike.baidu.com/item/%E4%BC%AA%E6%BB%A1%E7%9A%87%E5%AE%AB%E5%8F%8A%E6%97%A5%E4%BC%AA%E5%86%9B%E6%94%BF%E6%9C%BA%E6%9E%84%E6%97%A7%E5%9D%80,exact,伪满皇宫及日伪军政机构旧址,https://zh.wikipedia.org/wiki/%E4%BC%AA%E6%BB%A1%E7%9A%87%E5%AE%AB%E5%8F%8A%E6%97%A5%E4%BC%AA%E5%86%9B%E6%94%BF%E6%9C%BA%E6%9E%84%E6%97%A7%E5%9D%80,exact,
7-1683-5-076,通化葡萄酒厂地下贮酒窖,通化葡萄酒厂地下贮酒窖,https://baike.baidu.com/item/%E9%80%9A%E5%8C%96%E8%91%A1%E8%90%84%E9%85%92%E5%8E%82%E5%9C%B0%E4%B8%8B%E8%B4%AE%E9%85%92%E7%AA%96,exact,通化葡萄酒厂地下贮酒窖,https://zh.wikipedia.org/wiki/%E9%80%9A%E5%8C%96%E8%91%A1%E8%90%84%E9%85%92%E5%8E%82%E5%9C%B0%E4%B8%8B%E8%B4%AE%E9%85%92%E7%AA%96,exact,
7-1684-5-077,伪满洲国中央银行旧址,伪满洲国中央银行旧址,https://baike.baidu.com/item/%E4%BC%AA%E6%BB%A1%E6%B4%B2%E5%9B%BD%E4%B8%AD%E5%A4%AE%E9%93%B6%E8%A1%8C%E6%97%A7%E5%9D%80,exact,伪满洲国中央银行旧址,https://zh.wikipedia.org/wiki/%E4%BC%AA%E6%BB%A1%E6%B4%B2%E5%9B%BD%E4%B8%AD%E5%A4%AE%E9%93%B6%E8%A1%8C%E6%97%A7%E5%9D%80,exact,
7-1685-5-078,长春电影制片厂早期建筑,长春电影制片厂早期建筑,https://baike.baidu.com/item/%E9%95%BF%E6%98%A5%E7%94%B5%E5%BD%B1%E5%88%B6%E7%89%87%E5%8E%82%E6%97%A9%E6%9C%9F%E5%BB%BA%E7%AD%91,exact,,,,
7-1686-5-079,长春第一汽车制造厂早期建筑,长春第一汽车制造厂早期建筑,https://baike.baidu.com/item/%E9%95%BF%E6%98%A5%E7%AC%AC%E4%B8%80%E6%B1%BD%E8%BD%A6%E5%88%B6%E9%80%A0%E5%8E%82%E6%97%A9%E6%9C%9F%E5%BB%BA%E7%AD%91,exact,,,,
7-1687-5-080,马迭尔宾馆,马迭尔宾馆,https://baike.baidu.com/view/703004.htm,exact,,,,
7-1688-5-081,哈尔滨犹太人活动旧址群,哈尔滨犹太人活动旧址群,https://baike.baidu.com/item/%E5%93%88%E5%B0%94%E6%BB%A8%E7%8A%B9%E5%A4%AA%E4%BA%BA%E6%B4%BB%E5%8A%A8%E6%97%A7%E5%9D%80%E7%BE%A4,exact,哈尔滨犹太人活动旧址群,https://zh.wikipedia.org/wiki/%E5%93%88%E5%B0%94%E6%BB%A8%E7%8A%B9%E5%A4%AA%E4%BA%BA%E6%B4%BB%E5%8A%A8%E6%97%A7%E5%9D%80%E7%BE%A4,exact,
7-1689-5-082,黑龙江督军署旧址,黑龙江督军署旧址,https://baike.baidu.com/view/4356720.htm,exact,,,,
7-1690-5-083,黑龙江省图书馆旧址,黑龙江省图书馆旧址,https://baike.baidu.com/item/%E9%BB%91%E9%BE%99%E6%B1%9F%E7%9C%81%E5%9B%BE%E4%B9%A6%E9%A6%86%E6%97%A7%E5%9D%80,exact,,,,
7-1691-5-084,伪满洲国哈尔滨警察厅旧址,伪满洲国哈尔滨警察厅旧址,https://baike.baidu.com/item/%E4%BC%AA%E6%BB%A1%E6%B4%B2%E5%9B%BD%E5%93%88%E5%B0%94%E6%BB%A8%E8%AD%A6%E5%AF%9F%E5%8E%85%E6%97%A7%E5%9D%80,exact,伪满洲国哈尔滨警察厅旧址,https://zh.wikipedia.org/wiki/%E4%BC%AA%E6%BB%A1%E6%B4%B2%E5%9B%BD%E5%93%88%E5%B0%94%E6%BB%A8%E8%AD%A6%E5%AF%9F%E5%8E%85%E6%97%A7%E5%9D%80,exact,
7-1692-5-085,东北民主联军前线指挥部旧址,东北民主联军前线指挥部旧址,https://baike.baidu.com/view/3123436.htm,exact,东北民主联军前线指挥部旧址,https://zh.wikipedia.org/wiki/%E4%B8%9C%E5%8C%97%E6%B0%91%E4%B8%BB%E8%81%94%E5%86%9B%E5%89%8D%E7%BA%BF%E6%8C%87%E6%8C%A5%E9%83%A8%E6%97%A7%E5%9D%80,exact,
7-1693-5-086,铁人一口井井址,铁人一口井井址,https://baike.baidu.com/item/%E9%93%81%E4%BA%BA%E4%B8%80%E5%8F%A3%E4%BA%95%E4%BA%95%E5%9D%80,exact,,,,
7-1694-5-087,杨树浦水厂,杨树浦水厂,https://baike.baidu.com/view/538777.htm,exact,杨树浦水厂,https://zh.wikipedia.org/wiki/%E6%9D%A8%E6%A0%91%E6%B5%A6%E6%B0%B4%E5%8E%82,exact,
7-1695-5-088,佘山天文台,佘山天文台,https://baike.baidu.com/view/866109.htm,exact,佘山天文台,https://zh.wikipedia.org/wiki/%E4%BD%98%E5%B1%B1%E5%A4%A9%E6%96%87%E5%8F%B0,exact,
7-1696-5-089,提篮桥监狱早期建筑,提篮桥监狱早期建筑,https://baike.baidu.com/item/%E6%8F%90%E7%AF%AE%E6%A1%A5%E7%9B%91%E7%8B%B1%E6%97%A9%E6%9C%9F%E5%BB%BA%E7%AD%91,exact,,,,
7-1697-5-090,徐家汇天主堂,徐家汇天主堂,https://baike.baidu.com/view/363523.htm,exact,,,,
7-1698-5-091,中国共产党第二次全国代表大会会址,,,,中国共产党第二次全国代表大会会址,https://zh.wikipedia.org/wiki/%E4%B8%AD%E5%9B%BD%E5%85%B1%E4%BA%A7%E5%85%9A%E7%AC%AC%E4%BA%8C%E6%AC%A1%E5%85%A8%E5%9B%BD%E4%BB%A3%E8%A1%A8%E5%A4%A7%E4%BC%9A%E4%BC%9A%E5%9D%80,exact,中共二大会址纪念馆 | https://baike.baidu.com/view/253212.htm | different-title
7-1699-5-092,黄山炮台旧址,黄山炮台旧址,https://baike.baidu.com/item/%E9%BB%84%E5%B1%B1%E7%82%AE%E5%8F%B0%E6%97%A7%E5%9D%80,exact,,,,
7-1700-5-093,小娄巷建筑群,小娄巷建筑群,https://baike.baidu.com/item/%E5%B0%8F%E5%A8%84%E5%B7%B7%E5%BB%BA%E7%AD%91%E7%BE%A4,exact,,,,
7-1701-5-094,金陵刻经处,金陵刻经处,https://baike.baidu.com/view/70907.htm,exact,金陵刻经处,https://zh.wikipedia.org/wiki/%E9%87%91%E9%99%B5%E5%88%BB%E7%BB%8F%E5%A4%84,exact,
7-1702-5-095,刘氏兄弟故居,刘氏兄弟故居,https://baike.baidu.com/item/%E5%88%98%E6%B0%8F%E5%85%84%E5%BC%9F%E6%95%85%E5%B1%85,exact,刘氏兄弟故居,https://zh.wikipedia.org/wiki/%E5%88%98%E6%B0%8F%E5%85%84%E5%BC%9F%E6%95%85%E5%B1%85,exact,
7-1703-5-096,东吴大学旧址,东吴大学旧址,https://baike.baidu.com/view/649306.htm,exact,东吴大学旧址,https://zh.wikipedia.org/wiki/%E4%B8%9C%E5%90%B4%E5%A4%A7%E5%AD%A6%E6%97%A7%E5%9D%80,exact,
7-1704-5-097,金陵兵工厂旧址,金陵兵工厂旧址,https://baike.baidu.com/item/%E9%87%91%E9%99%B5%E5%85%B5%E5%B7%A5%E5%8E%82%E6%97%A7%E5%9D%80,exact,金陵兵工厂旧址,https://zh.wikipedia.org/wiki/%E9%87%91%E9%99%B5%E5%85%B5%E5%B7%A5%E5%8E%82%E6%97%A7%E5%9D%80,exact,
7-1705-5-098,浦口火车站旧址,浦口火车站旧址,https://baike.baidu.com/item/%E6%B5%A6%E5%8F%A3%E7%81%AB%E8%BD%A6%E7%AB%99%E6%97%A7%E5%9D%80,exact,,,,
7-1706-5-099,韩公馆,韩公馆,https://baike.baidu.com/item/%E9%9F%A9%E5%85%AC%E9%A6%86,exact,,,,
7-1707-5-100,孙中山临时大总统府及南京国民政府建筑遗存,孙中山临时大总统府及南京国民政府建筑遗存,https://baike.baidu.com/item/%E5%AD%99%E4%B8%AD%E5%B1%B1%E4%B8%B4%E6%97%B6%E5%A4%A7%E6%80%BB%E7%BB%9F%E5%BA%9C%E5%8F%8A%E5%8D%97%E4%BA%AC%E5%9B%BD%E6%B0%91%E6%94%BF%E5%BA%9C%E5%BB%BA%E7%AD%91%E9%81%97%E5%AD%98,exact,,,,
7-1708-5-101,无锡县商会旧址,无锡县商会旧址,https://baike.baidu.com/item/%E6%97%A0%E9%94%A1%E5%8E%BF%E5%95%86%E4%BC%9A%E6%97%A7%E5%9D%80,exact,,,,
7-1709-5-102,秦邦宪旧居,秦邦宪旧居,https://baike.baidu.com/item/%E7%A7%A6%E9%82%A6%E5%AE%AA%E6%97%A7%E5%B1%85,exact,秦邦宪旧居,https://zh.wikipedia.org/wiki/%E7%A7%A6%E9%82%A6%E5%AE%AA%E6%97%A7%E5%B1%85,exact,
7-1710-5-103,通崇海泰总商会大楼,通崇海泰总商会大楼,https://baike.baidu.com/view/4314098.htm,exact,,,,
7-1711-5-104,北极阁气象台旧址,北极阁气象台旧址,https://baike.baidu.com/view/7165247.htm,exact,,,,
7-1712-5-105,中央陆军军官学校旧址,中央陆军军官学校旧址,https://baike.baidu.com/view/7171530.htm,exact,中央陆军军官学校旧址,https://zh.wikipedia.org/wiki/%E4%B8%AD%E5%A4%AE%E9%99%86%E5%86%9B%E5%86%9B%E5%AE%98%E5%AD%A6%E6%A0%A1%E6%97%A7%E5%9D%80,exact,
7-1713-5-106,励志社旧址,励志社旧址,https://baike.baidu.com/item/%E5%8A%B1%E5%BF%97%E7%A4%BE%E6%97%A7%E5%9D%80,exact,励志社旧址,https://zh.wikipedia.org/wiki/%E5%8A%B1%E5%BF%97%E7%A4%BE%E6%97%A7%E5%9D%80,exact,
7-1714-5-107,国民政府中央广播电台旧址,国民政府中央广播电台旧址,https://baike.baidu.com/item/%E5%9B%BD%E6%B0%91%E6%94%BF%E5%BA%9C%E4%B8%AD%E5%A4%AE%E5%B9%BF%E6%92%AD%E7%94%B5%E5%8F%B0%E6%97%A7%E5%9D%80,exact,国民政府中央广播电台旧址,https://zh.wikipedia.org/wiki/%E5%9B%BD%E6%B0%91%E6%94%BF%E5%BA%9C%E4%B8%AD%E5%A4%AE%E5%B9%BF%E6%92%AD%E7%94%B5%E5%8F%B0%E6%97%A7%E5%9D%80,exact,
7-1715-5-108,国立中央研究院旧址,国立中央研究院旧址,https://baike.baidu.com/item/%E5%9B%BD%E7%AB%8B%E4%B8%AD%E5%A4%AE%E7%A0%94%E7%A9%B6%E9%99%A2%E6%97%A7%E5%9D%80,exact,国立中央研究院旧址,https://zh.wikipedia.org/wiki/%E5%9B%BD%E7%AB%8B%E4%B8%AD%E5%A4%AE%E7%A0%94%E7%A9%B6%E9%99%A2%E6%97%A7%E5%9D%80,exact,
7-1716-5-109,拉贝旧居,拉贝旧居,https://baike.baidu.com/view/10555152.htm,exact,,,,
7-1717-5-110,天香小筑,天香小筑,https://baike.baidu.com/subview/19317/19317.htm,exact,天香小筑,https://zh.wikipedia.org/wiki/%E5%A4%A9%E9%A6%99%E5%B0%8F%E7%AD%91,exact,
7-1718-5-111,新四军江南指挥部旧址,新四军江南指挥部旧址,https://baike.baidu.com/view/6226864.htm,exact,新四军江南指挥部旧址,https://zh.wikipedia.org/wiki/%E6%96%B0%E5%9B%9B%E5%86%9B%E6%B1%9F%E5%8D%97%E6%8C%87%E6%8C%A5%E9%83%A8%E6%97%A7%E5%9D%80,exact,
7-1719-5-112,黄桥战斗旧址,黄桥战斗旧址,https://baike.baidu.com/item/%E9%BB%84%E6%A1%A5%E6%88%98%E6%96%97%E6%97%A7%E5%9D%80,exact,,,,
7-1720-5-113,美国驻华使馆旧址,美国驻华使馆旧址,https://baike.baidu.com/item/%E7%BE%8E%E5%9B%BD%E9%A9%BB%E5%8D%8E%E4%BD%BF%E9%A6%86%E6%97%A7%E5%9D%80,exact,,,,
7-1721-5-114,英国驻华使馆旧址,英国驻华使馆旧址,https://baike.baidu.com/item/%E8%8B%B1%E5%9B%BD%E9%A9%BB%E5%8D%8E%E4%BD%BF%E9%A6%86%E6%97%A7%E5%9D%80,exact,英国驻华使馆旧址,https://zh.wikipedia.org/wiki/%E8%8B%B1%E5%9B%BD%E9%A9%BB%E5%8D%8E%E4%BD%BF%E9%A6%86%E6%97%A7%E5%9D%80,exact,
7-1722-5-115,茂新面粉厂旧址,茂新面粉厂旧址,https://baike.baidu.com/item/%E8%8C%82%E6%96%B0%E9%9D%A2%E7%B2%89%E5%8E%82%E6%97%A7%E5%9D%80,exact,,,,
7-1723-5-116,国民党江阴要塞司令部旧址,国民党江阴要塞司令部旧址,https://baike.baidu.com/item/%E5%9B%BD%E6%B0%91%E5%85%9A%E6%B1%9F%E9%98%B4%E8%A6%81%E5%A1%9E%E5%8F%B8%E4%BB%A4%E9%83%A8%E6%97%A7%E5%9D%80,exact,,,,
7-1724-5-117,乍浦炮台,乍浦炮台,https://baike.baidu.com/view/2713326.htm,exact,乍浦炮台,https://zh.wikipedia.org/wiki/%E4%B9%8D%E6%B5%A6%E7%82%AE%E5%8F%B0,exact,
7-1725-5-118,春晖中学旧址,春晖中学旧址,https://baike.baidu.com/item/%E6%98%A5%E6%99%96%E4%B8%AD%E5%AD%A6%E6%97%A7%E5%9D%80,exact,,,,
7-1726-5-119,仓前粮仓,仓前粮仓,https://baike.baidu.com/view/10570398.htm,exact,仓前粮仓,https://zh.wikipedia.org/wiki/%E4%BB%93%E5%89%8D%E7%B2%AE%E4%BB%93,exact,
7-1727-5-120,尊德堂,尊德堂,https://baike.baidu.com/item/%E5%B0%8A%E5%BE%B7%E5%A0%82/64031911,exact,,,,
7-1728-5-121,嘉兴文生修道院与天主堂,嘉兴文生修道院与天主堂,https://baike.baidu.com/item/%E5%98%89%E5%85%B4%E6%96%87%E7%94%9F%E4%BF%AE%E9%81%93%E9%99%A2%E4%B8%8E%E5%A4%A9%E4%B8%BB%E5%A0%82,exact,,,,
7-1729-5-122,锦堂学校旧址,锦堂学校旧址,https://baike.baidu.com/view/10661907.htm,exact,,,,
7-1730-5-123,浙江兴业银行旧址,浙江兴业银行旧址,https://baike.baidu.com/view/2719513.htm,exact,,,,
7-1731-5-124,坎门验潮所,坎门验潮所,https://baike.baidu.com/view/6677875.htm,exact,坎门验潮所,https://zh.wikipedia.org/wiki/%E5%9D%8E%E9%97%A8%E9%AA%8C%E6%BD%AE%E6%89%80,exact,
7-1732-5-125,红十三军军部旧址,红十三军军部旧址,https://baike.baidu.com/view/3674178.htm,exact,红十三军军部旧址,https://zh.wikipedia.org/wiki/%E7%BA%A2%E5%8D%81%E4%B8%89%E5%86%9B%E5%86%9B%E9%83%A8%E6%97%A7%E5%9D%80,exact,
7-1733-5-126,曹娥庙,曹娥庙,https://baike.baidu.com/subview/100369/20043038.htm,exact,曹娥庙,https://zh.wikipedia.org/wiki/%E6%9B%B9%E5%A8%A5%E5%BA%99,exact,
7-1734-5-127,浙江大学龙泉分校旧址,浙江大学龙泉分校旧址,https://baike.baidu.com/view/2713508.htm,exact,浙江大学龙泉分校旧址,https://zh.wikipedia.org/wiki/%E6%B5%99%E6%B1%9F%E5%A4%A7%E5%AD%A6%E9%BE%99%E6%B3%89%E5%88%86%E6%A0%A1%E6%97%A7%E5%9D%80,exact,
7-1735-5-128,李氏家族旧宅,,,,李鸿章故居,https://zh.wikipedia.org/wiki/%E6%9D%8E%E9%B8%BF%E7%AB%A0%E6%95%85%E5%B1%85,manual,李鸿章故居 | https://baike.baidu.com/view/44709.htm | different-title；李鸿章故居 | https://zh.wikipedia.org/wiki/%E6%9D%8E%E9%B8%BF%E7%AB%A0%E6%95%85%E5%B1%85 | different-title
7-1736-5-129,洪家大屋,洪家大屋,https://baike.baidu.com/view/11672549.htm,exact,洪家大屋,https://zh.wikipedia.org/wiki/%E6%B4%AA%E5%AE%B6%E5%A4%A7%E5%B1%8B,exact,
7-1737-5-130,芜湖天主堂,芜湖天主堂,https://baike.baidu.com/item/%E8%8A%9C%E6%B9%96%E5%A4%A9%E4%B8%BB%E5%A0%82,exact,,,,
7-1738-5-131,英驻芜领事署旧址,英驻芜领事署旧址,https://baike.baidu.com/item/%E8%8B%B1%E9%A9%BB%E8%8A%9C%E9%A2%86%E4%BA%8B%E7%BD%B2%E6%97%A7%E5%9D%80,exact,,,,
7-1739-5-132,安徽大学红楼及敬敷书院旧址,安徽大学红楼及敬敷书院旧址,https://baike.baidu.com/view/11644214.htm,exact,安徽大学红楼及敬敷书院旧址,https://zh.wikipedia.org/wiki/%E5%AE%89%E5%BE%BD%E5%A4%A7%E5%AD%A6%E7%BA%A2%E6%A5%BC%E5%8F%8A%E6%95%AC%E6%95%B7%E4%B9%A6%E9%99%A2%E6%97%A7%E5%9D%80,exact,
7-1740-5-133,安庆天主堂,安庆天主堂,https://baike.baidu.com/view/8810475.htm,exact,,,,
7-1741-5-134,怀远教会建筑旧址,怀远教会建筑旧址,https://baike.baidu.com/view/11639729.htm,exact,,,,
7-1742-5-135,王稼祥故居,王稼祥故居纪念馆,https://baike.baidu.com/view/4214724.htm,related-location,王稼祥故居,https://zh.wikipedia.org/wiki/%E7%8E%8B%E7%A8%BC%E7%A5%A5%E6%95%85%E5%B1%85,exact,
7-1743-5-136,圣雅各中学旧址,圣雅各中学旧址,https://baike.baidu.com/view/11639721.htm,exact,,,,
7-1744-5-137,岩寺新四军军部旧址,岩寺新四军军部旧址,https://baike.baidu.com/view/4159101.htm,exact,岩寺新四军军部旧址,https://zh.wikipedia.org/wiki/%E5%B2%A9%E5%AF%BA%E6%96%B0%E5%9B%9B%E5%86%9B%E5%86%9B%E9%83%A8%E6%97%A7%E5%9D%80,exact,
7-1745-5-138,侵华日军淮南罪证遗址,侵华日军淮南罪证遗址,https://baike.baidu.com/item/%E4%BE%B5%E5%8D%8E%E6%97%A5%E5%86%9B%E6%B7%AE%E5%8D%97%E7%BD%AA%E8%AF%81%E9%81%97%E5%9D%80,exact,侵华日军淮南罪证遗址,https://zh.wikipedia.org/wiki/%E4%BE%B5%E5%8D%8E%E6%97%A5%E5%86%9B%E6%B7%AE%E5%8D%97%E7%BD%AA%E8%AF%81%E9%81%97%E5%9D%80,exact,
7-1746-5-139,陈独秀墓,陈独秀墓,https://baike.baidu.com/view/64704.htm,exact,,,,
7-1747-5-140,安徽省博物馆陈列展览大楼,安徽省博物馆陈列展览大楼,https://baike.baidu.com/view/11504911.htm,exact,,,,
7-1748-5-141,亭江炮台,亭江炮台,https://baike.baidu.com/view/2960815.htm,exact,亭江炮台,https://zh.wikipedia.org/wiki/%E4%BA%AD%E6%B1%9F%E7%82%AE%E5%8F%B0,exact,
7-1749-5-142,林则徐宅与祠,林则徐宅与祠,https://baike.baidu.com/item/%E6%9E%97%E5%88%99%E5%BE%90%E5%AE%85%E4%B8%8E%E7%A5%A0,exact,,,,
7-1750-5-143,福建戍守台湾将士墓群,福建戍守台湾将士墓群,https://baike.baidu.com/item/%E7%A6%8F%E5%BB%BA%E6%88%8D%E5%AE%88%E5%8F%B0%E6%B9%BE%E5%B0%86%E5%A3%AB%E5%A2%93%E7%BE%A4,exact,,,,
7-1751-5-144,临江楼,临江楼,https://baike.baidu.com/view/1569440.htm,exact,临江楼,https://zh.wikipedia.org/wiki/%E4%B8%B4%E6%B1%9F%E6%A5%BC,exact,
7-1752-5-145,闽西工农银行旧址,闽西工农银行旧址,https://baike.baidu.com/item/%E9%97%BD%E8%A5%BF%E5%B7%A5%E5%86%9C%E9%93%B6%E8%A1%8C%E6%97%A7%E5%9D%80,exact,,,,
7-1753-5-146,毛泽东才溪乡调查旧址群,毛泽东才溪乡调查旧址群,https://baike.baidu.com/item/%E6%AF%9B%E6%B3%BD%E4%B8%9C%E6%89%8D%E6%BA%AA%E4%B9%A1%E8%B0%83%E6%9F%A5%E6%97%A7%E5%9D%80%E7%BE%A4,exact,毛泽东才溪乡调查旧址群,https://zh.wikipedia.org/wiki/%E6%AF%9B%E6%B3%BD%E4%B8%9C%E6%89%8D%E6%BA%AA%E4%B9%A1%E8%B0%83%E6%9F%A5%E6%97%A7%E5%9D%80%E7%BE%A4,exact,
7-1754-5-147,红九军团长征出发地,红九军团长征出发地,https://baike.baidu.com/item/%E7%BA%A2%E4%B9%9D%E5%86%9B%E5%9B%A2%E9%95%BF%E5%BE%81%E5%87%BA%E5%8F%91%E5%9C%B0,exact,,,,
7-1755-5-148,永安抗战旧址群,永安抗战旧址群,https://baike.baidu.com/item/%E6%B0%B8%E5%AE%89%E6%8A%97%E6%88%98%E6%97%A7%E5%9D%80%E7%BE%A4,exact,永安抗战旧址群,https://zh.wikipedia.org/wiki/%E6%B0%B8%E5%AE%89%E6%8A%97%E6%88%98%E6%97%A7%E5%9D%80%E7%BE%A4,exact,
7-1756-5-149,五更寮土高炉群,五更寮土高炉群,https://baike.baidu.com/item/%E4%BA%94%E6%9B%B4%E5%AF%AE%E5%9C%9F%E9%AB%98%E7%82%89%E7%BE%A4,exact,五更寮土高炉群,https://zh.wikipedia.org/wiki/%E4%BA%94%E6%9B%B4%E5%AF%AE%E5%9C%9F%E9%AB%98%E7%82%89%E7%BE%A4,exact,
7-1757-5-150,同文书院,同文书院,https://baike.baidu.com/subview/2454540/15933429.htm,exact,同文书院,https://zh.wikipedia.org/wiki/%E5%90%8C%E6%96%87%E4%B9%A6%E9%99%A2,exact,
7-1758-5-151,陈宝箴、陈三立故居,陈宝箴、陈三立故居,https://baike.baidu.com/item/%E9%99%88%E5%AE%9D%E7%AE%B4%E3%80%81%E9%99%88%E4%B8%89%E7%AB%8B%E6%95%85%E5%B1%85,exact,,,,
7-1759-5-152,盛公祠,盛公祠,https://baike.baidu.com/item/%E7%9B%9B%E5%85%AC%E7%A5%A0,exact,,,,
7-1760-5-153,总平巷矿井口,总平巷矿井口,https://baike.baidu.com/item/%E6%80%BB%E5%B9%B3%E5%B7%B7%E7%9F%BF%E4%BA%95%E5%8F%A3,exact,,,,
7-1761-5-154,湘赣边界秋收起义前敌委员会旧址,湘赣边界秋收起义前敌委员会旧址,https://baike.baidu.com/item/%E6%B9%98%E8%B5%A3%E8%BE%B9%E7%95%8C%E7%A7%8B%E6%94%B6%E8%B5%B7%E4%B9%89%E5%89%8D%E6%95%8C%E5%A7%94%E5%91%98%E4%BC%9A%E6%97%A7%E5%9D%80,exact,,,,
7-1762-5-155,东固平民银行旧址,东固平民银行旧址,https://baike.baidu.com/view/592694.htm,exact,东固平民银行旧址,https://zh.wikipedia.org/wiki/%E4%B8%9C%E5%9B%BA%E5%B9%B3%E6%B0%91%E9%93%B6%E8%A1%8C%E6%97%A7%E5%9D%80,exact,
7-1763-5-156,君埠红一方面军总司令部旧址,君埠红一方面军总司令部旧址,https://baike.baidu.com/item/%E5%90%9B%E5%9F%A0%E7%BA%A2%E4%B8%80%E6%96%B9%E9%9D%A2%E5%86%9B%E6%80%BB%E5%8F%B8%E4%BB%A4%E9%83%A8%E6%97%A7%E5%9D%80,exact,君埠红一方面军总司令部旧址,https://zh.wikipedia.org/wiki/%E5%90%9B%E5%9F%A0%E7%BA%A2%E4%B8%80%E6%96%B9%E9%9D%A2%E5%86%9B%E6%80%BB%E5%8F%B8%E4%BB%A4%E9%83%A8%E6%97%A7%E5%9D%80,exact,
7-1764-5-157,富田村诚敬堂,富田村诚敬堂,https://baike.baidu.com/item/%E5%AF%8C%E7%94%B0%E6%9D%91%E8%AF%9A%E6%95%AC%E5%A0%82,exact,富田村诚敬堂,https://zh.wikipedia.org/wiki/%E5%AF%8C%E7%94%B0%E6%9D%91%E8%AF%9A%E6%95%AC%E5%A0%82,exact,
7-1765-5-158,渼陂红四军总部旧址,渼陂红四军总部旧址,https://baike.baidu.com/item/%E6%B8%BC%E9%99%82%E7%BA%A2%E5%9B%9B%E5%86%9B%E6%80%BB%E9%83%A8%E6%97%A7%E5%9D%80,exact,渼陂红四军总部旧址,https://zh.wikipedia.org/wiki/%E6%B8%BC%E9%99%82%E7%BA%A2%E5%9B%9B%E5%86%9B%E6%80%BB%E9%83%A8%E6%97%A7%E5%9D%80,exact,
7-1766-5-159,“二七”陂头会议旧址,“二七”陂头会议旧址,https://baike.baidu.com/item/%E2%80%9C%E4%BA%8C%E4%B8%83%E2%80%9D%E9%99%82%E5%A4%B4%E4%BC%9A%E8%AE%AE%E6%97%A7%E5%9D%80,exact,“二七”陂头会议旧址,https://zh.wikipedia.org/wiki/%E2%80%9C%E4%BA%8C%E4%B8%83%E2%80%9D%E9%99%82%E5%A4%B4%E4%BC%9A%E8%AE%AE%E6%97%A7%E5%9D%80,exact,
7-1767-5-160,寻乌调查旧址,寻乌调查旧址,https://baike.baidu.com/view/11760958.htm,exact,寻乌调查旧址,https://zh.wikipedia.org/wiki/%E5%AF%BB%E4%B9%8C%E8%B0%83%E6%9F%A5%E6%97%A7%E5%9D%80,exact,
7-1768-5-161,中共苏区中央局旧址,中共苏区中央局旧址,https://baike.baidu.com/view/174067.htm,exact,中共苏区中央局旧址,https://zh.wikipedia.org/wiki/%E4%B8%AD%E5%85%B1%E8%8B%8F%E5%8C%BA%E4%B8%AD%E5%A4%AE%E5%B1%80%E6%97%A7%E5%9D%80,exact,
7-1769-5-162,中华苏维埃共和国中央革命军事委员会旧址,中华苏维埃共和国中央革命军事委员会旧址,https://baike.baidu.com/view/10986177.htm,exact,中华苏维埃共和国中央革命军事委员会旧址,https://zh.wikipedia.org/wiki/%E4%B8%AD%E5%8D%8E%E8%8B%8F%E7%BB%B4%E5%9F%83%E5%85%B1%E5%92%8C%E5%9B%BD%E4%B8%AD%E5%A4%AE%E9%9D%A9%E5%91%BD%E5%86%9B%E4%BA%8B%E5%A7%94%E5%91%98%E4%BC%9A%E6%97%A7%E5%9D%80,exact,
7-1770-5-163,瑞金中央工农红军学校旧址,瑞金中央工农红军学校旧址,https://baike.baidu.com/item/%E7%91%9E%E9%87%91%E4%B8%AD%E5%A4%AE%E5%B7%A5%E5%86%9C%E7%BA%A2%E5%86%9B%E5%AD%A6%E6%A0%A1%E6%97%A7%E5%9D%80,exact,,,,
7-1771-5-164,瑶里改编旧址,瑶里改编旧址,https://baike.baidu.com/item/%E7%91%B6%E9%87%8C%E6%94%B9%E7%BC%96%E6%97%A7%E5%9D%80,exact,,,,
7-1772-5-165,上高会战遗址,上高会战遗址,https://baike.baidu.com/item/%E4%B8%8A%E9%AB%98%E4%BC%9A%E6%88%98%E9%81%97%E5%9D%80,exact,上高会战遗址,https://zh.wikipedia.org/wiki/%E4%B8%8A%E9%AB%98%E4%BC%9A%E6%88%98%E9%81%97%E5%9D%80,exact,
7-1773-5-166,邓小平旧居与劳动车间,邓小平旧居与劳动车间,https://baike.baidu.com/item/%E9%82%93%E5%B0%8F%E5%B9%B3%E6%97%A7%E5%B1%85%E4%B8%8E%E5%8A%B3%E5%8A%A8%E8%BD%A6%E9%97%B4,exact,,,,
7-1774-5-167,淄博矿业集团德日建筑群,淄博矿业集团德日建筑群,https://baike.baidu.com/item/%E6%B7%84%E5%8D%9A%E7%9F%BF%E4%B8%9A%E9%9B%86%E5%9B%A2%E5%BE%B7%E6%97%A5%E5%BB%BA%E7%AD%91%E7%BE%A4,exact,淄博矿业集团德日建筑群,https://zh.wikipedia.org/wiki/%E6%B7%84%E5%8D%9A%E7%9F%BF%E4%B8%9A%E9%9B%86%E5%9B%A2%E5%BE%B7%E6%97%A5%E5%BB%BA%E7%AD%91%E7%BE%A4,exact,
7-1775-5-168,烟台西炮台,烟台西炮台,https://baike.baidu.com/view/715138.htm,exact,,,,
7-1776-5-169,猴矶岛灯塔,猴矶岛灯塔,https://baike.baidu.com/view/2593658.htm,exact,,,,
7-1777-5-170,坊子德日建筑群,坊子德日建筑群,https://baike.baidu.com/item/%E5%9D%8A%E5%AD%90%E5%BE%B7%E6%97%A5%E5%BB%BA%E7%AD%91%E7%BE%A4,exact,坊子德日建筑群,https://zh.wikipedia.org/wiki/%E5%9D%8A%E5%AD%90%E5%BE%B7%E6%97%A5%E5%BB%BA%E7%AD%91%E7%BE%A4,exact,
7-1778-5-171,威海英式建筑,威海英式建筑,https://baike.baidu.com/item/%E5%A8%81%E6%B5%B7%E8%8B%B1%E5%BC%8F%E5%BB%BA%E7%AD%91,exact,威海英式建筑,https://zh.wikipedia.org/wiki/%E5%A8%81%E6%B5%B7%E8%8B%B1%E5%BC%8F%E5%BB%BA%E7%AD%91,exact,
7-1779-5-172,兖州天主教堂,兖州天主教堂,https://baike.baidu.com/view/129096.htm,exact,,,,
7-1780-5-173,济南纬二路近现代建筑群,济南纬二路近现代建筑群,https://baike.baidu.com/item/%E6%B5%8E%E5%8D%97%E7%BA%AC%E4%BA%8C%E8%B7%AF%E8%BF%91%E7%8E%B0%E4%BB%A3%E5%BB%BA%E7%AD%91%E7%BE%A4,exact,济南纬二路近现代建筑群,https://zh.wikipedia.org/wiki/%E6%B5%8E%E5%8D%97%E7%BA%AC%E4%BA%8C%E8%B7%AF%E8%BF%91%E7%8E%B0%E4%BB%A3%E5%BB%BA%E7%AD%91%E7%BE%A4,exact,
7-1781-5-174,原胶济铁路济南站近现代建筑群,原胶济铁路济南站近现代建筑群,https://baike.baidu.com/item/%E5%8E%9F%E8%83%B6%E6%B5%8E%E9%93%81%E8%B7%AF%E6%B5%8E%E5%8D%97%E7%AB%99%E8%BF%91%E7%8E%B0%E4%BB%A3%E5%BB%BA%E7%AD%91%E7%BE%A4,exact,,,,
7-1782-5-175,张裕公司酒窖,张裕公司酒窖,https://baike.baidu.com/item/%E5%BC%A0%E8%A3%95%E5%85%AC%E5%8F%B8%E9%85%92%E7%AA%96,exact,,,,
7-1783-5-176,原齐鲁大学近现代建筑群,原齐鲁大学近现代建筑群,https://baike.baidu.com/item/%E5%8E%9F%E9%BD%90%E9%B2%81%E5%A4%A7%E5%AD%A6%E8%BF%91%E7%8E%B0%E4%BB%A3%E5%BB%BA%E7%AD%91%E7%BE%A4,exact,,,,
7-1784-5-177,济南泺口黄河铁路大桥,济南泺口黄河铁路大桥,https://baike.baidu.com/item/%E6%B5%8E%E5%8D%97%E6%B3%BA%E5%8F%A3%E9%BB%84%E6%B2%B3%E9%93%81%E8%B7%AF%E5%A4%A7%E6%A1%A5,exact,济南泺口黄河铁路大桥,https://zh.wikipedia.org/wiki/%E6%B5%8E%E5%8D%97%E6%B3%BA%E5%8F%A3%E9%BB%84%E6%B2%B3%E9%93%81%E8%B7%AF%E5%A4%A7%E6%A1%A5,exact,
7-1785-5-178,徂徕山抗日武装起义旧址,徂徕山抗日武装起义旧址,https://baike.baidu.com/item/%E5%BE%82%E5%BE%95%E5%B1%B1%E6%8A%97%E6%97%A5%E6%AD%A6%E8%A3%85%E8%B5%B7%E4%B9%89%E6%97%A7%E5%9D%80,exact,徂徕山抗日武装起义旧址,https://zh.wikipedia.org/wiki/%E5%BE%82%E5%BE%95%E5%B1%B1%E6%8A%97%E6%97%A5%E6%AD%A6%E8%A3%85%E8%B5%B7%E4%B9%89%E6%97%A7%E5%9D%80,exact,
7-1786-5-179,新四军军部暨华东军区、华东野战军诞生地旧址,新四军军部暨华东军区、华东野战军诞生地旧址,https://baike.baidu.com/item/%E6%96%B0%E5%9B%9B%E5%86%9B%E5%86%9B%E9%83%A8%E6%9A%A8%E5%8D%8E%E4%B8%9C%E5%86%9B%E5%8C%BA%E3%80%81%E5%8D%8E%E4%B8%9C%E9%87%8E%E6%88%98%E5%86%9B%E8%AF%9E%E7%94%9F%E5%9C%B0%E6%97%A7%E5%9D%80,exact,,,,
7-1787-5-180,莱芜战役指挥所旧址,莱芜战役指挥所旧址,https://baike.baidu.com/view/6716183.htm,exact,,,,
7-1788-5-181,袁寨古民居,袁寨古民居,https://baike.baidu.com/item/%E8%A2%81%E5%AF%A8%E5%8F%A4%E6%B0%91%E5%B1%85,exact,,,,
7-1789-5-182,张祜庄园,张祜庄园,https://baike.baidu.com/view/14006761.htm,exact,,,,
7-1790-5-183,鸡公山近代建筑群,鸡公山近代建筑群,https://baike.baidu.com/item/%E9%B8%A1%E5%85%AC%E5%B1%B1%E8%BF%91%E4%BB%A3%E5%BB%BA%E7%AD%91%E7%BE%A4,exact,,,,
7-1791-5-184,刘镇华庄园,刘镇华庄园,https://baike.baidu.com/view/1173677.htm,exact,刘镇华庄园,https://zh.wikipedia.org/wiki/%E5%88%98%E9%95%87%E5%8D%8E%E5%BA%84%E5%9B%AD,exact,
7-1792-5-185,洛阳西工兵营,洛阳西工兵营,https://baike.baidu.com/view/10985466.htm,exact,,,,
7-1793-5-186,袁林,袁林,https://baike.baidu.com/subview/44088/5973465.htm,exact,,,,
7-1794-5-187,天主教河南总修院旧址,天主教河南总修院旧址,https://baike.baidu.com/item/%E5%A4%A9%E4%B8%BB%E6%95%99%E6%B2%B3%E5%8D%97%E6%80%BB%E4%BF%AE%E9%99%A2%E6%97%A7%E5%9D%80,exact,,,,
7-1795-5-188,河朔图书馆旧址,河朔图书馆旧址,https://baike.baidu.com/item/%E6%B2%B3%E6%9C%94%E5%9B%BE%E4%B9%A6%E9%A6%86%E6%97%A7%E5%9D%80,exact,,,,
7-1796-5-189,国共黄河归故谈判旧址,国共黄河归故谈判旧址,https://baike.baidu.com/item/%E5%9B%BD%E5%85%B1%E9%BB%84%E6%B2%B3%E5%BD%92%E6%95%85%E8%B0%88%E5%88%A4%E6%97%A7%E5%9D%80,exact,国共黄河归故谈判旧址,https://zh.wikipedia.org/wiki/%E5%9B%BD%E5%85%B1%E9%BB%84%E6%B2%B3%E5%BD%92%E6%95%85%E8%B0%88%E5%88%A4%E6%97%A7%E5%9D%80,exact,
7-1797-5-190,豫陕鄂前后方工作委员会旧址,豫陕鄂前后方工作委员会旧址,https://baike.baidu.com/item/%E8%B1%AB%E9%99%95%E9%84%82%E5%89%8D%E5%90%8E%E6%96%B9%E5%B7%A5%E4%BD%9C%E5%A7%94%E5%91%98%E4%BC%9A%E6%97%A7%E5%9D%80,exact,,,,
7-1798-5-191,商丘淮海战役总前委旧址,商丘淮海战役总前委旧址,https://baike.baidu.com/item/%E5%95%86%E4%B8%98%E6%B7%AE%E6%B5%B7%E6%88%98%E5%BD%B9%E6%80%BB%E5%89%8D%E5%A7%94%E6%97%A7%E5%9D%80,exact,商丘淮海战役总前委旧址,https://zh.wikipedia.org/wiki/%E5%95%86%E4%B8%98%E6%B7%AE%E6%B5%B7%E6%88%98%E5%BD%B9%E6%80%BB%E5%89%8D%E5%A7%94%E6%97%A7%E5%9D%80,exact,
7-1799-5-192,洛阳涧西苏式建筑群,洛阳涧西苏式建筑群,https://baike.baidu.com/view/12104214.htm,exact,,,,
7-1800-5-193,古德寺,古德寺,https://baike.baidu.com/subview/477996/13759243.htm,exact,古德寺,https://zh.wikipedia.org/wiki/%E5%8F%A4%E5%BE%B7%E5%AF%BA,exact,
7-1801-5-194,起义门,起义门,https://baike.baidu.com/view/58109.htm,exact,,,,
7-1802-5-195,京汉铁路总工会旧址,京汉铁路总工会旧址,https://baike.baidu.com/view/3927134.htm,exact,京汉铁路总工会旧址,https://zh.wikipedia.org/wiki/%E4%BA%AC%E6%B1%89%E9%93%81%E8%B7%AF%E6%80%BB%E5%B7%A5%E4%BC%9A%E6%97%A7%E5%9D%80,exact,
7-1803-5-196,汉口中共中央宣传部旧址,汉口中共中央宣传部旧址,https://baike.baidu.com/view/11782310.htm,exact,汉口中共中央宣传部旧址,https://zh.wikipedia.org/wiki/%E6%B1%89%E5%8F%A3%E4%B8%AD%E5%85%B1%E4%B8%AD%E5%A4%AE%E5%AE%A3%E4%BC%A0%E9%83%A8%E6%97%A7%E5%9D%80,exact,
7-1804-5-197,中共中央领导人汉口住地旧址,中共中央领导人汉口住地旧址,https://baike.baidu.com/item/%E4%B8%AD%E5%85%B1%E4%B8%AD%E5%A4%AE%E9%A2%86%E5%AF%BC%E4%BA%BA%E6%B1%89%E5%8F%A3%E4%BD%8F%E5%9C%B0%E6%97%A7%E5%9D%80,exact,中共中央领导人汉口住地旧址,https://zh.wikipedia.org/wiki/%E4%B8%AD%E5%85%B1%E4%B8%AD%E5%A4%AE%E9%A2%86%E5%AF%BC%E4%BA%BA%E6%B1%89%E5%8F%A3%E4%BD%8F%E5%9C%B0%E6%97%A7%E5%9D%80,exact,
7-1805-5-198,中国共产党第五次全国代表大会旧址,中国共产党第五次全国代表大会旧址,https://baike.baidu.com/item/%E4%B8%AD%E5%9B%BD%E5%85%B1%E4%BA%A7%E5%85%9A%E7%AC%AC%E4%BA%94%E6%AC%A1%E5%85%A8%E5%9B%BD%E4%BB%A3%E8%A1%A8%E5%A4%A7%E4%BC%9A%E6%97%A7%E5%9D%80,exact,中国共产党第五次全国代表大会旧址,https://zh.wikipedia.org/wiki/%E4%B8%AD%E5%9B%BD%E5%85%B1%E4%BA%A7%E5%85%9A%E7%AC%AC%E4%BA%94%E6%AC%A1%E5%85%A8%E5%9B%BD%E4%BB%A3%E8%A1%A8%E5%A4%A7%E4%BC%9A%E6%97%A7%E5%9D%80,exact,
7-1806-5-199,武汉中央军事政治学校旧址,武汉中央军事政治学校旧址,https://baike.baidu.com/view/8021582.htm,exact,武汉中央军事政治学校旧址,https://zh.wikipedia.org/wiki/%E6%AD%A6%E6%B1%89%E4%B8%AD%E5%A4%AE%E5%86%9B%E4%BA%8B%E6%94%BF%E6%B2%BB%E5%AD%A6%E6%A0%A1%E6%97%A7%E5%9D%80,exact,
7-1807-5-200,武汉中共中央机关旧址,武汉中共中央机关旧址,https://baike.baidu.com/item/%E6%AD%A6%E6%B1%89%E4%B8%AD%E5%85%B1%E4%B8%AD%E5%A4%AE%E6%9C%BA%E5%85%B3%E6%97%A7%E5%9D%80,exact,武汉中共中央机关旧址,https://zh.wikipedia.org/wiki/%E6%AD%A6%E6%B1%89%E4%B8%AD%E5%85%B1%E4%B8%AD%E5%A4%AE%E6%9C%BA%E5%85%B3%E6%97%A7%E5%9D%80,exact,
7-1808-5-201,湖北省立图书馆旧址,湖北省立图书馆旧址,https://baike.baidu.com/item/%E6%B9%96%E5%8C%97%E7%9C%81%E7%AB%8B%E5%9B%BE%E4%B9%A6%E9%A6%86%E6%97%A7%E5%9D%80,exact,,,,
7-1809-5-202,汉口新四军军部旧址,汉口新四军军部旧址,https://baike.baidu.com/view/8021830.htm,exact,汉口新四军军部旧址,https://zh.wikipedia.org/wiki/%E6%B1%89%E5%8F%A3%E6%96%B0%E5%9B%9B%E5%86%9B%E5%86%9B%E9%83%A8%E6%97%A7%E5%9D%80,exact,
7-1810-5-203,八路军武汉办事处旧址,八路军武汉办事处旧址,https://baike.baidu.com/view/736533.htm,exact,八路军武汉办事处旧址,https://zh.wikipedia.org/wiki/%E5%85%AB%E8%B7%AF%E5%86%9B%E6%AD%A6%E6%B1%89%E5%8A%9E%E4%BA%8B%E5%A4%84%E6%97%A7%E5%9D%80,exact,
7-1811-5-204,中共豫鄂边区委员会旧址,中共豫鄂边区委员会旧址,https://baike.baidu.com/view/10620793.htm,exact,,,,
7-1812-5-205,华新水泥厂旧址,华新水泥厂旧址,https://baike.baidu.com/view/10615471.htm,exact,,,,
7-1813-5-206,向阳湖文化名人旧址,向阳湖文化名人旧址,https://baike.baidu.com/view/13702498.htm,exact,向阳湖文化名人旧址,https://zh.wikipedia.org/wiki/%E5%90%91%E9%98%B3%E6%B9%96%E6%96%87%E5%8C%96%E5%90%8D%E4%BA%BA%E6%97%A7%E5%9D%80,exact,
7-1814-5-207,武汉长江大桥,武汉长江大桥,https://baike.baidu.com/subview/16154/16154.htm,exact,武汉长江大桥,https://zh.wikipedia.org/wiki/%E6%AD%A6%E6%B1%89%E9%95%BF%E6%B1%9F%E5%A4%A7%E6%A1%A5,exact,
7-1815-5-208,渌江书院,渌江书院,https://baike.baidu.com/view/1077698.htm,exact,,,,
7-1816-5-209,何叔衡故居,何叔衡故居,https://baike.baidu.com/view/441230.htm,exact,何叔衡故居,https://zh.wikipedia.org/wiki/%E4%BD%95%E5%8F%94%E8%A1%A1%E6%95%85%E5%B1%85,exact,
7-1817-5-210,谢觉哉故居,谢觉哉故居,https://baike.baidu.com/view/441239.htm,exact,,,,
7-1818-5-211,林伯渠故居,林伯渠故居,https://baike.baidu.com/view/3795291.htm,exact,,,,
7-1819-5-212,徐特立故居,徐特立故居,https://baike.baidu.com/view/441240.htm,exact,徐特立故居,https://zh.wikipedia.org/wiki/%E5%BE%90%E7%89%B9%E7%AB%8B%E6%95%85%E5%B1%85,exact,
7-1820-5-213,李达故居,李达故居,https://baike.baidu.com/view/1509710.htm,exact,,,,
7-1821-5-214,左文襄公祠,左文襄公祠,https://baike.baidu.com/item/%E5%B7%A6%E6%96%87%E8%A5%84%E5%85%AC%E7%A5%A0,exact,左文襄公祠,https://zh.wikipedia.org/wiki/%E5%B7%A6%E6%96%87%E8%A5%84%E5%85%AC%E7%A5%A0,exact,
7-1822-5-215,邓中夏故居,邓中夏故居,https://baike.baidu.com/view/3921260.htm,exact,,,,
7-1823-5-216,李立三故居,李立三故居,https://baike.baidu.com/view/1108697.htm,exact,李立三故居,https://zh.wikipedia.org/wiki/%E6%9D%8E%E7%AB%8B%E4%B8%89%E6%95%85%E5%B1%85,exact,
7-1824-5-217,蔡和森、蔡畅故居,蔡和森、蔡畅故居,https://baike.baidu.com/item/%E8%94%A1%E5%92%8C%E6%A3%AE%E3%80%81%E8%94%A1%E7%95%85%E6%95%85%E5%B1%85,exact,,,,
7-1825-5-218,岳州关,岳州关,https://baike.baidu.com/item/%E5%B2%B3%E5%B7%9E%E5%85%B3,exact,岳州关,https://zh.wikipedia.org/wiki/%E5%B2%B3%E5%B7%9E%E5%85%B3,exact,
7-1826-5-219,信义校会建筑群,信义校会建筑群,https://baike.baidu.com/item/%E4%BF%A1%E4%B9%89%E6%A0%A1%E4%BC%9A%E5%BB%BA%E7%AD%91%E7%BE%A4,exact,,,,
7-1827-5-220,岳阳教会学校,岳阳教会学校,https://baike.baidu.com/item/%E5%B2%B3%E9%98%B3%E6%95%99%E4%BC%9A%E5%AD%A6%E6%A0%A1,exact,岳阳教会学校,https://zh.wikipedia.org/wiki/%E5%B2%B3%E9%98%B3%E6%95%99%E4%BC%9A%E5%AD%A6%E6%A0%A1,exact,
7-1828-5-221,爱晚亭,爱晚亭,https://baike.baidu.com/subview/15860/15379718.htm,exact,,,,
7-1829-5-222,罗荣桓故居,罗荣桓故居,https://baike.baidu.com/view/901052.htm,exact,,,,
7-1830-5-223,胡耀邦故居,胡耀邦故居,https://baike.baidu.com/subview/106070/106070.htm,exact,胡耀邦故居,https://zh.wikipedia.org/wiki/%E8%83%A1%E8%80%80%E9%82%A6%E6%95%85%E5%B1%85,exact,
7-1831-5-224,新民学会旧址,新民学会旧址,https://baike.baidu.com/view/598685.htm,exact,,,,
7-1832-5-225,湘南学联旧址,湘南学联旧址,https://baike.baidu.com/item/%E6%B9%98%E5%8D%97%E5%AD%A6%E8%81%94%E6%97%A7%E5%9D%80,exact,,,,
7-1833-5-226,湖南大学早期建筑群,湖南大学早期建筑群,https://baike.baidu.com/view/14389822.htm,exact,湖南大学早期建筑群,https://zh.wikipedia.org/wiki/%E6%B9%96%E5%8D%97%E5%A4%A7%E5%AD%A6%E6%97%A9%E6%9C%9F%E5%BB%BA%E7%AD%91%E7%BE%A4,exact,
7-1834-5-227,渌江桥,渌江桥,https://baike.baidu.com/view/1110024.htm,exact,,,,
7-1835-5-228,中共平江县委旧址,中共平江县委旧址,https://baike.baidu.com/item/%E4%B8%AD%E5%85%B1%E5%B9%B3%E6%B1%9F%E5%8E%BF%E5%A7%94%E6%97%A7%E5%9D%80,exact,中共平江县委旧址,https://zh.wikipedia.org/wiki/%E4%B8%AD%E5%85%B1%E5%B9%B3%E6%B1%9F%E5%8E%BF%E5%A7%94%E6%97%A7%E5%9D%80,exact,
7-1836-5-229,湘南起义旧址群,湘南起义旧址群,https://baike.baidu.com/item/%E6%B9%98%E5%8D%97%E8%B5%B7%E4%B9%89%E6%97%A7%E5%9D%80%E7%BE%A4,exact,湘南起义旧址群,https://zh.wikipedia.org/wiki/%E6%B9%98%E5%8D%97%E8%B5%B7%E4%B9%89%E6%97%A7%E5%9D%80%E7%BE%A4,exact,
7-1837-5-230,中国工农红军第七军指挥所旧址,中国工农红军第七军指挥所旧址,https://baike.baidu.com/item/%E4%B8%AD%E5%9B%BD%E5%B7%A5%E5%86%9C%E7%BA%A2%E5%86%9B%E7%AC%AC%E4%B8%83%E5%86%9B%E6%8C%87%E6%8C%A5%E6%89%80%E6%97%A7%E5%9D%80,exact,中国工农红军第七军指挥所旧址,https://zh.wikipedia.org/wiki/%E4%B8%AD%E5%9B%BD%E5%B7%A5%E5%86%9C%E7%BA%A2%E5%86%9B%E7%AC%AC%E4%B8%83%E5%86%9B%E6%8C%87%E6%8C%A5%E6%89%80%E6%97%A7%E5%9D%80,exact,
7-1838-5-231,湖南省苏维埃政府旧址,湖南省苏维埃政府旧址,https://baike.baidu.com/item/%E6%B9%96%E5%8D%97%E7%9C%81%E8%8B%8F%E7%BB%B4%E5%9F%83%E6%94%BF%E5%BA%9C%E6%97%A7%E5%9D%80,exact,,,,
7-1839-5-232,红二、六军团长征出发地旧址,红二、六军团长征出发地旧址,https://baike.baidu.com/item/%E7%BA%A2%E4%BA%8C%E3%80%81%E5%85%AD%E5%86%9B%E5%9B%A2%E9%95%BF%E5%BE%81%E5%87%BA%E5%8F%91%E5%9C%B0%E6%97%A7%E5%9D%80,exact,,,,
7-1840-5-233,红二军团长征司令部旧址,红二军团长征司令部旧址,https://baike.baidu.com/view/7206306.htm,exact,,,,
7-1841-5-234,黄埔军校第二分校旧址,黄埔军校第二分校旧址,https://baike.baidu.com/item/%E9%BB%84%E5%9F%94%E5%86%9B%E6%A0%A1%E7%AC%AC%E4%BA%8C%E5%88%86%E6%A0%A1%E6%97%A7%E5%9D%80,exact,黄埔军校第二分校旧址,https://zh.wikipedia.org/wiki/%E9%BB%84%E5%9F%94%E5%86%9B%E6%A0%A1%E7%AC%AC%E4%BA%8C%E5%88%86%E6%A0%A1%E6%97%A7%E5%9D%80,exact,
7-1842-5-235,大云山三战三捷摩崖石刻,大云山三战三捷摩崖石刻,https://baike.baidu.com/item/%E5%A4%A7%E4%BA%91%E5%B1%B1%E4%B8%89%E6%88%98%E4%B8%89%E6%8D%B7%E6%91%A9%E5%B4%96%E7%9F%B3%E5%88%BB,exact,大云山三战三捷摩崖石刻,https://zh.wikipedia.org/wiki/%E5%A4%A7%E4%BA%91%E5%B1%B1%E4%B8%89%E6%88%98%E4%B8%89%E6%8D%B7%E6%91%A9%E5%B4%96%E7%9F%B3%E5%88%BB,exact,
7-1843-5-236,厂窖惨案遗址,厂窖惨案遗址,https://baike.baidu.com/item/%E5%8E%82%E7%AA%96%E6%83%A8%E6%A1%88%E9%81%97%E5%9D%80,exact,,,,
7-1844-5-237,丁氏光禄公祠,,,,丁氏光禄公祠,https://zh.wikipedia.org/wiki/%E4%B8%81%E6%B0%8F%E5%85%89%E7%A6%84%E5%85%AC%E7%A5%A0,exact,丁日昌纪念馆 | https://baike.baidu.com/item/%E4%B8%81%E6%97%A5%E6%98%8C%E7%BA%AA%E5%BF%B5%E9%A6%86 | different-title
7-1845-5-238,崎碌炮台,崎碌炮台,https://baike.baidu.com/view/7799120.htm,exact,崎碌炮台,https://zh.wikipedia.org/wiki/%E5%B4%8E%E7%A2%8C%E7%82%AE%E5%8F%B0,exact,
7-1846-5-239,人境庐和荣禄第,人境庐和荣禄第,https://baike.baidu.com/item/%E4%BA%BA%E5%A2%83%E5%BA%90%E5%92%8C%E8%8D%A3%E7%A6%84%E7%AC%AC,exact,,,,
7-1847-5-240,广州湾法国公使署旧址和法军指挥部旧址,广州湾法国公使署旧址和法军指挥部旧址,https://baike.baidu.com/item/%E5%B9%BF%E5%B7%9E%E6%B9%BE%E6%B3%95%E5%9B%BD%E5%85%AC%E4%BD%BF%E7%BD%B2%E6%97%A7%E5%9D%80%E5%92%8C%E6%B3%95%E5%86%9B%E6%8C%87%E6%8C%A5%E9%83%A8%E6%97%A7%E5%9D%80,exact,广州湾法国公使署旧址和法军指挥部旧址,https://zh.wikipedia.org/wiki/%E5%B9%BF%E5%B7%9E%E6%B9%BE%E6%B3%95%E5%9B%BD%E5%85%AC%E4%BD%BF%E7%BD%B2%E6%97%A7%E5%9D%80%E5%92%8C%E6%B3%95%E5%86%9B%E6%8C%87%E6%8C%A5%E9%83%A8%E6%97%A7%E5%9D%80,exact,
7-1848-5-241,谢晋元故居,谢晋元故居,https://baike.baidu.com/view/941729.htm,exact,,,,
7-1849-5-242,三灶岛侵华日军罪行遗迹,三灶岛侵华日军罪行遗迹,https://baike.baidu.com/item/%E4%B8%89%E7%81%B6%E5%B2%9B%E4%BE%B5%E5%8D%8E%E6%97%A5%E5%86%9B%E7%BD%AA%E8%A1%8C%E9%81%97%E8%BF%B9,exact,三灶岛侵华日军罪行遗迹,https://zh.wikipedia.org/wiki/%E4%B8%89%E7%81%B6%E5%B2%9B%E4%BE%B5%E5%8D%8E%E6%97%A5%E5%86%9B%E7%BD%AA%E8%A1%8C%E9%81%97%E8%BF%B9,exact,
7-1850-5-243,广九铁路石龙南桥,广九铁路石龙南桥,https://baike.baidu.com/view/12117984.htm,exact,广九铁路石龙南桥,https://zh.wikipedia.org/wiki/%E5%B9%BF%E4%B9%9D%E9%93%81%E8%B7%AF%E7%9F%B3%E9%BE%99%E5%8D%97%E6%A1%A5,exact,
7-1851-5-244,中国共产党第三次全国代表大会会址,中国共产党第三次全国代表大会会址,https://baike.baidu.com/item/%E4%B8%AD%E5%9B%BD%E5%85%B1%E4%BA%A7%E5%85%9A%E7%AC%AC%E4%B8%89%E6%AC%A1%E5%85%A8%E5%9B%BD%E4%BB%A3%E8%A1%A8%E5%A4%A7%E4%BC%9A%E4%BC%9A%E5%9D%80,exact,中国共产党第三次全国代表大会会址,https://zh.wikipedia.org/wiki/%E4%B8%AD%E5%9B%BD%E5%85%B1%E4%BA%A7%E5%85%9A%E7%AC%AC%E4%B8%89%E6%AC%A1%E5%85%A8%E5%9B%BD%E4%BB%A3%E8%A1%A8%E5%A4%A7%E4%BC%9A%E4%BC%9A%E5%9D%80,exact,
7-1852-5-245,国民革命军东征军总指挥部、政治部旧址,国民革命军东征军总指挥部、政治部旧址,https://baike.baidu.com/item/%E5%9B%BD%E6%B0%91%E9%9D%A9%E5%91%BD%E5%86%9B%E4%B8%9C%E5%BE%81%E5%86%9B%E6%80%BB%E6%8C%87%E6%8C%A5%E9%83%A8%E3%80%81%E6%94%BF%E6%B2%BB%E9%83%A8%E6%97%A7%E5%9D%80,exact,,,,
7-1853-5-246,顺德糖厂早期建筑,顺德糖厂早期建筑,https://baike.baidu.com/item/%E9%A1%BA%E5%BE%B7%E7%B3%96%E5%8E%82%E6%97%A9%E6%9C%9F%E5%BB%BA%E7%AD%91,exact,顺德糖厂早期建筑,https://zh.wikipedia.org/wiki/%E9%A1%BA%E5%BE%B7%E7%B3%96%E5%8E%82%E6%97%A9%E6%9C%9F%E5%BB%BA%E7%AD%91,exact,
7-1854-5-247,中山纪念中学旧址,中山纪念中学旧址,https://baike.baidu.com/item/%E4%B8%AD%E5%B1%B1%E7%BA%AA%E5%BF%B5%E4%B8%AD%E5%AD%A6%E6%97%A7%E5%9D%80,exact,中山纪念中学旧址,https://zh.wikipedia.org/wiki/%E4%B8%AD%E5%B1%B1%E7%BA%AA%E5%BF%B5%E4%B8%AD%E5%AD%A6%E6%97%A7%E5%9D%80,exact,
7-1855-5-248,梧州近代建筑群,梧州近代建筑群,https://baike.baidu.com/item/%E6%A2%A7%E5%B7%9E%E8%BF%91%E4%BB%A3%E5%BB%BA%E7%AD%91%E7%BE%A4,exact,梧州近代建筑群,https://zh.wikipedia.org/wiki/%E6%A2%A7%E5%B7%9E%E8%BF%91%E4%BB%A3%E5%BB%BA%E7%AD%91%E7%BE%A4,exact,
7-1856-5-249,谢鲁山庄,谢鲁山庄,https://baike.baidu.com/view/74414.htm,exact,谢鲁山庄,https://zh.wikipedia.org/wiki/%E8%B0%A2%E9%B2%81%E5%B1%B1%E5%BA%84,exact,
7-1857-5-250,越南共产党驻龙州秘密机关旧址,越南共产党驻龙州秘密机关旧址,https://baike.baidu.com/item/%E8%B6%8A%E5%8D%97%E5%85%B1%E4%BA%A7%E5%85%9A%E9%A9%BB%E9%BE%99%E5%B7%9E%E7%A7%98%E5%AF%86%E6%9C%BA%E5%85%B3%E6%97%A7%E5%9D%80,exact,越南共产党驻龙州秘密机关旧址,https://zh.wikipedia.org/wiki/%E8%B6%8A%E5%8D%97%E5%85%B1%E4%BA%A7%E5%85%9A%E9%A9%BB%E9%BE%99%E5%B7%9E%E7%A7%98%E5%AF%86%E6%9C%BA%E5%85%B3%E6%97%A7%E5%9D%80,exact,
7-1858-5-251,柳州旧机场及城防工事群旧址,柳州旧机场及城防工事群旧址,https://baike.baidu.com/item/%E6%9F%B3%E5%B7%9E%E6%97%A7%E6%9C%BA%E5%9C%BA%E5%8F%8A%E5%9F%8E%E9%98%B2%E5%B7%A5%E4%BA%8B%E7%BE%A4%E6%97%A7%E5%9D%80,exact,,,,
7-1859-5-252,南宁育才学校旧址,南宁育才学校旧址,https://baike.baidu.com/view/10632812.htm,exact,,,,
7-1860-5-253,临高角灯塔,临高角灯塔,https://baike.baidu.com/item/%E4%B8%B4%E9%AB%98%E8%A7%92%E7%81%AF%E5%A1%94,exact,临高角灯塔,https://zh.wikipedia.org/wiki/%E4%B8%B4%E9%AB%98%E8%A7%92%E7%81%AF%E5%A1%94,exact,
7-1861-5-254,琼海关旧址,琼海关旧址,https://baike.baidu.com/item/%E7%90%BC%E6%B5%B7%E5%85%B3%E6%97%A7%E5%9D%80,exact,,,,
7-1862-5-255,韩家宅,韩家宅,https://baike.baidu.com/item/%E9%9F%A9%E5%AE%B6%E5%AE%85/61856349,exact,,,,
7-1863-5-256,刘伯承故居,刘伯承故居,https://baike.baidu.com/subview/489943/14978831.htm,exact,,,,
7-1864-5-257,聂荣臻故居,聂荣臻故居,https://baike.baidu.com/view/2970555.htm,exact,,,,
7-1865-5-258,嘉陵江三峡乡村建设旧址群,嘉陵江三峡乡村建设旧址群,https://baike.baidu.com/item/%E5%98%89%E9%99%B5%E6%B1%9F%E4%B8%89%E5%B3%A1%E4%B9%A1%E6%9D%91%E5%BB%BA%E8%AE%BE%E6%97%A7%E5%9D%80%E7%BE%A4,exact,嘉陵江三峡乡村建设旧址群,https://zh.wikipedia.org/wiki/%E5%98%89%E9%99%B5%E6%B1%9F%E4%B8%89%E5%B3%A1%E4%B9%A1%E6%9D%91%E5%BB%BA%E8%AE%BE%E6%97%A7%E5%9D%80%E7%BE%A4,exact,
7-1866-5-259,特园,特园,https://baike.baidu.com/view/5143583.htm,exact,,,,
7-1867-5-260,世界佛学苑汉藏教理院旧址,世界佛学苑汉藏教理院旧址,https://baike.baidu.com/item/%E4%B8%96%E7%95%8C%E4%BD%9B%E5%AD%A6%E8%8B%91%E6%B1%89%E8%97%8F%E6%95%99%E7%90%86%E9%99%A2%E6%97%A7%E5%9D%80,exact,,,,
7-1868-5-261,南腰界红三军司令部旧址,南腰界红三军司令部旧址,https://baike.baidu.com/item/%E5%8D%97%E8%85%B0%E7%95%8C%E7%BA%A2%E4%B8%89%E5%86%9B%E5%8F%B8%E4%BB%A4%E9%83%A8%E6%97%A7%E5%9D%80,exact,,,,
7-1869-5-262,国民政府立法院、司法院及蒙藏委员会旧址,国民政府立法院、司法院及蒙藏委员会旧址,https://baike.baidu.com/item/%E5%9B%BD%E6%B0%91%E6%94%BF%E5%BA%9C%E7%AB%8B%E6%B3%95%E9%99%A2%E3%80%81%E5%8F%B8%E6%B3%95%E9%99%A2%E5%8F%8A%E8%92%99%E8%97%8F%E5%A7%94%E5%91%98%E4%BC%9A%E6%97%A7%E5%9D%80,exact,国民政府立法院、司法院及蒙藏委员会旧址,https://zh.wikipedia.org/wiki/%E5%9B%BD%E6%B0%91%E6%94%BF%E5%BA%9C%E7%AB%8B%E6%B3%95%E9%99%A2%E3%80%81%E5%8F%B8%E6%B3%95%E9%99%A2%E5%8F%8A%E8%92%99%E8%97%8F%E5%A7%94%E5%91%98%E4%BC%9A%E6%97%A7%E5%9D%80,exact,
7-1870-5-263,国民政府军事委员会政治部旧址,国民政府军事委员会政治部旧址,https://baike.baidu.com/item/%E5%9B%BD%E6%B0%91%E6%94%BF%E5%BA%9C%E5%86%9B%E4%BA%8B%E5%A7%94%E5%91%98%E4%BC%9A%E6%94%BF%E6%B2%BB%E9%83%A8%E6%97%A7%E5%9D%80,exact,,,,
7-1871-5-264,国民政府外交部旧址,国民政府外交部旧址,https://baike.baidu.com/subview/154707/154707.htm,exact,国民政府外交部旧址,https://zh.wikipedia.org/wiki/%E5%9B%BD%E6%B0%91%E6%94%BF%E5%BA%9C%E5%A4%96%E4%BA%A4%E9%83%A8%E6%97%A7%E5%9D%80,exact,
7-1872-5-265,重庆抗战金融机构旧址群,重庆抗战金融机构旧址群,https://baike.baidu.com/item/%E9%87%8D%E5%BA%86%E6%8A%97%E6%88%98%E9%87%91%E8%9E%8D%E6%9C%BA%E6%9E%84%E6%97%A7%E5%9D%80%E7%BE%A4,exact,重庆抗战金融机构旧址群,https://zh.wikipedia.org/wiki/%E9%87%8D%E5%BA%86%E6%8A%97%E6%88%98%E9%87%91%E8%9E%8D%E6%9C%BA%E6%9E%84%E6%97%A7%E5%9D%80%E7%BE%A4,exact,
7-1873-5-266,国民参政会旧址,国民参政会旧址,https://baike.baidu.com/item/%E5%9B%BD%E6%B0%91%E5%8F%82%E6%94%BF%E4%BC%9A%E6%97%A7%E5%9D%80,exact,國民參政會舊址,https://zh.wikipedia.org/wiki/%E5%9C%8B%E6%B0%91%E5%8F%83%E6%94%BF%E6%9C%83%E8%88%8A%E5%9D%80,redirect,
7-1874-5-267,林园,林园,https://baike.baidu.com/item/%E6%9E%97%E5%9B%AD/24452730,exact,,,,
7-1875-5-268,国民政府军事委员会政治部第三厅暨文化工作委员会旧址,国民政府军事委员会政治部第三厅暨文化工作委员会旧址,https://baike.baidu.com/item/%E5%9B%BD%E6%B0%91%E6%94%BF%E5%BA%9C%E5%86%9B%E4%BA%8B%E5%A7%94%E5%91%98%E4%BC%9A%E6%94%BF%E6%B2%BB%E9%83%A8%E7%AC%AC%E4%B8%89%E5%8E%85%E6%9A%A8%E6%96%87%E5%8C%96%E5%B7%A5%E4%BD%9C%E5%A7%94%E5%91%98%E4%BC%9A%E6%97%A7%E5%9D%80,exact,国民政府军事委员会政治部第三厅暨文化工作委员会旧址,https://zh.wikipedia.org/wiki/%E5%9B%BD%E6%B0%91%E6%94%BF%E5%BA%9C%E5%86%9B%E4%BA%8B%E5%A7%94%E5%91%98%E4%BC%9A%E6%94%BF%E6%B2%BB%E9%83%A8%E7%AC%AC%E4%B8%89%E5%8E%85%E6%9A%A8%E6%96%87%E5%8C%96%E5%B7%A5%E4%BD%9C%E5%A7%94%E5%91%98%E4%BC%9A%E6%97%A7%E5%9D%80,exact,
7-1876-5-269,重庆黄山抗战旧址群,重庆黄山抗战旧址群,https://baike.baidu.com/item/%E9%87%8D%E5%BA%86%E9%BB%84%E5%B1%B1%E6%8A%97%E6%88%98%E6%97%A7%E5%9D%80%E7%BE%A4,exact,重庆黄山抗战旧址群,https://zh.wikipedia.org/wiki/%E9%87%8D%E5%BA%86%E9%BB%84%E5%B1%B1%E6%8A%97%E6%88%98%E6%97%A7%E5%9D%80%E7%BE%A4,exact,
7-1877-5-270,同盟国驻渝外交机构旧址群,同盟国驻渝外交机构旧址群,https://baike.baidu.com/item/%E5%90%8C%E7%9B%9F%E5%9B%BD%E9%A9%BB%E6%B8%9D%E5%A4%96%E4%BA%A4%E6%9C%BA%E6%9E%84%E6%97%A7%E5%9D%80%E7%BE%A4,exact,同盟国驻渝外交机构旧址群,https://zh.wikipedia.org/wiki/%E5%90%8C%E7%9B%9F%E5%9B%BD%E9%A9%BB%E6%B8%9D%E5%A4%96%E4%BA%A4%E6%9C%BA%E6%9E%84%E6%97%A7%E5%9D%80%E7%BE%A4,exact,
7-1878-5-271,南泉抗战旧址群,南泉抗战旧址群,https://baike.baidu.com/item/%E5%8D%97%E6%B3%89%E6%8A%97%E6%88%98%E6%97%A7%E5%9D%80%E7%BE%A4,exact,南泉抗战旧址群,https://zh.wikipedia.org/wiki/%E5%8D%97%E6%B3%89%E6%8A%97%E6%88%98%E6%97%A7%E5%9D%80%E7%BE%A4,exact,
7-1879-5-272,国民政府行政院旧址,国民政府行政院旧址,https://baike.baidu.com/subview/4926491/4927757.htm,exact,国民政府行政院旧址,https://zh.wikipedia.org/wiki/%E5%9B%BD%E6%B0%91%E6%94%BF%E5%BA%9C%E8%A1%8C%E6%94%BF%E9%99%A2%E6%97%A7%E5%9D%80,exact,
7-1880-5-273,重庆抗战兵器工业旧址群,重庆抗战兵器工业旧址群,https://baike.baidu.com/item/%E9%87%8D%E5%BA%86%E6%8A%97%E6%88%98%E5%85%B5%E5%99%A8%E5%B7%A5%E4%B8%9A%E6%97%A7%E5%9D%80%E7%BE%A4,exact,重庆抗战兵器工业旧址群,https://zh.wikipedia.org/wiki/%E9%87%8D%E5%BA%86%E6%8A%97%E6%88%98%E5%85%B5%E5%99%A8%E5%B7%A5%E4%B8%9A%E6%97%A7%E5%9D%80%E7%BE%A4,exact,
7-1881-5-274,同盟国中国战区统帅部参谋长官邸旧址,同盟国中国战区统帅部参谋长官邸旧址,https://baike.baidu.com/item/%E5%90%8C%E7%9B%9F%E5%9B%BD%E4%B8%AD%E5%9B%BD%E6%88%98%E5%8C%BA%E7%BB%9F%E5%B8%85%E9%83%A8%E5%8F%82%E8%B0%8B%E9%95%BF%E5%AE%98%E9%82%B8%E6%97%A7%E5%9D%80,exact,,,,
7-1882-5-275,保卫中国同盟总部旧址,保卫中国同盟总部旧址,https://baike.baidu.com/item/%E4%BF%9D%E5%8D%AB%E4%B8%AD%E5%9B%BD%E5%90%8C%E7%9B%9F%E6%80%BB%E9%83%A8%E6%97%A7%E5%9D%80,exact,保卫中国同盟总部旧址,https://zh.wikipedia.org/wiki/%E4%BF%9D%E5%8D%AB%E4%B8%AD%E5%9B%BD%E5%90%8C%E7%9B%9F%E6%80%BB%E9%83%A8%E6%97%A7%E5%9D%80,exact,
7-1883-5-276,重庆谈判旧址群,重庆谈判旧址群,https://baike.baidu.com/item/%E9%87%8D%E5%BA%86%E8%B0%88%E5%88%A4%E6%97%A7%E5%9D%80%E7%BE%A4,exact,重庆谈判旧址群,https://zh.wikipedia.org/wiki/%E9%87%8D%E5%BA%86%E8%B0%88%E5%88%A4%E6%97%A7%E5%9D%80%E7%BE%A4,exact,
7-1884-5-277,抗战胜利纪功碑暨人民解放纪念碑,抗战胜利纪功碑暨人民解放纪念碑,https://baike.baidu.com/item/%E6%8A%97%E6%88%98%E8%83%9C%E5%88%A9%E7%BA%AA%E5%8A%9F%E7%A2%91%E6%9A%A8%E4%BA%BA%E6%B0%91%E8%A7%A3%E6%94%BE%E7%BA%AA%E5%BF%B5%E7%A2%91,exact,抗战胜利纪功碑暨人民解放纪念碑,https://zh.wikipedia.org/wiki/%E6%8A%97%E6%88%98%E8%83%9C%E5%88%A9%E7%BA%AA%E5%8A%9F%E7%A2%91%E6%9A%A8%E4%BA%BA%E6%B0%91%E8%A7%A3%E6%94%BE%E7%BA%AA%E5%BF%B5%E7%A2%91,exact,
7-1885-5-278,重庆市人民大礼堂,重庆市人民大礼堂,https://baike.baidu.com/view/180862.htm,exact,重庆市人民大礼堂,https://zh.wikipedia.org/wiki/%E9%87%8D%E5%BA%86%E5%B8%82%E4%BA%BA%E6%B0%91%E5%A4%A7%E7%A4%BC%E5%A0%82,exact,
7-1886-5-279,吉成井盐作坊遗址,吉成井盐作坊遗址,https://baike.baidu.com/item/%E5%90%89%E6%88%90%E4%BA%95%E7%9B%90%E4%BD%9C%E5%9D%8A%E9%81%97%E5%9D%80,exact,,,,
7-1887-5-280,丁氏庄园,丁氏庄园,https://baike.baidu.com/view/3881797.htm,exact,,,,
7-1888-5-281,东源井古盐场,东源井古盐场,https://baike.baidu.com/item/%E4%B8%9C%E6%BA%90%E4%BA%95%E5%8F%A4%E7%9B%90%E5%9C%BA,exact,,,,
7-1889-5-282,平安桥天主教堂,平安桥天主教堂,https://baike.baidu.com/item/%E5%B9%B3%E5%AE%89%E6%A1%A5%E5%A4%A9%E4%B8%BB%E6%95%99%E5%A0%82,exact,,,,
7-1890-5-283,四川大学早期建筑,四川大学早期建筑,https://baike.baidu.com/item/%E5%9B%9B%E5%B7%9D%E5%A4%A7%E5%AD%A6%E6%97%A9%E6%9C%9F%E5%BB%BA%E7%AD%91,exact,,,,
7-1891-5-284,张伯卿公馆,张伯卿公馆,https://baike.baidu.com/item/%E5%BC%A0%E4%BC%AF%E5%8D%BF%E5%85%AC%E9%A6%86,exact,,,,
7-1892-5-285,新场川王宫,新场川王宫,https://baike.baidu.com/view/12091478.htm,exact,新场川王宫,https://zh.wikipedia.org/wiki/%E6%96%B0%E5%9C%BA%E5%B7%9D%E7%8E%8B%E5%AE%AB,exact,
7-1893-5-286,列宁街石牌坊及红军标语,列宁街石牌坊及红军标语,https://baike.baidu.com/item/%E5%88%97%E5%AE%81%E8%A1%97%E7%9F%B3%E7%89%8C%E5%9D%8A%E5%8F%8A%E7%BA%A2%E5%86%9B%E6%A0%87%E8%AF%AD,exact,,,,
7-1894-5-287,曾家园,曾家园,https://baike.baidu.com/subview/10751849/10988891.htm,exact,,,,
7-1895-5-288,尚稽陈玉壂祠,陈公祠,https://baike.baidu.com/subview/289327/5766052.htm,manual,,,,第七批全国重点文物保护单位中的近现代重要史迹及代表性建筑 | https://zh.wikipedia.org/wiki/%E7%AC%AC%E4%B8%83%E6%89%B9%E5%85%A8%E5%9B%BD%E9%87%8D%E7%82%B9%E6%96%87%E7%89%A9%E4%BF%9D%E6%8A%A4%E5%8D%95%E4%BD%8D%E4%B8%AD%E7%9A%84%E8%BF%91%E7%8E%B0%E4%BB%A3%E9%87%8D%E8%A6%81%E5%8F%B2%E8%BF%B9%E5%8F%8A%E4%BB%A3%E8%A1%A8%E6%80%A7%E5%BB%BA%E7%AD%91 | different-title
7-1896-5-289,兴义刘氏庄园,兴义刘氏庄园,https://baike.baidu.com/view/1507575.htm,exact,,,,
7-1897-5-290,茅台酒酿酒工业遗产群,茅台酒酿酒工业遗产群,https://baike.baidu.com/item/%E8%8C%85%E5%8F%B0%E9%85%92%E9%85%BF%E9%85%92%E5%B7%A5%E4%B8%9A%E9%81%97%E4%BA%A7%E7%BE%A4,exact,,,,
7-1898-5-291,王若飞故居,王若飞故居,https://baike.baidu.com/view/289345.htm,exact,王若飞故居,https://zh.wikipedia.org/wiki/%E7%8E%8B%E8%8B%A5%E9%A3%9E%E6%95%85%E5%B1%85,exact,
7-1899-5-292,述洞独柱鼓楼,述洞独柱鼓楼,https://baike.baidu.com/item/%E8%BF%B0%E6%B4%9E%E7%8B%AC%E6%9F%B1%E9%BC%93%E6%A5%BC,exact,,,,
7-1900-5-293,福林堂,福林堂,https://baike.baidu.com/item/%E7%A6%8F%E6%9E%97%E5%A0%82/53223303,exact,福林堂,https://zh.wikipedia.org/wiki/%E7%A6%8F%E6%9E%97%E5%A0%82,exact,
7-1901-5-294,熊庆来故居,熊庆来故居,https://baike.baidu.com/view/10606219.htm,exact,熊庆来故居,https://zh.wikipedia.org/wiki/%E7%86%8A%E5%BA%86%E6%9D%A5%E6%95%85%E5%B1%85,exact,
7-1902-5-295,碧色寨车站,碧色寨站,https://baike.baidu.com/view/396795.htm,manual,,,,碧色寨站 | https://baike.baidu.com/view/396795.htm | different-title；昆河铁路 | https://zh.wikipedia.org/wiki/%E6%98%86%E6%B2%B3%E9%93%81%E8%B7%AF | different-title
7-1903-5-296,滇西军都督府旧址及叠园集刻,滇西军都督府旧址及叠园集刻,https://baike.baidu.com/item/%E6%BB%87%E8%A5%BF%E5%86%9B%E9%83%BD%E7%9D%A3%E5%BA%9C%E6%97%A7%E5%9D%80%E5%8F%8A%E5%8F%A0%E5%9B%AD%E9%9B%86%E5%88%BB,exact,,,,
7-1904-5-297,宝丰隆商号,宝丰隆商号,https://baike.baidu.com/item/%E5%AE%9D%E4%B8%B0%E9%9A%86%E5%95%86%E5%8F%B7,exact,,,,
7-1905-5-298,周家宅院,周家宅院,https://baike.baidu.com/item/%E5%91%A8%E5%AE%B6%E5%AE%85%E9%99%A2,exact,周家宅院,https://zh.wikipedia.org/wiki/%E5%91%A8%E5%AE%B6%E5%AE%85%E9%99%A2,exact,
7-1906-5-299,糯福教堂,糯福教堂,https://baike.baidu.com/view/10602218.htm,exact,糯福教堂,https://zh.wikipedia.org/wiki/%E7%B3%AF%E7%A6%8F%E6%95%99%E5%A0%82,exact,
7-1907-5-300,龙氏家祠,龙氏家祠,https://baike.baidu.com/view/9108716.htm,exact,,,,
7-1908-5-301,文兴祥商号旧址,文兴祥商号旧址,https://baike.baidu.com/item/%E6%96%87%E5%85%B4%E7%A5%A5%E5%95%86%E5%8F%B7%E6%97%A7%E5%9D%80,exact,,,,
7-1909-5-302,丹桂村中央红军总部驻地旧址与金沙江皎平渡口,丹桂村中央红军总部驻地旧址与金沙江皎平渡口,https://baike.baidu.com/item/%E4%B8%B9%E6%A1%82%E6%9D%91%E4%B8%AD%E5%A4%AE%E7%BA%A2%E5%86%9B%E6%80%BB%E9%83%A8%E9%A9%BB%E5%9C%B0%E6%97%A7%E5%9D%80%E4%B8%8E%E9%87%91%E6%B2%99%E6%B1%9F%E7%9A%8E%E5%B9%B3%E6%B8%A1%E5%8F%A3,exact,,,,
7-1910-5-303,陇西世族庄园,陇西世族庄园,https://baike.baidu.com/view/10602046.htm,exact,,,,
7-1911-5-304,扎木中心县委红楼,扎木中心县委红楼,https://baike.baidu.com/item/%E6%89%8E%E6%9C%A8%E4%B8%AD%E5%BF%83%E5%8E%BF%E5%A7%94%E7%BA%A2%E6%A5%BC,exact,扎木中心县委红楼,https://zh.wikipedia.org/wiki/%E6%89%8E%E6%9C%A8%E4%B8%AD%E5%BF%83%E5%8E%BF%E5%A7%94%E7%BA%A2%E6%A5%BC,exact,
7-1912-5-305,帕拉庄园,帕拉庄园,https://baike.baidu.com/view/183302.htm,exact,帕拉庄园,https://zh.wikipedia.org/wiki/%E5%B8%95%E6%8B%89%E5%BA%84%E5%9B%AD,exact,
7-1913-5-306,中央人民政府驻藏代表办公处旧址,中央人民政府驻藏代表办公处旧址,https://baike.baidu.com/item/%E4%B8%AD%E5%A4%AE%E4%BA%BA%E6%B0%91%E6%94%BF%E5%BA%9C%E9%A9%BB%E8%97%8F%E4%BB%A3%E8%A1%A8%E5%8A%9E%E5%85%AC%E5%A4%84%E6%97%A7%E5%9D%80,exact,中央人民政府驻藏代表办公处旧址,https://zh.wikipedia.org/wiki/%E4%B8%AD%E5%A4%AE%E4%BA%BA%E6%B0%91%E6%94%BF%E5%BA%9C%E9%A9%BB%E8%97%8F%E4%BB%A3%E8%A1%A8%E5%8A%9E%E5%85%AC%E5%A4%84%E6%97%A7%E5%9D%80,exact,
7-1914-5-307,青木川老街建筑群,青木川老街建筑群,https://baike.baidu.com/item/%E9%9D%92%E6%9C%A8%E5%B7%9D%E8%80%81%E8%A1%97%E5%BB%BA%E7%AD%91%E7%BE%A4,exact,,,,
7-1915-5-308,青木川魏氏庄园,青木川魏氏庄园,https://baike.baidu.com/item/%E9%9D%92%E6%9C%A8%E5%B7%9D%E9%AD%8F%E6%B0%8F%E5%BA%84%E5%9B%AD,exact,,,,
7-1916-5-309,陕甘边照金革命根据地旧址,陕甘边照金革命根据地旧址,https://baike.baidu.com/item/%E9%99%95%E7%94%98%E8%BE%B9%E7%85%A7%E9%87%91%E9%9D%A9%E5%91%BD%E6%A0%B9%E6%8D%AE%E5%9C%B0%E6%97%A7%E5%9D%80,exact,,,,
7-1917-5-310,杨虎城旧居,杨虎城旧居,https://baike.baidu.com/view/5700689.htm,exact,,,,
7-1918-5-311,安吴堡战时青年训练班革命旧址,安吴堡战时青年训练班革命旧址,https://baike.baidu.com/item/%E5%AE%89%E5%90%B4%E5%A0%A1%E6%88%98%E6%97%B6%E9%9D%92%E5%B9%B4%E8%AE%AD%E7%BB%83%E7%8F%AD%E9%9D%A9%E5%91%BD%E6%97%A7%E5%9D%80,exact,安吴堡战时青年训练班革命旧址,https://zh.wikipedia.org/wiki/%E5%AE%89%E5%90%B4%E5%A0%A1%E6%88%98%E6%97%B6%E9%9D%92%E5%B9%B4%E8%AE%AD%E7%BB%83%E7%8F%AD%E9%9D%A9%E5%91%BD%E6%97%A7%E5%9D%80,exact,
7-1919-5-312,宏道书院,宏道书院,https://baike.baidu.com/view/1003034.htm,exact,宏道书院,https://zh.wikipedia.org/wiki/%E5%AE%8F%E9%81%93%E4%B9%A6%E9%99%A2,exact,
7-1920-5-313,南梁陕甘边区革命政府旧址,南梁陕甘边区革命政府旧址,https://baike.baidu.com/view/11643600.htm,exact,,,,
7-1921-5-314,榜罗镇会议旧址,榜罗镇会议旧址,https://baike.baidu.com/view/11643795.htm,exact,榜罗镇会议旧址,https://zh.wikipedia.org/wiki/%E6%A6%9C%E7%BD%97%E9%95%87%E4%BC%9A%E8%AE%AE%E6%97%A7%E5%9D%80,exact,
7-1922-5-315,八路军兰州办事处旧址,八路军兰州办事处旧址,https://baike.baidu.com/view/14589475.htm,exact,八路军兰州办事处旧址,https://zh.wikipedia.org/wiki/%E5%85%AB%E8%B7%AF%E5%86%9B%E5%85%B0%E5%B7%9E%E5%8A%9E%E4%BA%8B%E5%A4%84%E6%97%A7%E5%9D%80,exact,
7-1923-5-316,玉门油田老一井,玉门油田老一井,https://baike.baidu.com/item/%E7%8E%89%E9%97%A8%E6%B2%B9%E7%94%B0%E8%80%81%E4%B8%80%E4%BA%95,exact,,,,
7-1924-5-317,临夏东公馆与蝴蝶楼,临夏东公馆与蝴蝶楼,https://baike.baidu.com/item/%E4%B8%B4%E5%A4%8F%E4%B8%9C%E5%85%AC%E9%A6%86%E4%B8%8E%E8%9D%B4%E8%9D%B6%E6%A5%BC,exact,,,,
7-1925-5-318,天佑德酒作坊,天佑德酒作坊,https://baike.baidu.com/item/%E5%A4%A9%E4%BD%91%E5%BE%B7%E9%85%92%E4%BD%9C%E5%9D%8A,exact,,,,
7-1926-5-319,青藏公路建设指挥部旧址（将军楼）,青藏公路建设指挥部旧址,https://baike.baidu.com/item/%E9%9D%92%E8%97%8F%E5%85%AC%E8%B7%AF%E5%BB%BA%E8%AE%BE%E6%8C%87%E6%8C%A5%E9%83%A8%E6%97%A7%E5%9D%80,related-location,,,,
7-1927-5-320,新疆第一口油井,新疆第一口油井,https://baike.baidu.com/view/10376345.htm,exact,新疆第一口油井,https://zh.wikipedia.org/wiki/%E6%96%B0%E7%96%86%E7%AC%AC%E4%B8%80%E5%8F%A3%E6%B2%B9%E4%BA%95,exact,
7-1928-5-321,于田艾提卡清真寺,于田艾提卡清真寺,https://baike.baidu.com/item/%E4%BA%8E%E7%94%B0%E8%89%BE%E6%8F%90%E5%8D%A1%E6%B8%85%E7%9C%9F%E5%AF%BA,exact,,,,
7-1929-5-322,吐尔迪·阿吉庄园,吐尔迪·阿吉庄园,https://baike.baidu.com/item/%E5%90%90%E5%B0%94%E8%BF%AA%C2%B7%E9%98%BF%E5%90%89%E5%BA%84%E5%9B%AD,exact,,,,
7-1930-5-323,满汗王府,满汗王府,https://baike.baidu.com/view/6958880.htm,exact,满汗王府,https://zh.wikipedia.org/wiki/%E6%BB%A1%E6%B1%97%E7%8E%8B%E5%BA%9C,exact,
7-1931-5-324,八路军驻新疆办事处旧址,八路军驻新疆办事处旧址,https://baike.baidu.com/item/%E5%85%AB%E8%B7%AF%E5%86%9B%E9%A9%BB%E6%96%B0%E7%96%86%E5%8A%9E%E4%BA%8B%E5%A4%84%E6%97%A7%E5%9D%80,exact,八路军驻新疆办事处旧址,https://zh.wikipedia.org/wiki/%E5%85%AB%E8%B7%AF%E5%86%9B%E9%A9%BB%E6%96%B0%E7%96%86%E5%8A%9E%E4%BA%8B%E5%A4%84%E6%97%A7%E5%9D%80,exact,
7-1932-5-325,三区革命政府旧址,,,,三区革命政府旧址,https://zh.wikipedia.org/wiki/%E4%B8%89%E5%8C%BA%E9%9D%A9%E5%91%BD%E6%94%BF%E5%BA%9C%E6%97%A7%E5%9D%80,exact,三区革命政府政治文化活动中心旧址 | https://baike.baidu.com/view/4940692.htm | different-title
7-1933-5-326,小李庄军垦旧址,小李庄军垦旧址,https://baike.baidu.com/item/%E5%B0%8F%E6%9D%8E%E5%BA%84%E5%86%9B%E5%9E%A6%E6%97%A7%E5%9D%80,exact,小李庄军垦旧址,https://zh.wikipedia.org/wiki/%E5%B0%8F%E6%9D%8E%E5%BA%84%E5%86%9B%E5%9E%A6%E6%97%A7%E5%9D%80,exact,
7-1934-5-327,克拉玛依一号井,克拉玛依一号井,https://baike.baidu.com/view/977828.htm,exact,克拉玛依一号井,https://zh.wikipedia.org/wiki/%E5%85%8B%E6%8B%89%E7%8E%9B%E4%BE%9D%E4%B8%80%E5%8F%B7%E4%BA%95,exact,
7-1935-5-328,新疆人民剧场,新疆人民剧场,https://baike.baidu.com/view/1653103.htm,exact,新疆人民剧场,https://zh.wikipedia.org/wiki/%E6%96%B0%E7%96%86%E4%BA%BA%E6%B0%91%E5%89%A7%E5%9C%BA,exact,
7-1936-5-329,红山核武器试爆指挥中心旧址,红山核武器试爆指挥中心旧址,https://baike.baidu.com/item/%E7%BA%A2%E5%B1%B1%E6%A0%B8%E6%AD%A6%E5%99%A8%E8%AF%95%E7%88%86%E6%8C%87%E6%8C%A5%E4%B8%AD%E5%BF%83%E6%97%A7%E5%9D%80,exact,红山核武器试爆指挥中心旧址,https://zh.wikipedia.org/wiki/%E7%BA%A2%E5%B1%B1%E6%A0%B8%E6%AD%A6%E5%99%A8%E8%AF%95%E7%88%86%E6%8C%87%E6%8C%A5%E4%B8%AD%E5%BF%83%E6%97%A7%E5%9D%80,exact,
7-1937-6-001,稷山大佛,稷山大佛,https://baike.baidu.com/item/%E7%A8%B7%E5%B1%B1%E5%A4%A7%E4%BD%9B,exact,稷山大佛,https://zh.wikipedia.org/wiki/%E7%A8%B7%E5%B1%B1%E5%A4%A7%E4%BD%9B,exact,
7-1938-6-002,西湖十景,西湖十景,https://baike.baidu.com/subview/46431/46431.htm,exact,,,,
7-1939-6-003,洋浦盐田,洋浦盐田,https://baike.baidu.com/item/%E6%B4%8B%E6%B5%A6%E7%9B%90%E7%94%B0,exact,洋浦盐田,https://zh.wikipedia.org/wiki/%E6%B4%8B%E6%B5%A6%E7%9B%90%E7%94%B0,exact,
7-1940-6-004,重安江水碾群,重安江水碾群,https://baike.baidu.com/view/9184253.htm,exact,,,,
7-1941-6-005,景迈古茶园,景迈古茶园,https://baike.baidu.com/item/%E6%99%AF%E8%BF%88%E5%8F%A4%E8%8C%B6%E5%9B%AD,exact,,,,
7-1942-6-006,红河哈尼梯田,红河哈尼梯田,https://baike.baidu.com/view/9547234.htm,exact,红河哈尼梯田,https://zh.wikipedia.org/wiki/%E7%BA%A2%E6%B2%B3%E5%93%88%E5%B0%BC%E6%A2%AF%E7%94%B0,exact,
7-1943-6-007,芒康县盐井古盐田,芒康县盐井古盐田,https://baike.baidu.com/item/%E8%8A%92%E5%BA%B7%E5%8E%BF%E7%9B%90%E4%BA%95%E5%8F%A4%E7%9B%90%E7%94%B0,exact,,,,
7-1991-5-330,北京市八宝山革命公墓,北京市八宝山革命公墓,https://baike.baidu.com/item/%E5%8C%97%E4%BA%AC%E5%B8%82%E5%85%AB%E5%AE%9D%E5%B1%B1%E9%9D%A9%E5%91%BD%E5%85%AC%E5%A2%93,exact,北京市八宝山革命公墓,https://zh.wikipedia.org/wiki/%E5%8C%97%E4%BA%AC%E5%B8%82%E5%85%AB%E5%AE%9D%E5%B1%B1%E9%9D%A9%E5%91%BD%E5%85%AC%E5%A2%93,exact,
8-0001-1-001,上宅遗址,上宅遗址,https://baike.baidu.com/view/14344417.htm,exact,,,,
8-0002-1-002,郛堤城遗址,郛堤城遗址,https://baike.baidu.com/item/%E9%83%9B%E5%A0%A4%E5%9F%8E%E9%81%97%E5%9D%80,exact,,,,
8-0003-1-003,贝州故城遗址,贝州故城遗址,https://baike.baidu.com/item/%E8%B4%9D%E5%B7%9E%E6%95%85%E5%9F%8E%E9%81%97%E5%9D%80,exact,,,,
8-0004-1-004,太子城遗址,太子城遗址,https://baike.baidu.com/item/%E5%A4%AA%E5%AD%90%E5%9F%8E%E9%81%97%E5%9D%80,exact,太子城遗址,https://zh.wikipedia.org/wiki/%E5%A4%AA%E5%AD%90%E5%9F%8E%E9%81%97%E5%9D%80,exact,
8-0005-1-005,西土城遗址,西土城遗址,https://baike.baidu.com/item/%E8%A5%BF%E5%9C%9F%E5%9F%8E%E9%81%97%E5%9D%80,exact,西土城遗址,https://zh.wikipedia.org/wiki/%E8%A5%BF%E5%9C%9F%E5%9F%8E%E9%81%97%E5%9D%80,exact,
8-0006-1-006,峙峪遗址,峙峪遗址,https://baike.baidu.com/view/392022.htm,exact,峙峪遗址,https://zh.wikipedia.org/wiki/%E5%B3%99%E5%B3%AA%E9%81%97%E5%9D%80,exact,
8-0007-1-007,碧村遗址,碧村遗址,https://baike.baidu.com/item/%E7%A2%A7%E6%9D%91%E9%81%97%E5%9D%80,exact,碧村遗址,https://zh.wikipedia.org/wiki/%E7%A2%A7%E6%9D%91%E9%81%97%E5%9D%80,exact,
8-0008-1-008,大河口遗址,大河口遗址,https://baike.baidu.com/item/%E5%A4%A7%E6%B2%B3%E5%8F%A3%E9%81%97%E5%9D%80,exact,大河口遗址,https://zh.wikipedia.org/wiki/%E5%A4%A7%E6%B2%B3%E5%8F%A3%E9%81%97%E5%9D%80,exact,
8-0009-1-009,南梁古城遗址,南梁古城遗址,https://baike.baidu.com/item/%E5%8D%97%E6%A2%81%E5%8F%A4%E5%9F%8E%E9%81%97%E5%9D%80,exact,南梁古城遗址,https://zh.wikipedia.org/wiki/%E5%8D%97%E6%A2%81%E5%8F%A4%E5%9F%8E%E9%81%97%E5%9D%80,exact,
8-0010-1-010,苇沟—北寿城遗址,苇沟—北寿城遗址,https://baike.baidu.com/item/%E8%8B%87%E6%B2%9F%E2%80%94%E5%8C%97%E5%AF%BF%E5%9F%8E%E9%81%97%E5%9D%80,exact,,,,
8-0011-1-011,解梁故城遗址,解梁故城遗址,https://baike.baidu.com/item/%E8%A7%A3%E6%A2%81%E6%95%85%E5%9F%8E%E9%81%97%E5%9D%80,exact,,,,
8-0012-1-012,童子寺遗址,童子寺遗址,https://baike.baidu.com/item/%E7%AB%A5%E5%AD%90%E5%AF%BA%E9%81%97%E5%9D%80,exact,童子寺遗址,https://zh.wikipedia.org/wiki/%E7%AB%A5%E5%AD%90%E5%AF%BA%E9%81%97%E5%9D%80,exact,
8-0013-1-013,蒙山开化寺遗址,蒙山开化寺遗址,https://baike.baidu.com/item/%E8%92%99%E5%B1%B1%E5%BC%80%E5%8C%96%E5%AF%BA%E9%81%97%E5%9D%80,exact,,,,
8-0014-1-014,汾阳宫遗址,汾阳宫遗址,https://baike.baidu.com/view/2007934.htm,exact,汾阳宫遗址,https://zh.wikipedia.org/wiki/%E6%B1%BE%E9%98%B3%E5%AE%AB%E9%81%97%E5%9D%80,exact,
8-0015-1-015,岔河口遗址,岔河口遗址,https://baike.baidu.com/item/%E5%B2%94%E6%B2%B3%E5%8F%A3%E9%81%97%E5%9D%80,exact,,,,
8-0016-1-016,哈民遗址,哈民遗址,https://baike.baidu.com/item/%E5%93%88%E6%B0%91%E9%81%97%E5%9D%80,exact,,,,
8-0017-1-017,丰州故城遗址,丰州故城遗址,https://baike.baidu.com/view/512504.htm,exact,,,,
8-0018-1-018,鸽子洞遗址,鸽子洞遗址,https://baike.baidu.com/view/222033.htm,exact,,,,
8-0019-1-019,张店古城遗址,张店古城遗址,https://baike.baidu.com/item/%E5%BC%A0%E5%BA%97%E5%8F%A4%E5%9F%8E%E9%81%97%E5%9D%80,exact,张店古城遗址,https://zh.wikipedia.org/wiki/%E5%BC%A0%E5%BA%97%E5%8F%A4%E5%9F%8E%E9%81%97%E5%9D%80,exact,
8-0020-1-020,三燕龙城遗址,三燕龙城遗址,https://baike.baidu.com/item/%E4%B8%89%E7%87%95%E9%BE%99%E5%9F%8E%E9%81%97%E5%9D%80,exact,三燕龙城遗址,https://zh.wikipedia.org/wiki/%E4%B8%89%E7%87%95%E9%BE%99%E5%9F%8E%E9%81%97%E5%9D%80,exact,
8-0021-1-021,卧龙山山城遗址,卧龙山山城遗址,https://baike.baidu.com/item/%E5%8D%A7%E9%BE%99%E5%B1%B1%E5%B1%B1%E5%9F%8E%E9%81%97%E5%9D%80,exact,,,,
8-0022-1-022,萨尔浒城遗址,萨尔浒城遗址,https://baike.baidu.com/item/%E8%90%A8%E5%B0%94%E6%B5%92%E5%9F%8E%E9%81%97%E5%9D%80,exact,,,,
8-0023-1-023,和龙大洞遗址,和龙大洞遗址,https://baike.baidu.com/item/%E5%92%8C%E9%BE%99%E5%A4%A7%E6%B4%9E%E9%81%97%E5%9D%80,exact,和龙大洞遗址,https://zh.wikipedia.org/wiki/%E5%92%8C%E9%BE%99%E5%A4%A7%E6%B4%9E%E9%81%97%E5%9D%80,exact,
8-0024-1-024,后套木嘎遗址,后套木嘎遗址,https://baike.baidu.com/item/%E5%90%8E%E5%A5%97%E6%9C%A8%E5%98%8E%E9%81%97%E5%9D%80,exact,后套木嘎遗址,https://zh.wikipedia.org/wiki/%E5%90%8E%E5%A5%97%E6%9C%A8%E5%98%8E%E9%81%97%E5%9D%80,exact,
8-0025-1-025,农安五台山遗址,农安五台山遗址,https://baike.baidu.com/item/%E5%86%9C%E5%AE%89%E4%BA%94%E5%8F%B0%E5%B1%B1%E9%81%97%E5%9D%80,exact,五台山遗址,https://zh.wikipedia.org/wiki/%E4%BA%94%E5%8F%B0%E5%B1%B1%E9%81%97%E5%9D%80,redirect,
8-0026-1-026,大海猛遗址,大海猛遗址,https://baike.baidu.com/item/%E5%A4%A7%E6%B5%B7%E7%8C%9B%E9%81%97%E5%9D%80,exact,大海猛遗址,https://zh.wikipedia.org/wiki/%E5%A4%A7%E6%B5%B7%E7%8C%9B%E9%81%97%E5%9D%80,exact,
8-0027-1-027,东团山遗址,东团山遗址,https://baike.baidu.com/view/973916.htm,exact,东团山遗址,https://zh.wikipedia.org/wiki/%E4%B8%9C%E5%9B%A2%E5%B1%B1%E9%81%97%E5%9D%80,exact,
8-0028-1-028,霸王朝山城遗址,霸王朝山城遗址,https://baike.baidu.com/item/%E9%9C%B8%E7%8E%8B%E6%9C%9D%E5%B1%B1%E5%9F%8E%E9%81%97%E5%9D%80,exact,,,,
8-0029-1-029,长白山神庙遗址,长白山神庙遗址,https://baike.baidu.com/item/%E9%95%BF%E7%99%BD%E5%B1%B1%E7%A5%9E%E5%BA%99%E9%81%97%E5%9D%80,exact,长白山神庙遗址,https://zh.wikipedia.org/wiki/%E9%95%BF%E7%99%BD%E5%B1%B1%E7%A5%9E%E5%BA%99%E9%81%97%E5%9D%80,exact,
8-0030-1-030,小南山遗址,小南山遗址,https://baike.baidu.com/item/%E5%B0%8F%E5%8D%97%E5%B1%B1%E9%81%97%E5%9D%80,exact,,,,
8-0031-1-031,新开流遗址,新开流遗址,https://baike.baidu.com/view/407969.htm,exact,,,,
8-0032-1-032,洪河遗址,洪河遗址,https://baike.baidu.com/item/%E6%B4%AA%E6%B2%B3%E9%81%97%E5%9D%80,exact,,,,
8-0033-1-033,锅盔山山城遗址,锅盔山山城遗址,https://baike.baidu.com/item/%E9%94%85%E7%9B%94%E5%B1%B1%E5%B1%B1%E5%9F%8E%E9%81%97%E5%9D%80,exact,,,,
8-0034-1-034,青龙镇遗址,青龙镇遗址,https://baike.baidu.com/view/10105376.htm,exact,青龙镇遗址,https://zh.wikipedia.org/wiki/%E9%9D%92%E9%BE%99%E9%95%87%E9%81%97%E5%9D%80,exact,
8-0035-1-035,顺山集遗址,顺山集遗址,https://baike.baidu.com/view/4825267.htm,exact,顺山集遗址,https://zh.wikipedia.org/wiki/%E9%A1%BA%E5%B1%B1%E9%9B%86%E9%81%97%E5%9D%80,exact,
8-0036-1-036,韩井遗址,韩井遗址,https://baike.baidu.com/item/%E9%9F%A9%E4%BA%95%E9%81%97%E5%9D%80,exact,,,,
8-0037-1-037,蒋庄遗址,蒋庄遗址,https://baike.baidu.com/item/%E8%92%8B%E5%BA%84%E9%81%97%E5%9D%80/17530104,exact,,,,
8-0038-1-038,寺墩遗址,寺墩遗址,https://baike.baidu.com/view/113934.htm,exact,寺墩遗址,https://zh.wikipedia.org/wiki/%E5%AF%BA%E5%A2%A9%E9%81%97%E5%9D%80,exact,
8-0039-1-039,下邳故城遗址,下邳故城遗址,https://baike.baidu.com/item/%E4%B8%8B%E9%82%B3%E6%95%85%E5%9F%8E%E9%81%97%E5%9D%80,exact,,,,
8-0040-1-040,鲤鱼山—老虎岭水坝遗址,鲤鱼山—老虎岭水坝遗址,https://baike.baidu.com/item/%E9%B2%A4%E9%B1%BC%E5%B1%B1%E2%80%94%E8%80%81%E8%99%8E%E5%B2%AD%E6%B0%B4%E5%9D%9D%E9%81%97%E5%9D%80,exact,,,,
8-0041-1-041,嘉兴子城遗址,嘉兴子城遗址,https://baike.baidu.com/item/%E5%98%89%E5%85%B4%E5%AD%90%E5%9F%8E%E9%81%97%E5%9D%80,exact,,,,
8-0042-1-042,坦头窑遗址,坦头窑遗址,https://baike.baidu.com/item/%E5%9D%A6%E5%A4%B4%E7%AA%91%E9%81%97%E5%9D%80,exact,坦头窑遗址,https://zh.wikipedia.org/wiki/%E5%9D%A6%E5%A4%B4%E7%AA%91%E9%81%97%E5%9D%80,exact,
8-0043-1-043,沙埠窑遗址,沙埠窑遗址,https://baike.baidu.com/item/%E6%B2%99%E5%9F%A0%E7%AA%91%E9%81%97%E5%9D%80,exact,,,,
8-0044-1-044,华龙洞遗址,华龙洞遗址,https://baike.baidu.com/view/10529075.htm,exact,华龙洞遗址,https://zh.wikipedia.org/wiki/%E5%8D%8E%E9%BE%99%E6%B4%9E%E9%81%97%E5%9D%80,exact,
8-0045-1-045,金寨遗址,金寨遗址,https://baike.baidu.com/item/%E9%87%91%E5%AF%A8%E9%81%97%E5%9D%80,exact,,,,
8-0046-1-046,台家寺遗址,台家寺遗址,https://baike.baidu.com/view/7958842.htm,exact,台家寺遗址,https://zh.wikipedia.org/wiki/%E5%8F%B0%E5%AE%B6%E5%AF%BA%E9%81%97%E5%9D%80,exact,
8-0047-1-047,汤家墩遗址,汤家墩遗址,https://baike.baidu.com/view/11627960.htm,exact,,,,
8-0048-1-048,合肥曹魏新城遗址,合肥曹魏新城遗址,https://baike.baidu.com/item/%E5%90%88%E8%82%A5%E6%9B%B9%E9%AD%8F%E6%96%B0%E5%9F%8E%E9%81%97%E5%9D%80,exact,合肥曹魏新城遗址,https://zh.wikipedia.org/wiki/%E5%90%88%E8%82%A5%E6%9B%B9%E9%AD%8F%E6%96%B0%E5%9F%8E%E9%81%97%E5%9D%80,exact,
8-0049-1-049,壳丘头遗址群,壳丘头遗址群,https://baike.baidu.com/item/%E5%A3%B3%E4%B8%98%E5%A4%B4%E9%81%97%E5%9D%80%E7%BE%A4,exact,壳丘头遗址群,https://zh.wikipedia.org/wiki/%E5%A3%B3%E4%B8%98%E5%A4%B4%E9%81%97%E5%9D%80%E7%BE%A4,exact,
8-0050-1-050,岩仔洞遗址,岩仔洞遗址,https://baike.baidu.com/item/%E5%B2%A9%E4%BB%94%E6%B4%9E%E9%81%97%E5%9D%80,exact,,,,
8-0051-1-051,苦寨坑窑遗址,苦寨坑窑遗址,https://baike.baidu.com/item/%E8%8B%A6%E5%AF%A8%E5%9D%91%E7%AA%91%E9%81%97%E5%9D%80,exact,,,,
8-0052-1-052,武夷山闽赣古驿道,武夷山闽赣古驿道,https://baike.baidu.com/item/%E6%AD%A6%E5%A4%B7%E5%B1%B1%E9%97%BD%E8%B5%A3%E5%8F%A4%E9%A9%BF%E9%81%93,exact,武夷山闽赣古驿道,https://zh.wikipedia.org/wiki/%E6%AD%A6%E5%A4%B7%E5%B1%B1%E9%97%BD%E8%B5%A3%E5%8F%A4%E9%A9%BF%E9%81%93,exact,
8-0053-1-053,宝丰银矿遗址,宝丰银矿遗址,https://baike.baidu.com/item/%E5%AE%9D%E4%B8%B0%E9%93%B6%E7%9F%BF%E9%81%97%E5%9D%80,exact,宝丰银矿遗址,https://zh.wikipedia.org/wiki/%E5%AE%9D%E4%B8%B0%E9%93%B6%E7%9F%BF%E9%81%97%E5%9D%80,exact,
8-0054-1-054,白鹤岭福温古道,白鹤岭福温古道,https://baike.baidu.com/item/%E7%99%BD%E9%B9%A4%E5%B2%AD%E7%A6%8F%E6%B8%A9%E5%8F%A4%E9%81%93,exact,白鹤岭福温古道,https://zh.wikipedia.org/wiki/%E7%99%BD%E9%B9%A4%E5%B2%AD%E7%A6%8F%E6%B8%A9%E5%8F%A4%E9%81%93,exact,
8-0055-1-055,东溪窑遗址,东溪窑遗址,https://baike.baidu.com/item/%E4%B8%9C%E6%BA%AA%E7%AA%91%E9%81%97%E5%9D%80,exact,东溪窑遗址,https://zh.wikipedia.org/wiki/%E4%B8%9C%E6%BA%AA%E7%AA%91%E9%81%97%E5%9D%80,exact,
8-0056-1-056,老虎墩遗址,老虎墩遗址,https://baike.baidu.com/view/4875778.htm,exact,,,,
8-0057-1-057,山背遗址,山背遗址,https://baike.baidu.com/view/11823642.htm,exact,山背遗址,https://zh.wikipedia.org/wiki/%E5%B1%B1%E8%83%8C%E9%81%97%E5%9D%80,exact,
8-0058-1-058,锅底山遗址,锅底山遗址,https://baike.baidu.com/item/%E9%94%85%E5%BA%95%E5%B1%B1%E9%81%97%E5%9D%80,exact,锅底山遗址,https://zh.wikipedia.org/wiki/%E9%94%85%E5%BA%95%E5%B1%B1%E9%81%97%E5%9D%80,exact,
8-0059-1-059,南窑遗址,南窑遗址,https://baike.baidu.com/item/%E5%8D%97%E7%AA%91%E9%81%97%E5%9D%80,exact,,,,
8-0060-1-060,五府山银铅矿遗址,五府山银铅矿遗址,https://baike.baidu.com/item/%E4%BA%94%E5%BA%9C%E5%B1%B1%E9%93%B6%E9%93%85%E7%9F%BF%E9%81%97%E5%9D%80,exact,五府山银铅矿遗址,https://zh.wikipedia.org/wiki/%E4%BA%94%E5%BA%9C%E5%B1%B1%E9%93%B6%E9%93%85%E7%9F%BF%E9%81%97%E5%9D%80,exact,
8-0061-1-061,邱家庄遗址,邱家庄遗址,https://baike.baidu.com/view/9161771.htm,exact,邱家庄遗址,https://zh.wikipedia.org/wiki/%E9%82%B1%E5%AE%B6%E5%BA%84%E9%81%97%E5%9D%80,exact,
8-0062-1-062,焦家遗址,焦家遗址,https://baike.baidu.com/view/6805873.htm,exact,焦家遗址,https://zh.wikipedia.org/wiki/%E7%84%A6%E5%AE%B6%E9%81%97%E5%9D%80,exact,
8-0063-1-063,汶阳遗址,汶阳遗址,https://baike.baidu.com/view/4011164.htm,exact,汶阳遗址,https://zh.wikipedia.org/wiki/%E6%B1%B6%E9%98%B3%E9%81%97%E5%9D%80,exact,
8-0064-1-064,岗上遗址,岗上遗址,https://baike.baidu.com/subview/2045395/2045395.htm,exact,岗上遗址,https://zh.wikipedia.org/wiki/%E5%B2%97%E4%B8%8A%E9%81%97%E5%9D%80,exact,
8-0065-1-065,十里铺北堌堆遗址,十里铺北堌堆遗址,https://baike.baidu.com/item/%E5%8D%81%E9%87%8C%E9%93%BA%E5%8C%97%E5%A0%8C%E5%A0%86%E9%81%97%E5%9D%80,exact,,,,
8-0066-1-066,呙宋台遗址,呙宋台遗址,https://baike.baidu.com/view/8075600.htm,exact,呙宋台遗址,https://zh.wikipedia.org/wiki/%E5%91%99%E5%AE%8B%E5%8F%B0%E9%81%97%E5%9D%80,exact,
8-0067-1-067,梁堌堆遗址,梁堌堆遗址,https://baike.baidu.com/view/2738971.htm,exact,梁堌堆遗址,https://zh.wikipedia.org/wiki/%E6%A2%81%E5%A0%8C%E5%A0%86%E9%81%97%E5%9D%80,exact,
8-0068-1-068,刘台子遗址,刘台子遗址,https://baike.baidu.com/view/2721492.htm,exact,刘台子遗址,https://zh.wikipedia.org/wiki/%E5%88%98%E5%8F%B0%E5%AD%90%E9%81%97%E5%9D%80,exact,
8-0069-1-069,曲城故城遗址,曲城故城遗址,https://baike.baidu.com/item/%E6%9B%B2%E5%9F%8E%E6%95%85%E5%9F%8E%E9%81%97%E5%9D%80,exact,曲城故城遗址,https://zh.wikipedia.org/wiki/%E6%9B%B2%E5%9F%8E%E6%95%85%E5%9F%8E%E9%81%97%E5%9D%80,exact,
8-0070-1-070,高密故城遗址,高密故城遗址,https://baike.baidu.com/item/%E9%AB%98%E5%AF%86%E6%95%85%E5%9F%8E%E9%81%97%E5%9D%80,exact,,,,
8-0071-1-071,卞国故城遗址,卞国故城遗址,https://baike.baidu.com/item/%E5%8D%9E%E5%9B%BD%E6%95%85%E5%9F%8E%E9%81%97%E5%9D%80,exact,,,,
8-0072-1-072,少昊陵及景灵宫遗址,少昊陵及景灵宫遗址,https://baike.baidu.com/item/%E5%B0%91%E6%98%8A%E9%99%B5%E5%8F%8A%E6%99%AF%E7%81%B5%E5%AE%AB%E9%81%97%E5%9D%80,exact,,,,
8-0073-1-073,凫山羲皇庙遗址,凫山羲皇庙遗址,https://baike.baidu.com/item/%E5%87%AB%E5%B1%B1%E7%BE%B2%E7%9A%87%E5%BA%99%E9%81%97%E5%9D%80,exact,凫山羲皇庙遗址,https://zh.wikipedia.org/wiki/%E5%87%AB%E5%B1%B1%E7%BE%B2%E7%9A%87%E5%BA%99%E9%81%97%E5%9D%80,exact,
8-0074-1-074,东镇庙大殿遗址,东镇庙大殿遗址,https://baike.baidu.com/item/%E4%B8%9C%E9%95%87%E5%BA%99%E5%A4%A7%E6%AE%BF%E9%81%97%E5%9D%80,exact,东镇庙,https://zh.wikipedia.org/wiki/%E4%B8%9C%E9%95%87%E5%BA%99,redirect,
8-0075-1-075,孙家洞遗址,孙家洞遗址,https://baike.baidu.com/view/12104022.htm,exact,,,,
8-0076-1-076,老奶奶庙遗址,老奶奶庙遗址,https://baike.baidu.com/item/%E8%80%81%E5%A5%B6%E5%A5%B6%E5%BA%99%E9%81%97%E5%9D%80,exact,,,,
8-0077-1-077,后高老家遗址,后高老家遗址,https://baike.baidu.com/view/6060214.htm,exact,,,,
8-0078-1-078,苏羊遗址,苏羊遗址,https://baike.baidu.com/view/976782.htm,exact,,,,
8-0079-1-079,老坟岗遗址,老坟岗遗址,https://baike.baidu.com/view/1012452.htm,exact,,,,
8-0080-1-080,阎村遗址,阎村遗址,https://baike.baidu.com/view/2773682.htm,exact,,,,
8-0081-1-081,史官遗址,史官遗址,https://baike.baidu.com/item/%E5%8F%B2%E5%AE%98%E9%81%97%E5%9D%80,exact,,,,
8-0082-1-082,鹤壁刘庄遗址,鹤壁刘庄遗址,https://baike.baidu.com/view/11624338.htm,exact,,,,
8-0083-1-083,淮阳双冢遗址,淮阳双冢遗址,https://baike.baidu.com/item/%E6%B7%AE%E9%98%B3%E5%8F%8C%E5%86%A2%E9%81%97%E5%9D%80,exact,,,,
8-0084-1-084,西史村遗址,西史村遗址,https://baike.baidu.com/view/3237752.htm,exact,,,,
8-0085-1-085,闰楼遗址,闰楼遗址,https://baike.baidu.com/item/%E9%97%B0%E6%A5%BC%E9%81%97%E5%9D%80,exact,,,,
8-0086-1-086,浚县辛村遗址,浚县辛村遗址,https://baike.baidu.com/item/%E6%B5%9A%E5%8E%BF%E8%BE%9B%E6%9D%91%E9%81%97%E5%9D%80,exact,,,,
8-0087-1-087,官庄遗址,官庄遗址,https://baike.baidu.com/subview/4051937/4051937.htm,exact,,,,
8-0088-1-088,阳城故城遗址,阳城故城遗址,https://baike.baidu.com/view/4187395.htm,exact,,,,
8-0089-1-089,保安古城遗址,保安古城遗址,https://baike.baidu.com/item/%E4%BF%9D%E5%AE%89%E5%8F%A4%E5%9F%8E%E9%81%97%E5%9D%80,exact,,,,
8-0090-1-090,新安故城遗址,新安故城遗址,https://baike.baidu.com/item/%E6%96%B0%E5%AE%89%E6%95%85%E5%9F%8E%E9%81%97%E5%9D%80,exact,,,,
8-0091-1-091,黎阳故城遗址,黎阳故城遗址,https://baike.baidu.com/item/%E9%BB%8E%E9%98%B3%E6%95%85%E5%9F%8E%E9%81%97%E5%9D%80,exact,,,,
8-0092-1-092,崤函古道石壕段,崤函古道石壕段,https://baike.baidu.com/item/%E5%B4%A4%E5%87%BD%E5%8F%A4%E9%81%93%E7%9F%B3%E5%A3%95%E6%AE%B5,exact,,,,
8-0093-1-093,窑沟遗址,窑沟遗址,https://baike.baidu.com/item/%E7%AA%91%E6%B2%9F%E9%81%97%E5%9D%80,exact,,,,
8-0094-1-094,东沟窑遗址,东沟窑遗址,https://baike.baidu.com/item/%E4%B8%9C%E6%B2%9F%E7%AA%91%E9%81%97%E5%9D%80,exact,,,,
8-0095-1-095,白龙洞遗址,白龙洞遗址,https://baike.baidu.com/item/%E7%99%BD%E9%BE%99%E6%B4%9E%E9%81%97%E5%9D%80,exact,,,,
8-0096-1-096,凤凰咀遗址,凤凰咀遗址,https://baike.baidu.com/item/%E5%87%A4%E5%87%B0%E5%92%80%E9%81%97%E5%9D%80,exact,,,,
8-0097-1-097,庙台子遗址,庙台子遗址,https://baike.baidu.com/item/%E5%BA%99%E5%8F%B0%E5%AD%90%E9%81%97%E5%9D%80,exact,,,,
8-0098-1-098,青山遗址,青山遗址,https://baike.baidu.com/view/10784888.htm,exact,,,,
8-0099-1-099,襄樊码头遗址,襄樊码头遗址,https://baike.baidu.com/item/%E8%A5%84%E6%A8%8A%E7%A0%81%E5%A4%B4%E9%81%97%E5%9D%80,exact,,,,
8-0100-1-100,杉龙岗遗址,杉龙岗遗址,https://baike.baidu.com/item/%E6%9D%89%E9%BE%99%E5%B2%97%E9%81%97%E5%9D%80,exact,杉龙岗遗址,https://zh.wikipedia.org/wiki/%E6%9D%89%E9%BE%99%E5%B2%97%E9%81%97%E5%9D%80,exact,
8-0101-1-101,车轱山遗址,车轱山遗址,https://baike.baidu.com/view/8066536.htm,exact,车轱山遗址,https://zh.wikipedia.org/wiki/%E8%BD%A6%E8%BD%B1%E5%B1%B1%E9%81%97%E5%9D%80,exact,
8-0102-1-102,磨山遗址,磨山遗址,https://baike.baidu.com/item/%E7%A3%A8%E5%B1%B1%E9%81%97%E5%9D%80,exact,,,,
8-0103-1-103,优周岗遗址,优周岗遗址,https://baike.baidu.com/view/8398597.htm,exact,,,,
8-0104-1-104,马栏嘴遗址,马栏嘴遗址,https://baike.baidu.com/item/%E9%A9%AC%E6%A0%8F%E5%98%B4%E9%81%97%E5%9D%80,exact,,,,
8-0105-1-105,益阳故城遗址,益阳故城遗址,https://baike.baidu.com/item/%E7%9B%8A%E9%98%B3%E6%95%85%E5%9F%8E%E9%81%97%E5%9D%80,exact,,,,
8-0106-1-106,窑头古城遗址,窑头古城遗址,https://baike.baidu.com/item/%E7%AA%91%E5%A4%B4%E5%8F%A4%E5%9F%8E%E9%81%97%E5%9D%80,exact,,,,
8-0107-1-107,渡头古城遗址,渡头古城遗址,https://baike.baidu.com/item/%E6%B8%A1%E5%A4%B4%E5%8F%A4%E5%9F%8E%E9%81%97%E5%9D%80,exact,,,,
8-0108-1-108,岳州窑遗址,岳州窑遗址,https://baike.baidu.com/view/5998711.htm,exact,岳州窑,https://zh.wikipedia.org/wiki/%E5%B2%B3%E5%B7%9E%E7%AA%91,redirect,
8-0109-1-109,衡山窑遗址,衡山窑遗址,https://baike.baidu.com/item/%E8%A1%A1%E5%B1%B1%E7%AA%91%E9%81%97%E5%9D%80,exact,,,,
8-0110-1-110,桐木岭矿冶遗址,桐木岭矿冶遗址,https://baike.baidu.com/item/%E6%A1%90%E6%9C%A8%E5%B2%AD%E7%9F%BF%E5%86%B6%E9%81%97%E5%9D%80,exact,,,,
8-0111-1-111,磨刀山遗址,磨刀山遗址,https://baike.baidu.com/view/14176974.htm,exact,,,,
8-0112-1-112,青塘遗址,青塘遗址,https://baike.baidu.com/item/%E9%9D%92%E5%A1%98%E9%81%97%E5%9D%80,exact,青塘遗址,https://zh.wikipedia.org/wiki/%E9%9D%92%E5%A1%98%E9%81%97%E5%9D%80,exact,
8-0113-1-113,东莞村头遗址,东莞村头遗址,https://baike.baidu.com/item/%E4%B8%9C%E8%8E%9E%E6%9D%91%E5%A4%B4%E9%81%97%E5%9D%80,exact,,,,
8-0114-1-114,狮雄山遗址,狮雄山遗址,https://baike.baidu.com/item/%E7%8B%AE%E9%9B%84%E5%B1%B1%E9%81%97%E5%9D%80,exact,狮雄山建筑遗址,https://zh.wikipedia.org/wiki/%E7%8B%AE%E9%9B%84%E5%B1%B1%E5%BB%BA%E7%AD%91%E9%81%97%E5%9D%80,redirect,
8-0115-1-115,石望铸钱遗址,石望铸钱遗址,https://baike.baidu.com/item/%E7%9F%B3%E6%9C%9B%E9%93%B8%E9%92%B1%E9%81%97%E5%9D%80,exact,,,,
8-0116-1-116,乳源西京古道,乳源西京古道,https://baike.baidu.com/item/%E4%B9%B3%E6%BA%90%E8%A5%BF%E4%BA%AC%E5%8F%A4%E9%81%93,exact,,,,
8-0117-1-117,西樵山采石场遗址,西樵山采石场遗址,https://baike.baidu.com/view/972247.htm,exact,,,,
8-0118-1-118,娅怀洞遗址,娅怀洞遗址,https://baike.baidu.com/item/%E5%A8%85%E6%80%80%E6%B4%9E%E9%81%97%E5%9D%80,exact,,,,
8-0119-1-119,大岩遗址,大岩遗址,https://baike.baidu.com/view/11822946.htm,exact,大岩遗址,https://zh.wikipedia.org/wiki/%E5%A4%A7%E5%B2%A9%E9%81%97%E5%9D%80,exact,
8-0120-1-120,父子岩遗址,父子岩遗址,https://baike.baidu.com/item/%E7%88%B6%E5%AD%90%E5%B2%A9%E9%81%97%E5%9D%80,exact,,,,
8-0121-1-121,桥山遗址,桥山遗址,https://baike.baidu.com/item/%E6%A1%A5%E5%B1%B1%E9%81%97%E5%9D%80,exact,,,,
8-0122-1-122,金银岛沉船遗址,金银岛沉船遗址,https://baike.baidu.com/item/%E9%87%91%E9%93%B6%E5%B2%9B%E6%B2%89%E8%88%B9%E9%81%97%E5%9D%80,exact,,,,
8-0123-1-123,定安故城遗址,定安古城,https://baike.baidu.com/item/%E5%AE%9A%E5%AE%89%E5%8F%A4%E5%9F%8E,manual,,,,定安古城 | https://baike.baidu.com/item/%E5%AE%9A%E5%AE%89%E5%8F%A4%E5%9F%8E | different-title；楼兰故城遗址 | https://zh.wikipedia.org/wiki/%E6%A5%BC%E5%85%B0%E6%95%85%E5%9F%8E%E9%81%97%E5%9D%80 | different-title
8-0124-1-124,珊瑚岛沉船遗址,珊瑚岛沉船遗址,https://baike.baidu.com/item/%E7%8F%8A%E7%91%9A%E5%B2%9B%E6%B2%89%E8%88%B9%E9%81%97%E5%9D%80,exact,,,,
8-0125-1-125,玉米洞遗址,玉米洞遗址,https://baike.baidu.com/item/%E7%8E%89%E7%B1%B3%E6%B4%9E%E9%81%97%E5%9D%80,exact,玉米洞遗址,https://zh.wikipedia.org/wiki/%E7%8E%89%E7%B1%B3%E6%B4%9E%E9%81%97%E5%9D%80,exact,
8-0126-1-126,白帝城遗址,白帝城遗址,https://baike.baidu.com/item/%E7%99%BD%E5%B8%9D%E5%9F%8E%E9%81%97%E5%9D%80,exact,,,,
8-0127-1-127,大宁盐场遗址,大宁盐场遗址,https://baike.baidu.com/item/%E5%A4%A7%E5%AE%81%E7%9B%90%E5%9C%BA%E9%81%97%E5%9D%80,exact,,,,
8-0128-1-128,中子铺遗址,中子铺遗址,https://baike.baidu.com/item/%E4%B8%AD%E5%AD%90%E9%93%BA%E9%81%97%E5%9D%80,exact,,,,
8-0129-1-129,高山古城遗址,高山古城遗址,https://baike.baidu.com/item/%E9%AB%98%E5%B1%B1%E5%8F%A4%E5%9F%8E%E9%81%97%E5%9D%80,exact,高山古城遗址,https://zh.wikipedia.org/wiki/%E9%AB%98%E5%B1%B1%E5%8F%A4%E5%9F%8E%E9%81%97%E5%9D%80,exact,
8-0130-1-130,绵竹故城遗址,绵竹故城遗址,https://baike.baidu.com/item/%E7%BB%B5%E7%AB%B9%E6%95%85%E5%9F%8E%E9%81%97%E5%9D%80,exact,,,,
8-0131-1-131,甘棠箐遗址,甘棠箐遗址,https://baike.baidu.com/item/%E7%94%98%E6%A3%A0%E7%AE%90%E9%81%97%E5%9D%80,exact,甘棠箐遗址,https://zh.wikipedia.org/wiki/%E7%94%98%E6%A3%A0%E7%AE%90%E9%81%97%E5%9D%80,exact,
8-0132-1-132,河泊所遗址,河泊所遗址,https://baike.baidu.com/item/%E6%B2%B3%E6%B3%8A%E6%89%80%E9%81%97%E5%9D%80,exact,河泊所遗址,https://zh.wikipedia.org/wiki/%E6%B2%B3%E6%B3%8A%E6%89%80%E9%81%97%E5%9D%80,exact,
8-0133-1-133,大甸山遗址,大甸山遗址,https://baike.baidu.com/item/%E5%A4%A7%E7%94%B8%E5%B1%B1%E9%81%97%E5%9D%80,exact,大甸山遗址,https://zh.wikipedia.org/wiki/%E5%A4%A7%E7%94%B8%E5%B1%B1%E9%81%97%E5%9D%80,exact,
8-0134-1-134,大波那遗址,大波那遗址,https://baike.baidu.com/item/%E5%A4%A7%E6%B3%A2%E9%82%A3%E9%81%97%E5%9D%80,exact,大波那遗址,https://zh.wikipedia.org/wiki/%E5%A4%A7%E6%B3%A2%E9%82%A3%E9%81%97%E5%9D%80,exact,
8-0135-1-135,牡宜遗址,牡宜遗址,https://baike.baidu.com/item/%E7%89%A1%E5%AE%9C%E9%81%97%E5%9D%80,exact,牡宜遗址,https://zh.wikipedia.org/wiki/%E7%89%A1%E5%AE%9C%E9%81%97%E5%9D%80,exact,
8-0136-1-136,朱提故城遗址,朱提故城遗址,https://baike.baidu.com/item/%E6%9C%B1%E6%8F%90%E6%95%85%E5%9F%8E%E9%81%97%E5%9D%80,exact,,,,
8-0137-1-137,德源古城遗址,德源古城遗址,https://baike.baidu.com/item/%E5%BE%B7%E6%BA%90%E5%8F%A4%E5%9F%8E%E9%81%97%E5%9D%80,exact,德源古城遗址,https://zh.wikipedia.org/wiki/%E5%BE%B7%E6%BA%90%E5%8F%A4%E5%9F%8E%E9%81%97%E5%9D%80,exact,
8-0138-1-138,尼阿底遗址,尼阿底遗址,https://baike.baidu.com/item/%E5%B0%BC%E9%98%BF%E5%BA%95%E9%81%97%E5%9D%80,exact,尼阿底遗址,https://zh.wikipedia.org/wiki/%E5%B0%BC%E9%98%BF%E5%BA%95%E9%81%97%E5%9D%80,exact,
8-0139-1-139,杰顿珠宗遗址,杰顿珠宗遗址,https://baike.baidu.com/item/%E6%9D%B0%E9%A1%BF%E7%8F%A0%E5%AE%97%E9%81%97%E5%9D%80,exact,杰顿珠宗遗址,https://zh.wikipedia.org/wiki/%E6%9D%B0%E9%A1%BF%E7%8F%A0%E5%AE%97%E9%81%97%E5%9D%80,exact,
8-0140-1-140,芦山峁遗址,芦山峁遗址,https://baike.baidu.com/view/4255120.htm,exact,芦山峁遗址,https://zh.wikipedia.org/wiki/%E8%8A%A6%E5%B1%B1%E5%B3%81%E9%81%97%E5%9D%80,exact,
8-0141-1-141,刘家洼遗址,刘家洼遗址,https://baike.baidu.com/item/%E5%88%98%E5%AE%B6%E6%B4%BC%E9%81%97%E5%9D%80,exact,刘家洼遗址,https://zh.wikipedia.org/wiki/%E5%88%98%E5%AE%B6%E6%B4%BC%E9%81%97%E5%9D%80,exact,
8-0142-1-142,东马坊遗址,东马坊遗址,https://baike.baidu.com/item/%E4%B8%9C%E9%A9%AC%E5%9D%8A%E9%81%97%E5%9D%80,exact,,,,
8-0143-1-143,中渭桥遗址,中渭桥遗址,https://baike.baidu.com/item/%E4%B8%AD%E6%B8%AD%E6%A1%A5%E9%81%97%E5%9D%80,exact,,,,
8-0144-1-144,血池遗址,血池遗址,https://baike.baidu.com/item/%E8%A1%80%E6%B1%A0%E9%81%97%E5%9D%80,exact,,,,
8-0145-1-145,孙家南头仓储遗址,孙家南头仓储遗址,https://baike.baidu.com/item/%E5%AD%99%E5%AE%B6%E5%8D%97%E5%A4%B4%E4%BB%93%E5%82%A8%E9%81%97%E5%9D%80,exact,,,,
8-0146-1-146,柳巷城遗址,柳巷城遗址,https://baike.baidu.com/item/%E6%9F%B3%E5%B7%B7%E5%9F%8E%E9%81%97%E5%9D%80,exact,,,,
8-0147-1-147,西灰山遗址,西灰山遗址,https://baike.baidu.com/item/%E8%A5%BF%E7%81%B0%E5%B1%B1%E9%81%97%E5%9D%80,exact,西灰山遗址,https://zh.wikipedia.org/wiki/%E8%A5%BF%E7%81%B0%E5%B1%B1%E9%81%97%E5%9D%80,exact,
8-0148-1-148,石家及遇村遗址,石家及遇村遗址,https://baike.baidu.com/item/%E7%9F%B3%E5%AE%B6%E5%8F%8A%E9%81%87%E6%9D%91%E9%81%97%E5%9D%80,exact,,,,
8-0149-1-149,毛家坪遗址,毛家坪遗址,https://baike.baidu.com/item/%E6%AF%9B%E5%AE%B6%E5%9D%AA%E9%81%97%E5%9D%80,exact,毛家坪遗址,https://zh.wikipedia.org/wiki/%E6%AF%9B%E5%AE%B6%E5%9D%AA%E9%81%97%E5%9D%80,exact,
8-0150-1-150,马鬃山玉矿遗址,马鬃山玉矿遗址,https://baike.baidu.com/view/11623495.htm,exact,,,,
8-0151-1-151,小川瓷窑遗址,小川瓷窑遗址,https://baike.baidu.com/item/%E5%B0%8F%E5%B7%9D%E7%93%B7%E7%AA%91%E9%81%97%E5%9D%80,exact,,,,
8-0152-1-152,尕海古城遗址,尕海古城遗址,https://baike.baidu.com/view/2686952.htm,exact,,,,
8-0153-1-153,伏俟城遗址,伏俟城遗址,https://baike.baidu.com/view/11695014.htm,exact,伏俟城,https://zh.wikipedia.org/wiki/%E4%BC%8F%E4%BF%9F%E5%9F%8E,redirect,
8-0154-1-154,考肖图古城遗址,考肖图古城遗址,https://baike.baidu.com/item/%E8%80%83%E8%82%96%E5%9B%BE%E5%8F%A4%E5%9F%8E%E9%81%97%E5%9D%80,exact,,,,
8-0155-1-155,姚河塬遗址,姚河塬遗址,https://baike.baidu.com/item/%E5%A7%9A%E6%B2%B3%E5%A1%AC%E9%81%97%E5%9D%80,exact,姚河塬遗址,https://zh.wikipedia.org/wiki/%E5%A7%9A%E6%B2%B3%E5%A1%AC%E9%81%97%E5%9D%80,exact,
8-0156-1-156,通天洞遗址,通天洞遗址,https://baike.baidu.com/item/%E9%80%9A%E5%A4%A9%E6%B4%9E%E9%81%97%E5%9D%80,exact,通天洞遗址,https://zh.wikipedia.org/wiki/%E9%80%9A%E5%A4%A9%E6%B4%9E%E9%81%97%E5%9D%80,exact,
8-0157-1-157,吉仁台沟口遗址,吉仁台沟口遗址,https://baike.baidu.com/item/%E5%90%89%E4%BB%81%E5%8F%B0%E6%B2%9F%E5%8F%A3%E9%81%97%E5%9D%80,exact,吉仁台沟口遗址,https://zh.wikipedia.org/wiki/%E5%90%89%E4%BB%81%E5%8F%B0%E6%B2%9F%E5%8F%A3%E9%81%97%E5%9D%80,exact,
8-0158-1-158,卓尔库特古城遗址,卓尔库特古城遗址,https://baike.baidu.com/item/%E5%8D%93%E5%B0%94%E5%BA%93%E7%89%B9%E5%8F%A4%E5%9F%8E%E9%81%97%E5%9D%80,exact,卓尔库特古城遗址,https://zh.wikipedia.org/wiki/%E5%8D%93%E5%B0%94%E5%BA%93%E7%89%B9%E5%8F%A4%E5%9F%8E%E9%81%97%E5%9D%80,exact,
8-0159-1-159,博格达沁古城遗址,博格达沁古城遗址,https://baike.baidu.com/item/%E5%8D%9A%E6%A0%BC%E8%BE%BE%E6%B2%81%E5%8F%A4%E5%9F%8E%E9%81%97%E5%9D%80,exact,,,,
8-0160-1-160,阔纳协海尔古城遗址,阔纳协海尔古城遗址,https://baike.baidu.com/item/%E9%98%94%E7%BA%B3%E5%8D%8F%E6%B5%B7%E5%B0%94%E5%8F%A4%E5%9F%8E%E9%81%97%E5%9D%80,exact,,,,
8-0161-1-161,乌什吐尔和夏合吐尔遗址,乌什吐尔和夏合吐尔遗址,https://baike.baidu.com/item/%E4%B9%8C%E4%BB%80%E5%90%90%E5%B0%94%E5%92%8C%E5%A4%8F%E5%90%88%E5%90%90%E5%B0%94%E9%81%97%E5%9D%80,exact,乌什吐尔和夏合吐尔遗址,https://zh.wikipedia.org/wiki/%E4%B9%8C%E4%BB%80%E5%90%90%E5%B0%94%E5%92%8C%E5%A4%8F%E5%90%88%E5%90%90%E5%B0%94%E9%81%97%E5%9D%80,exact,
8-0162-1-162,公主堡古城遗址,公主堡古城遗址,https://baike.baidu.com/item/%E5%85%AC%E4%B8%BB%E5%A0%A1%E5%8F%A4%E5%9F%8E%E9%81%97%E5%9D%80,exact,,,,
8-0163-1-163,霍拉山佛寺遗址,霍拉山佛寺遗址,https://baike.baidu.com/item/%E9%9C%8D%E6%8B%89%E5%B1%B1%E4%BD%9B%E5%AF%BA%E9%81%97%E5%9D%80,exact,,,,
8-0164-1-164,拉甫却克古城遗址,拉甫却克古城遗址,https://baike.baidu.com/item/%E6%8B%89%E7%94%AB%E5%8D%B4%E5%85%8B%E5%8F%A4%E5%9F%8E%E9%81%97%E5%9D%80,exact,,,,
8-0165-1-165,小央达克协海尔古城遗址,小央达克协海尔古城遗址,https://baike.baidu.com/item/%E5%B0%8F%E5%A4%AE%E8%BE%BE%E5%85%8B%E5%8D%8F%E6%B5%B7%E5%B0%94%E5%8F%A4%E5%9F%8E%E9%81%97%E5%9D%80,exact,,,,
8-0166-1-166,玛纳斯古城遗址,玛纳斯古城遗址,https://baike.baidu.com/item/%E7%8E%9B%E7%BA%B3%E6%96%AF%E5%8F%A4%E5%9F%8E%E9%81%97%E5%9D%80,exact,玛纳斯古城遗址,https://zh.wikipedia.org/wiki/%E7%8E%9B%E7%BA%B3%E6%96%AF%E5%8F%A4%E5%9F%8E%E9%81%97%E5%9D%80,exact,
8-0167-1-167,巴里坤故城遗址,巴里坤故城遗址,https://baike.baidu.com/item/%E5%B7%B4%E9%87%8C%E5%9D%A4%E6%95%85%E5%9F%8E%E9%81%97%E5%9D%80,exact,,,,
8-0168-2-001,醇亲王墓,醇亲王墓,https://baike.baidu.com/view/22538.htm,exact,醇亲王墓,https://zh.wikipedia.org/wiki/%E9%86%87%E4%BA%B2%E7%8E%8B%E5%A2%93,exact,
8-0169-2-002,北张庄墓群,北张庄墓群,https://baike.baidu.com/item/%E5%8C%97%E5%BC%A0%E5%BA%84%E5%A2%93%E7%BE%A4,exact,北张庄墓群,https://zh.wikipedia.org/wiki/%E5%8C%97%E5%BC%A0%E5%BA%84%E5%A2%93%E7%BE%A4,exact,
8-0170-2-003,陶寺北墓地,陶寺北墓地,https://baike.baidu.com/item/%E9%99%B6%E5%AF%BA%E5%8C%97%E5%A2%93%E5%9C%B0,exact,,,,
8-0171-2-004,沙岭墓群,沙岭墓群,https://baike.baidu.com/item/%E6%B2%99%E5%B2%AD%E5%A2%93%E7%BE%A4,exact,沙岭墓群,https://zh.wikipedia.org/wiki/%E6%B2%99%E5%B2%AD%E5%A2%93%E7%BE%A4,exact,
8-0172-2-005,马鬃山墓群,马鬃山墓群,https://baike.baidu.com/item/%E9%A9%AC%E9%AC%83%E5%B1%B1%E5%A2%93%E7%BE%A4,exact,,,,
8-0173-2-006,医巫闾山辽陵,医巫闾山辽陵,https://baike.baidu.com/item/%E5%8C%BB%E5%B7%AB%E9%97%BE%E5%B1%B1%E8%BE%BD%E9%99%B5,exact,,,,
8-0174-2-007,喀喇沁右翼旗蒙古王陵,喀喇沁右翼旗蒙古王陵,https://baike.baidu.com/item/%E5%96%80%E5%96%87%E6%B2%81%E5%8F%B3%E7%BF%BC%E6%97%97%E8%92%99%E5%8F%A4%E7%8E%8B%E9%99%B5,exact,,,,
8-0175-2-008,良茂墓群,良茂墓群,https://baike.baidu.com/item/%E8%89%AF%E8%8C%82%E5%A2%93%E7%BE%A4,exact,良茂墓群,https://zh.wikipedia.org/wiki/%E8%89%AF%E8%8C%82%E5%A2%93%E7%BE%A4,exact,
8-0176-2-009,隋炀帝墓,隋炀帝墓,https://baike.baidu.com/view/8285994.htm,exact,,,,
8-0177-2-010,洞阳东吴墓,洞阳东吴墓,https://baike.baidu.com/item/%E6%B4%9E%E9%98%B3%E4%B8%9C%E5%90%B4%E5%A2%93,exact,,,,
8-0178-2-011,吴复墓,吴复墓,https://baike.baidu.com/view/1822068.htm,exact,吴复墓,https://zh.wikipedia.org/wiki/%E5%90%B4%E5%A4%8D%E5%A2%93,exact,
8-0179-2-012,百崎郭氏墓群,百崎郭氏墓群,https://baike.baidu.com/item/%E7%99%BE%E5%B4%8E%E9%83%AD%E6%B0%8F%E5%A2%93%E7%BE%A4,exact,百崎郭氏墓群,https://zh.wikipedia.org/wiki/%E7%99%BE%E5%B4%8E%E9%83%AD%E6%B0%8F%E5%A2%93%E7%BE%A4,exact,
8-0180-2-013,纪王崮墓群,纪王崮墓群,https://baike.baidu.com/item/%E7%BA%AA%E7%8E%8B%E5%B4%AE%E5%A2%93%E7%BE%A4,exact,纪王崮墓群,https://zh.wikipedia.org/wiki/%E7%BA%AA%E7%8E%8B%E5%B4%AE%E5%A2%93%E7%BE%A4,exact,
8-0181-2-014,金山汉墓群,金山汉墓群,https://baike.baidu.com/item/%E9%87%91%E5%B1%B1%E6%B1%89%E5%A2%93%E7%BE%A4,exact,,,,
8-0182-2-015,天湖墓地,天湖墓地,https://baike.baidu.com/view/956177.htm,exact,,,,
8-0183-2-016,徐阳墓地,徐阳墓地,https://baike.baidu.com/item/%E5%BE%90%E9%98%B3%E5%A2%93%E5%9C%B0,exact,,,,
8-0184-2-017,西朱村曹魏墓,西朱村曹魏墓,https://baike.baidu.com/item/%E8%A5%BF%E6%9C%B1%E6%9D%91%E6%9B%B9%E9%AD%8F%E5%A2%93,exact,西朱村曹魏墓,https://zh.wikipedia.org/wiki/%E8%A5%BF%E6%9C%B1%E6%9D%91%E6%9B%B9%E9%AD%8F%E5%A2%93,exact,
8-0185-2-018,义地岗墓群,义地岗墓群,https://baike.baidu.com/item/%E4%B9%89%E5%9C%B0%E5%B2%97%E5%A2%93%E7%BE%A4,exact,,,,
8-0186-2-019,毕昇墓,毕昇墓,https://baike.baidu.com/item/%E6%AF%95%E6%98%87%E5%A2%93,exact,,,,
8-0187-2-020,汨罗山墓群,汨罗山墓群,https://baike.baidu.com/item/%E6%B1%A8%E7%BD%97%E5%B1%B1%E5%A2%93%E7%BE%A4,exact,,,,
8-0188-2-021,蒋家山墓葬,蒋家山墓葬,https://baike.baidu.com/item/%E8%92%8B%E5%AE%B6%E5%B1%B1%E5%A2%93%E8%91%AC,exact,蒋家山墓葬,https://zh.wikipedia.org/wiki/%E8%92%8B%E5%AE%B6%E5%B1%B1%E5%A2%93%E8%91%AC,exact,
8-0189-2-022,赛典赤·赡思丁墓,赛典赤·赡思丁墓,https://baike.baidu.com/item/%E8%B5%9B%E5%85%B8%E8%B5%A4%C2%B7%E8%B5%A1%E6%80%9D%E4%B8%81%E5%A2%93,exact,赛典赤·赡思丁墓,https://zh.wikipedia.org/wiki/%E8%B5%9B%E5%85%B8%E8%B5%A4%C2%B7%E8%B5%A1%E6%80%9D%E4%B8%81%E5%A2%93,exact,
8-0190-2-023,故如甲木墓地,故如甲木墓地,https://baike.baidu.com/item/%E6%95%85%E5%A6%82%E7%94%B2%E6%9C%A8%E5%A2%93%E5%9C%B0,exact,故如甲木墓地,https://zh.wikipedia.org/wiki/%E6%95%85%E5%A6%82%E7%94%B2%E6%9C%A8%E5%A2%93%E5%9C%B0,exact,
8-0191-2-024,石鼓山墓地,石鼓山墓地,https://baike.baidu.com/item/%E7%9F%B3%E9%BC%93%E5%B1%B1%E5%A2%93%E5%9C%B0,exact,,,,
8-0192-2-025,太公庙秦公墓,太公庙秦公墓,https://baike.baidu.com/item/%E5%A4%AA%E5%85%AC%E5%BA%99%E7%A7%A6%E5%85%AC%E5%A2%93,exact,,,,
8-0193-2-026,咸阳秦王陵,咸阳秦王陵,https://baike.baidu.com/item/%E5%92%B8%E9%98%B3%E7%A7%A6%E7%8E%8B%E9%99%B5,exact,,,,
8-0194-2-027,弘农杨氏家族墓地,弘农杨氏家族墓地,https://baike.baidu.com/item/%E5%BC%98%E5%86%9C%E6%9D%A8%E6%B0%8F%E5%AE%B6%E6%97%8F%E5%A2%93%E5%9C%B0,exact,,,,
8-0195-2-028,杨震家族墓地,杨震家族墓地,https://baike.baidu.com/item/%E6%9D%A8%E9%9C%87%E5%AE%B6%E6%97%8F%E5%A2%93%E5%9C%B0,exact,,,,
8-0196-2-029,吴挺墓,吴挺墓,https://baike.baidu.com/item/%E5%90%B4%E6%8C%BA%E5%A2%93,exact,吴挺墓,https://zh.wikipedia.org/wiki/%E5%90%B4%E6%8C%BA%E5%A2%93,exact,
8-0197-2-030,吉尔赞喀勒墓地,吉尔赞喀勒墓地,https://baike.baidu.com/item/%E5%90%89%E5%B0%94%E8%B5%9E%E5%96%80%E5%8B%92%E5%A2%93%E5%9C%B0,exact,吉尔赞喀勒墓地,https://zh.wikipedia.org/wiki/%E5%90%89%E5%B0%94%E8%B5%9E%E5%96%80%E5%8B%92%E5%A2%93%E5%9C%B0,exact,
8-0198-3-001,长椿寺,长椿寺,https://baike.baidu.com/subview/1027149/1027149.htm,exact,,,,
8-0199-3-002,智珠寺,智珠寺,https://baike.baidu.com/view/342126.htm,exact,智珠寺,https://zh.wikipedia.org/wiki/%E6%99%BA%E7%8F%A0%E5%AF%BA,exact,
8-0200-3-003,北京湖广会馆,北京湖广会馆,https://baike.baidu.com/view/516039.htm,exact,北京湖广会馆,https://zh.wikipedia.org/wiki/%E5%8C%97%E4%BA%AC%E6%B9%96%E5%B9%BF%E4%BC%9A%E9%A6%86,exact,
8-0201-3-004,武安舍利塔,武安舍利塔,https://baike.baidu.com/view/481346.htm,exact,武安舍利塔,https://zh.wikipedia.org/wiki/%E6%AD%A6%E5%AE%89%E8%88%8D%E5%88%A9%E5%A1%94,exact,
8-0202-3-005,涞水龙严寺塔,涞水龙严寺塔,https://baike.baidu.com/item/%E6%B6%9E%E6%B0%B4%E9%BE%99%E4%B8%A5%E5%AF%BA%E5%A1%94,exact,涞水龙严寺塔,https://zh.wikipedia.org/wiki/%E6%B6%9E%E6%B0%B4%E9%BE%99%E4%B8%A5%E5%AF%BA%E5%A1%94,exact,
8-0203-3-006,邢台清风楼,邢台清风楼,https://baike.baidu.com/view/1863575.htm,exact,邢台清风楼,https://zh.wikipedia.org/wiki/%E9%82%A2%E5%8F%B0%E6%B8%85%E9%A3%8E%E6%A5%BC,exact,
8-0204-3-007,正定梁氏宗祠,正定梁氏宗祠,https://baike.baidu.com/item/%E6%AD%A3%E5%AE%9A%E6%A2%81%E6%B0%8F%E5%AE%97%E7%A5%A0,exact,正定梁氏宗祠,https://zh.wikipedia.org/wiki/%E6%AD%A3%E5%AE%9A%E6%A2%81%E6%B0%8F%E5%AE%97%E7%A5%A0,exact,
8-0205-3-008,涉县清泉寺,涉县清泉寺,https://baike.baidu.com/item/%E6%B6%89%E5%8E%BF%E6%B8%85%E6%B3%89%E5%AF%BA,exact,涉县清泉寺,https://zh.wikipedia.org/wiki/%E6%B6%89%E5%8E%BF%E6%B8%85%E6%B3%89%E5%AF%BA,exact,
8-0206-3-009,上党西岩寺塔,上党西岩寺塔,https://baike.baidu.com/item/%E4%B8%8A%E5%85%9A%E8%A5%BF%E5%B2%A9%E5%AF%BA%E5%A1%94,exact,上党西岩寺塔,https://zh.wikipedia.org/wiki/%E4%B8%8A%E5%85%9A%E8%A5%BF%E5%B2%A9%E5%AF%BA%E5%A1%94,exact,
8-0207-3-010,栖岩寺塔林,栖岩寺塔林,https://baike.baidu.com/item/%E6%A0%96%E5%B2%A9%E5%AF%BA%E5%A1%94%E6%9E%97,exact,,,,
8-0208-3-011,泽州崇寿寺,泽州崇寿寺,https://baike.baidu.com/item/%E6%B3%BD%E5%B7%9E%E5%B4%87%E5%AF%BF%E5%AF%BA,exact,,,,
8-0209-3-012,上党长春玉皇庙,上党长春玉皇庙,https://baike.baidu.com/item/%E4%B8%8A%E5%85%9A%E9%95%BF%E6%98%A5%E7%8E%89%E7%9A%87%E5%BA%99,exact,上党长春玉皇庙,https://zh.wikipedia.org/wiki/%E4%B8%8A%E5%85%9A%E9%95%BF%E6%98%A5%E7%8E%89%E7%9A%87%E5%BA%99,exact,
8-0210-3-013,昔阳离相寺,昔阳离相寺,https://baike.baidu.com/item/%E6%98%94%E9%98%B3%E7%A6%BB%E7%9B%B8%E5%AF%BA,exact,昔阳离相寺,https://zh.wikipedia.org/wiki/%E6%98%94%E9%98%B3%E7%A6%BB%E7%9B%B8%E5%AF%BA,exact,
8-0211-3-014,原平普济桥,原平普济桥,https://baike.baidu.com/item/%E5%8E%9F%E5%B9%B3%E6%99%AE%E6%B5%8E%E6%A1%A5,exact,,,,
8-0212-3-015,平定马齿岩寺,平定马齿岩寺,https://baike.baidu.com/item/%E5%B9%B3%E5%AE%9A%E9%A9%AC%E9%BD%BF%E5%B2%A9%E5%AF%BA,exact,平定马齿岩寺,https://zh.wikipedia.org/wiki/%E5%B9%B3%E5%AE%9A%E9%A9%AC%E9%BD%BF%E5%B2%A9%E5%AF%BA,exact,
8-0213-3-016,新绛寿圣寺大殿,新绛寿圣寺大殿,https://baike.baidu.com/item/%E6%96%B0%E7%BB%9B%E5%AF%BF%E5%9C%A3%E5%AF%BA%E5%A4%A7%E6%AE%BF,exact,,,,
8-0214-3-017,长子文庙大成殿,长子文庙大成殿,https://baike.baidu.com/item/%E9%95%BF%E5%AD%90%E6%96%87%E5%BA%99%E5%A4%A7%E6%88%90%E6%AE%BF,exact,,,,
8-0215-3-018,峪口圣母庙,峪口圣母庙,https://baike.baidu.com/view/2010564.htm,exact,峪口圣母庙,https://zh.wikipedia.org/wiki/%E5%B3%AA%E5%8F%A3%E5%9C%A3%E6%AF%8D%E5%BA%99,exact,
8-0216-3-019,盂北泰山庙,盂北泰山庙,https://baike.baidu.com/item/%E7%9B%82%E5%8C%97%E6%B3%B0%E5%B1%B1%E5%BA%99,exact,盂北泰山庙,https://zh.wikipedia.org/wiki/%E7%9B%82%E5%8C%97%E6%B3%B0%E5%B1%B1%E5%BA%99,exact,
8-0217-3-020,潦河头关帝庙,潦河头关帝庙,https://baike.baidu.com/item/%E6%BD%A6%E6%B2%B3%E5%A4%B4%E5%85%B3%E5%B8%9D%E5%BA%99,exact,潦河头关帝庙,https://zh.wikipedia.org/wiki/%E6%BD%A6%E6%B2%B3%E5%A4%B4%E5%85%B3%E5%B8%9D%E5%BA%99,exact,
8-0218-3-021,西社卫公庙,西社卫公庙,https://baike.baidu.com/item/%E8%A5%BF%E7%A4%BE%E5%8D%AB%E5%85%AC%E5%BA%99,exact,,,,
8-0219-3-022,西下庄昭泽王庙,西下庄昭泽王庙,https://baike.baidu.com/item/%E8%A5%BF%E4%B8%8B%E5%BA%84%E6%98%AD%E6%B3%BD%E7%8E%8B%E5%BA%99,exact,,,,
8-0220-3-023,武乡福源院,武乡福源院,https://baike.baidu.com/item/%E6%AD%A6%E4%B9%A1%E7%A6%8F%E6%BA%90%E9%99%A2,exact,武乡福源院,https://zh.wikipedia.org/wiki/%E6%AD%A6%E4%B9%A1%E7%A6%8F%E6%BA%90%E9%99%A2,exact,
8-0221-3-024,田庄全神庙,田庄全神庙,https://baike.baidu.com/item/%E7%94%B0%E5%BA%84%E5%85%A8%E7%A5%9E%E5%BA%99,exact,田庄全神庙,https://zh.wikipedia.org/wiki/%E7%94%B0%E5%BA%84%E5%85%A8%E7%A5%9E%E5%BA%99,exact,
8-0222-3-025,团东清化寺,团东清化寺,https://baike.baidu.com/item/%E5%9B%A2%E4%B8%9C%E6%B8%85%E5%8C%96%E5%AF%BA,exact,,,,
8-0223-3-026,梁村洪福寺,梁村洪福寺,https://baike.baidu.com/item/%E6%A2%81%E6%9D%91%E6%B4%AA%E7%A6%8F%E5%AF%BA,exact,梁村洪福寺,https://zh.wikipedia.org/wiki/%E6%A2%81%E6%9D%91%E6%B4%AA%E7%A6%8F%E5%AF%BA,exact,
8-0224-3-027,霍州祝圣寺,霍州祝圣寺,https://baike.baidu.com/view/14044060.htm,exact,,,,
8-0225-3-028,北辛舍利塔,北辛舍利塔,https://baike.baidu.com/view/1948561.htm,exact,北辛舍利塔,https://zh.wikipedia.org/wiki/%E5%8C%97%E8%BE%9B%E8%88%8D%E5%88%A9%E5%A1%94,exact,
8-0226-3-029,祁县镇河楼,祁县镇河楼,https://baike.baidu.com/item/%E7%A5%81%E5%8E%BF%E9%95%87%E6%B2%B3%E6%A5%BC,exact,,,,
8-0227-3-030,大武鼓楼,大武鼓楼,https://baike.baidu.com/item/%E5%A4%A7%E6%AD%A6%E9%BC%93%E6%A5%BC,exact,大武鼓楼,https://zh.wikipedia.org/wiki/%E5%A4%A7%E6%AD%A6%E9%BC%93%E6%A5%BC,exact,
8-0228-3-031,右玉宝宁寺,右玉宝宁寺,https://baike.baidu.com/item/%E5%8F%B3%E7%8E%89%E5%AE%9D%E5%AE%81%E5%AF%BA,exact,,,,
8-0229-3-032,汾阳关帝庙,汾阳关帝庙,https://baike.baidu.com/view/11766974.htm,exact,汾阳关帝庙,https://zh.wikipedia.org/wiki/%E6%B1%BE%E9%98%B3%E5%85%B3%E5%B8%9D%E5%BA%99,exact,
8-0230-3-033,胡家沟砖塔,胡家沟砖塔,https://baike.baidu.com/view/2010576.htm,exact,,,,
8-0231-3-034,普救寺塔,普救寺塔,https://baike.baidu.com/view/1993431.htm,exact,普救寺塔,https://zh.wikipedia.org/wiki/%E6%99%AE%E6%95%91%E5%AF%BA%E5%A1%94,exact,
8-0232-3-035,永济万固寺,永济万固寺,https://baike.baidu.com/view/479944.htm,exact,,,,
8-0233-3-036,繁峙琉璃塔,繁峙琉璃塔,https://baike.baidu.com/item/%E7%B9%81%E5%B3%99%E7%90%89%E7%92%83%E5%A1%94,exact,繁峙琉璃塔,https://zh.wikipedia.org/wiki/%E7%B9%81%E5%B3%99%E7%90%89%E7%92%83%E5%A1%94,exact,
8-0234-3-037,平城兴国寺,平城兴国寺,https://baike.baidu.com/item/%E5%B9%B3%E5%9F%8E%E5%85%B4%E5%9B%BD%E5%AF%BA,exact,平城兴国寺,https://zh.wikipedia.org/wiki/%E5%B9%B3%E5%9F%8E%E5%85%B4%E5%9B%BD%E5%AF%BA,exact,
8-0235-3-038,大同鼓楼,大同鼓楼,https://baike.baidu.com/view/176218.htm,exact,大同鼓楼,https://zh.wikipedia.org/wiki/%E5%A4%A7%E5%90%8C%E9%BC%93%E6%A5%BC,exact,
8-0236-3-039,西关三圣寺大殿,西关三圣寺大殿,https://baike.baidu.com/item/%E8%A5%BF%E5%85%B3%E4%B8%89%E5%9C%A3%E5%AF%BA%E5%A4%A7%E6%AE%BF,exact,,,,
8-0237-3-040,永济扁鹊庙,永济扁鹊庙,https://baike.baidu.com/item/%E6%B0%B8%E6%B5%8E%E6%89%81%E9%B9%8A%E5%BA%99,exact,,,,
8-0238-3-041,董村戏台,董村戏台,https://baike.baidu.com/view/1993456.htm,exact,,,,
8-0239-3-042,崞阳文庙,崞阳文庙,https://baike.baidu.com/view/2007359.htm,exact,崞阳文庙,https://zh.wikipedia.org/wiki/%E5%B4%9E%E9%98%B3%E6%96%87%E5%BA%99,exact,
8-0240-3-043,阳城文庙,阳城文庙,https://baike.baidu.com/view/765931.htm,exact,,,,
8-0241-3-044,长则普明寺,长则普明寺,https://baike.baidu.com/item/%E9%95%BF%E5%88%99%E6%99%AE%E6%98%8E%E5%AF%BA,exact,,,,
8-0242-3-045,热留关帝庙,热留关帝庙,https://baike.baidu.com/view/1688178.htm,exact,热留关帝庙,https://zh.wikipedia.org/wiki/%E7%83%AD%E7%95%99%E5%85%B3%E5%B8%9D%E5%BA%99,exact,
8-0243-3-046,阳曲轩辕庙,阳曲轩辕庙,https://baike.baidu.com/item/%E9%98%B3%E6%9B%B2%E8%BD%A9%E8%BE%95%E5%BA%99,exact,,,,
8-0244-3-047,霍州鼓楼,霍州鼓楼,https://baike.baidu.com/view/763657.htm,exact,,,,
8-0245-3-048,东姚温牌坊,东姚温牌坊,https://baike.baidu.com/item/%E4%B8%9C%E5%A7%9A%E6%B8%A9%E7%89%8C%E5%9D%8A,exact,东姚温牌坊,https://zh.wikipedia.org/wiki/%E4%B8%9C%E5%A7%9A%E6%B8%A9%E7%89%8C%E5%9D%8A,exact,
8-0246-3-049,阳城寿圣寺及琉璃塔,阳城寿圣寺及琉璃塔,https://baike.baidu.com/item/%E9%98%B3%E5%9F%8E%E5%AF%BF%E5%9C%A3%E5%AF%BA%E5%8F%8A%E7%90%89%E7%92%83%E5%A1%94,exact,,,,
8-0247-3-050,高平铁佛寺,高平铁佛寺,https://baike.baidu.com/view/463792.htm,exact,,,,
8-0248-3-051,墙下关帝庙,墙下关帝庙,https://baike.baidu.com/item/%E5%A2%99%E4%B8%8B%E5%85%B3%E5%B8%9D%E5%BA%99,exact,墙下关帝庙,https://zh.wikipedia.org/wiki/%E5%A2%99%E4%B8%8B%E5%85%B3%E5%B8%9D%E5%BA%99,exact,
8-0249-3-052,留晖洪福寺,留晖洪福寺,https://baike.baidu.com/view/2007334.htm,exact,留晖洪福寺,https://zh.wikipedia.org/wiki/%E7%95%99%E6%99%96%E6%B4%AA%E7%A6%8F%E5%AF%BA,exact,
8-0250-3-053,五台山南山寺,五台山南山寺,https://baike.baidu.com/view/485664.htm,exact,,,,
8-0251-3-054,静乐文庙,静乐文庙,https://baike.baidu.com/view/2007355.htm,exact,,,,
8-0252-3-055,汾阳后土圣母庙,汾阳后土圣母庙,https://baike.baidu.com/item/%E6%B1%BE%E9%98%B3%E5%90%8E%E5%9C%9F%E5%9C%A3%E6%AF%8D%E5%BA%99,exact,,,,
8-0253-3-056,于成龙故居,于成龙故居,https://baike.baidu.com/item/%E4%BA%8E%E6%88%90%E9%BE%99%E6%95%85%E5%B1%85,exact,于成龙故居,https://zh.wikipedia.org/wiki/%E4%BA%8E%E6%88%90%E9%BE%99%E6%95%85%E5%B1%85,exact,
8-0254-3-057,阳武朱氏牌楼,阳武朱氏牌楼,https://baike.baidu.com/item/%E9%98%B3%E6%AD%A6%E6%9C%B1%E6%B0%8F%E7%89%8C%E6%A5%BC,exact,,,,
8-0255-3-058,阮氏双碑楼,阮氏双碑楼,https://baike.baidu.com/item/%E9%98%AE%E6%B0%8F%E5%8F%8C%E7%A2%91%E6%A5%BC,exact,,,,
8-0256-3-059,解州同善义仓,解州同善义仓,https://baike.baidu.com/item/%E8%A7%A3%E5%B7%9E%E5%90%8C%E5%96%84%E4%B9%89%E4%BB%93,exact,,,,
8-0257-3-060,曲沃薛家大院,曲沃薛家大院,https://baike.baidu.com/item/%E6%9B%B2%E6%B2%83%E8%96%9B%E5%AE%B6%E5%A4%A7%E9%99%A2,exact,,,,
8-0258-3-061,怀覃会馆,怀覃会馆,https://baike.baidu.com/view/1386844.htm,exact,怀覃会馆,https://zh.wikipedia.org/wiki/%E6%80%80%E8%A6%83%E4%BC%9A%E9%A6%86,exact,
8-0259-3-062,五台山尊胜寺,五台山尊胜寺,https://baike.baidu.com/item/%E4%BA%94%E5%8F%B0%E5%B1%B1%E5%B0%8A%E8%83%9C%E5%AF%BA,exact,,,,
8-0260-3-063,昆都仑召,昆都仑召,https://baike.baidu.com/view/422544.htm,exact,昆都仑召,https://zh.wikipedia.org/wiki/%E6%98%86%E9%83%BD%E4%BB%91%E5%8F%AC,exact,
8-0261-3-064,朝阳南塔,朝阳南塔,https://baike.baidu.com/view/9885420.htm,exact,朝阳南塔,https://zh.wikipedia.org/wiki/%E6%9C%9D%E9%98%B3%E5%8D%97%E5%A1%94,exact,
8-0262-3-065,开原崇寿寺塔,开原崇寿寺塔,https://baike.baidu.com/item/%E5%BC%80%E5%8E%9F%E5%B4%87%E5%AF%BF%E5%AF%BA%E5%A1%94,exact,开原崇寿寺塔,https://zh.wikipedia.org/wiki/%E5%BC%80%E5%8E%9F%E5%B4%87%E5%AF%BF%E5%AF%BA%E5%A1%94,exact,
8-0263-3-066,永安石桥,永安石桥,https://baike.baidu.com/view/753291.htm,exact,,,,
8-0264-3-067,垂虹断桥,垂虹断桥,https://baike.baidu.com/item/%E5%9E%82%E8%99%B9%E6%96%AD%E6%A1%A5,exact,垂虹断桥,https://zh.wikipedia.org/wiki/%E5%9E%82%E8%99%B9%E6%96%AD%E6%A1%A5,exact,
8-0265-3-068,西方寺大殿,西方寺大殿,https://baike.baidu.com/item/%E8%A5%BF%E6%96%B9%E5%AF%BA%E5%A4%A7%E6%AE%BF,exact,西方寺大殿,https://zh.wikipedia.org/wiki/%E8%A5%BF%E6%96%B9%E5%AF%BA%E5%A4%A7%E6%AE%BF,exact,
8-0266-3-069,常熟言子祠,常熟言子祠,https://baike.baidu.com/item/%E5%B8%B8%E7%86%9F%E8%A8%80%E5%AD%90%E7%A5%A0,exact,常熟言子祠,https://zh.wikipedia.org/wiki/%E5%B8%B8%E7%86%9F%E8%A8%80%E5%AD%90%E7%A5%A0,exact,
8-0267-3-070,洑溪徐氏宗祠,洑溪徐氏宗祠,https://baike.baidu.com/item/%E6%B4%91%E6%BA%AA%E5%BE%90%E6%B0%8F%E5%AE%97%E7%A5%A0,exact,洑溪徐氏宗祠,https://zh.wikipedia.org/wiki/%E6%B4%91%E6%BA%AA%E5%BE%90%E6%B0%8F%E5%AE%97%E7%A5%A0,exact,
8-0268-3-071,南京鼓楼,南京鼓楼,https://baike.baidu.com/view/222220.htm,exact,南京鼓楼,https://zh.wikipedia.org/wiki/%E5%8D%97%E4%BA%AC%E9%BC%93%E6%A5%BC,exact,
8-0269-3-072,仙鹤寺,仙鹤寺,https://baike.baidu.com/view/31451.htm,exact,仙鹤寺,https://zh.wikipedia.org/wiki/%E4%BB%99%E9%B9%A4%E5%AF%BA,exact,
8-0270-3-073,常州唐氏民宅,常州唐氏民宅,https://baike.baidu.com/item/%E5%B8%B8%E5%B7%9E%E5%94%90%E6%B0%8F%E6%B0%91%E5%AE%85,exact,,,,
8-0271-3-074,荡口华氏老义庄,荡口华氏老义庄,https://baike.baidu.com/item/%E8%8D%A1%E5%8F%A3%E5%8D%8E%E6%B0%8F%E8%80%81%E4%B9%89%E5%BA%84,exact,荡口华氏老义庄,https://zh.wikipedia.org/wiki/%E8%8D%A1%E5%8F%A3%E5%8D%8E%E6%B0%8F%E8%80%81%E4%B9%89%E5%BA%84,exact,
8-0272-3-075,安吉永安寺塔,安吉永安寺塔,https://baike.baidu.com/item/%E5%AE%89%E5%90%89%E6%B0%B8%E5%AE%89%E5%AF%BA%E5%A1%94,exact,,,,
8-0273-3-076,义乌大安寺塔,义乌大安寺塔,https://baike.baidu.com/item/%E4%B9%89%E4%B9%8C%E5%A4%A7%E5%AE%89%E5%AF%BA%E5%A1%94,exact,,,,
8-0274-3-077,杭州忠义桥,杭州忠义桥,https://baike.baidu.com/item/%E6%9D%AD%E5%B7%9E%E5%BF%A0%E4%B9%89%E6%A1%A5,exact,,,,
8-0275-3-078,灵鹫寺石塔,灵鹫寺石塔,https://baike.baidu.com/view/1376531.htm,exact,灵鹫寺石塔,https://zh.wikipedia.org/wiki/%E7%81%B5%E9%B9%AB%E5%AF%BA%E7%9F%B3%E5%A1%94,exact,
8-0276-3-079,绍兴大善寺塔,绍兴大善寺塔,https://baike.baidu.com/item/%E7%BB%8D%E5%85%B4%E5%A4%A7%E5%96%84%E5%AF%BA%E5%A1%94,exact,,,,
8-0277-3-080,南渡广济桥,南渡广济桥,https://baike.baidu.com/view/710784.htm,exact,南渡广济桥,https://zh.wikipedia.org/wiki/%E5%8D%97%E6%B8%A1%E5%B9%BF%E6%B5%8E%E6%A1%A5,exact,
8-0278-3-081,詹宝兄弟牌坊,詹宝兄弟牌坊,https://baike.baidu.com/view/2698238.htm,exact,,,,
8-0279-3-082,梅城南峰塔和北峰塔,梅城南峰塔和北峰塔,https://baike.baidu.com/item/%E6%A2%85%E5%9F%8E%E5%8D%97%E5%B3%B0%E5%A1%94%E5%92%8C%E5%8C%97%E5%B3%B0%E5%A1%94,exact,,,,
8-0280-3-083,独山石牌坊,独山石牌坊,https://baike.baidu.com/view/1176881.htm,exact,独山石牌坊,https://zh.wikipedia.org/wiki/%E7%8B%AC%E5%B1%B1%E7%9F%B3%E7%89%8C%E5%9D%8A,exact,
8-0281-3-084,湖州潮音桥,湖州潮音桥,https://baike.baidu.com/item/%E6%B9%96%E5%B7%9E%E6%BD%AE%E9%9F%B3%E6%A1%A5,exact,,,,
8-0282-3-085,林应麒功德牌坊,林应麒功德牌坊,https://baike.baidu.com/item/%E6%9E%97%E5%BA%94%E9%BA%92%E5%8A%9F%E5%BE%B7%E7%89%8C%E5%9D%8A,exact,,,,
8-0283-3-086,紫薇山民居,紫薇山民居,https://baike.baidu.com/view/362777.htm,exact,紫薇山民居,https://zh.wikipedia.org/wiki/%E7%B4%AB%E8%96%87%E5%B1%B1%E6%B0%91%E5%B1%85,exact,
8-0284-3-087,石楠塘徐氏宗祠,石楠塘徐氏宗祠,https://baike.baidu.com/view/12089139.htm,exact,石楠塘徐氏宗祠,https://zh.wikipedia.org/wiki/%E7%9F%B3%E6%A5%A0%E5%A1%98%E5%BE%90%E6%B0%8F%E5%AE%97%E7%A5%A0,exact,
8-0285-3-088,赤岸朱宅建筑群,赤岸朱宅建筑群,https://baike.baidu.com/item/%E8%B5%A4%E5%B2%B8%E6%9C%B1%E5%AE%85%E5%BB%BA%E7%AD%91%E7%BE%A4,exact,,,,
8-0286-3-089,厚吴村古建筑群,厚吴村古建筑群,https://baike.baidu.com/item/%E5%8E%9A%E5%90%B4%E6%9D%91%E5%8F%A4%E5%BB%BA%E7%AD%91%E7%BE%A4,exact,,,,
8-0287-3-090,吴文简祠,吴文简祠,https://baike.baidu.com/view/2714419.htm,exact,吴文简祠,https://zh.wikipedia.org/wiki/%E5%90%B4%E6%96%87%E7%AE%80%E7%A5%A0,exact,
8-0288-3-091,下柏石陈大宗祠,下柏石陈大宗祠,https://baike.baidu.com/item/%E4%B8%8B%E6%9F%8F%E7%9F%B3%E9%99%88%E5%A4%A7%E5%AE%97%E7%A5%A0,exact,,,,
8-0289-3-092,余姚通济桥,余姚通济桥,https://baike.baidu.com/view/716536.htm,exact,,,,
8-0290-3-093,金清大桥,金清大桥,https://baike.baidu.com/view/1395225.htm,exact,,,,
8-0291-3-094,江山文昌宫,江山文昌宫,https://baike.baidu.com/item/%E6%B1%9F%E5%B1%B1%E6%96%87%E6%98%8C%E5%AE%AB,exact,江山文昌宫,https://zh.wikipedia.org/wiki/%E6%B1%9F%E5%B1%B1%E6%96%87%E6%98%8C%E5%AE%AB,exact,
8-0292-3-095,兰溪通洲桥,兰溪通洲桥,https://baike.baidu.com/item/%E5%85%B0%E6%BA%AA%E9%80%9A%E6%B4%B2%E6%A1%A5,exact,兰溪通洲桥,https://zh.wikipedia.org/wiki/%E5%85%B0%E6%BA%AA%E9%80%9A%E6%B4%B2%E6%A1%A5,exact,
8-0293-3-096,雅端村古建筑群,雅端村古建筑群,https://baike.baidu.com/item/%E9%9B%85%E7%AB%AF%E6%9D%91%E5%8F%A4%E5%BB%BA%E7%AD%91%E7%BE%A4,exact,,,,
8-0294-3-097,塘下方大宗祠,塘下方大宗祠,https://baike.baidu.com/item/%E5%A1%98%E4%B8%8B%E6%96%B9%E5%A4%A7%E5%AE%97%E7%A5%A0,exact,塘下方大宗祠,https://zh.wikipedia.org/wiki/%E5%A1%98%E4%B8%8B%E6%96%B9%E5%A4%A7%E5%AE%97%E7%A5%A0,exact,
8-0295-3-098,椒江戚继光祠,椒江戚继光祠,https://baike.baidu.com/item/%E6%A4%92%E6%B1%9F%E6%88%9A%E7%BB%A7%E5%85%89%E7%A5%A0,exact,,,,
8-0296-3-099,东阳白坦民宅,东阳白坦民宅,https://baike.baidu.com/item/%E4%B8%9C%E9%98%B3%E7%99%BD%E5%9D%A6%E6%B0%91%E5%AE%85,exact,东阳白坦民宅,https://zh.wikipedia.org/wiki/%E4%B8%9C%E9%98%B3%E7%99%BD%E5%9D%A6%E6%B0%91%E5%AE%85,exact,
8-0297-3-100,芜湖广济寺塔,芜湖广济寺塔,https://baike.baidu.com/item/%E8%8A%9C%E6%B9%96%E5%B9%BF%E6%B5%8E%E5%AF%BA%E5%A1%94,exact,,,,
8-0298-3-101,贵池百牙山塔,贵池百牙山塔,https://baike.baidu.com/item/%E8%B4%B5%E6%B1%A0%E7%99%BE%E7%89%99%E5%B1%B1%E5%A1%94,exact,,,,
8-0299-3-102,贵池清溪塔,贵池清溪塔,https://baike.baidu.com/item/%E8%B4%B5%E6%B1%A0%E6%B8%85%E6%BA%AA%E5%A1%94,exact,,,,
8-0300-3-103,滁州无梁殿,滁州无梁殿,https://baike.baidu.com/item/%E6%BB%81%E5%B7%9E%E6%97%A0%E6%A2%81%E6%AE%BF,exact,滁州无梁殿,https://zh.wikipedia.org/wiki/%E6%BB%81%E5%B7%9E%E6%97%A0%E6%A2%81%E6%AE%BF,exact,
8-0301-3-104,池河太平桥,池河太平桥,https://baike.baidu.com/view/10488931.htm,exact,池河太平桥,https://zh.wikipedia.org/wiki/%E6%B1%A0%E6%B2%B3%E5%A4%AA%E5%B9%B3%E6%A1%A5,exact,
8-0302-3-105,洪坑牌坊群及洪氏家庙,洪坑牌坊群及洪氏家庙,https://baike.baidu.com/view/11629866.htm,exact,洪坑牌坊群及洪氏家庙,https://zh.wikipedia.org/wiki/%E6%B4%AA%E5%9D%91%E7%89%8C%E5%9D%8A%E7%BE%A4%E5%8F%8A%E6%B4%AA%E6%B0%8F%E5%AE%B6%E5%BA%99,exact,
8-0303-3-106,三阳洪氏宗祠,三阳洪氏宗祠,https://baike.baidu.com/item/%E4%B8%89%E9%98%B3%E6%B4%AA%E6%B0%8F%E5%AE%97%E7%A5%A0,exact,三阳洪氏宗祠,https://zh.wikipedia.org/wiki/%E4%B8%89%E9%98%B3%E6%B4%AA%E6%B0%8F%E5%AE%97%E7%A5%A0,exact,
8-0304-3-107,屯溪镇海桥,屯溪镇海桥,https://baike.baidu.com/view/1979594.htm,exact,,,,
8-0305-3-108,石潭吴氏宗祠,石潭吴氏宗祠,https://baike.baidu.com/view/11642902.htm,exact,石潭吴氏宗祠,https://zh.wikipedia.org/wiki/%E7%9F%B3%E6%BD%AD%E5%90%B4%E6%B0%8F%E5%AE%97%E7%A5%A0,exact,
8-0306-3-109,蜀源牌坊群,蜀源牌坊群,https://baike.baidu.com/item/%E8%9C%80%E6%BA%90%E7%89%8C%E5%9D%8A%E7%BE%A4,exact,,,,
8-0307-3-110,屏山舒氏祠堂,屏山舒氏祠堂,https://baike.baidu.com/item/%E5%B1%8F%E5%B1%B1%E8%88%92%E6%B0%8F%E7%A5%A0%E5%A0%82,exact,屏山舒氏祠堂,https://zh.wikipedia.org/wiki/%E5%B1%8F%E5%B1%B1%E8%88%92%E6%B0%8F%E7%A5%A0%E5%A0%82,exact,
8-0308-3-111,稠墅牌坊群,稠墅牌坊群,https://baike.baidu.com/view/342148.htm,exact,,,,
8-0309-3-112,姥山塔,姥山塔,https://baike.baidu.com/view/10830106.htm,exact,姥山塔,https://zh.wikipedia.org/wiki/%E5%A7%A5%E5%B1%B1%E5%A1%94,exact,
8-0310-3-113,歙县太平桥,歙县太平桥,https://baike.baidu.com/view/502037.htm,exact,,,,
8-0311-3-114,巴慰祖宅,巴慰祖宅,https://baike.baidu.com/view/11643665.htm,exact,巴慰祖宅,https://zh.wikipedia.org/wiki/%E5%B7%B4%E6%85%B0%E7%A5%96%E5%AE%85,exact,
8-0312-3-115,歙县许氏宗祠,歙县许氏宗祠,https://baike.baidu.com/item/%E6%AD%99%E5%8E%BF%E8%AE%B8%E6%B0%8F%E5%AE%97%E7%A5%A0,exact,歙县许氏宗祠,https://zh.wikipedia.org/wiki/%E6%AD%99%E5%8E%BF%E8%AE%B8%E6%B0%8F%E5%AE%97%E7%A5%A0,exact,
8-0313-3-116,唐模檀干园,唐模檀干园,https://baike.baidu.com/item/%E5%94%90%E6%A8%A1%E6%AA%80%E5%B9%B2%E5%9B%AD,exact,唐模檀干园,https://zh.wikipedia.org/wiki/%E5%94%90%E6%A8%A1%E6%AA%80%E5%B9%B2%E5%9B%AD,exact,
8-0314-3-117,亳州薛阁塔,薛阁塔,https://baike.baidu.com/view/5185.htm,related-location,,,,
8-0315-3-118,歙县鲍氏宗祠,歙县鲍氏宗祠,https://baike.baidu.com/item/%E6%AD%99%E5%8E%BF%E9%B2%8D%E6%B0%8F%E5%AE%97%E7%A5%A0,exact,,,,
8-0316-3-119,休宁登封桥,休宁登封桥,https://baike.baidu.com/item/%E4%BC%91%E5%AE%81%E7%99%BB%E5%B0%81%E6%A1%A5,exact,,,,
8-0317-3-120,休宁同安堂,休宁同安堂,https://baike.baidu.com/item/%E4%BC%91%E5%AE%81%E5%90%8C%E5%AE%89%E5%A0%82,exact,休宁同安堂,https://zh.wikipedia.org/wiki/%E4%BC%91%E5%AE%81%E5%90%8C%E5%AE%89%E5%A0%82,exact,
8-0318-3-121,大阜潘氏宗祠,大阜潘氏宗祠,https://baike.baidu.com/view/1280456.htm,exact,大阜潘氏宗祠,https://zh.wikipedia.org/wiki/%E5%A4%A7%E9%98%9C%E6%BD%98%E6%B0%8F%E5%AE%97%E7%A5%A0,exact,
8-0319-3-122,泾县张氏宗祠,泾县张氏宗祠,https://baike.baidu.com/item/%E6%B3%BE%E5%8E%BF%E5%BC%A0%E6%B0%8F%E5%AE%97%E7%A5%A0,exact,泾县张氏宗祠,https://zh.wikipedia.org/wiki/%E6%B3%BE%E5%8E%BF%E5%BC%A0%E6%B0%8F%E5%AE%97%E7%A5%A0,exact,
8-0320-3-123,昌溪太湖祠,昌溪太湖祠,https://baike.baidu.com/item/%E6%98%8C%E6%BA%AA%E5%A4%AA%E6%B9%96%E7%A5%A0,exact,昌溪太湖祠,https://zh.wikipedia.org/wiki/%E6%98%8C%E6%BA%AA%E5%A4%AA%E6%B9%96%E7%A5%A0,exact,
8-0321-3-124,绩溪文庙,绩溪文庙,https://baike.baidu.com/view/1100813.htm,exact,,,,
8-0322-3-125,荔城报恩寺塔,荔城报恩寺塔,https://baike.baidu.com/item/%E8%8D%94%E5%9F%8E%E6%8A%A5%E6%81%A9%E5%AF%BA%E5%A1%94,exact,,,,
8-0323-3-126,崇福寺应庚塔,崇福寺应庚塔,https://baike.baidu.com/item/%E5%B4%87%E7%A6%8F%E5%AF%BA%E5%BA%94%E5%BA%9A%E5%A1%94,exact,崇福寺应庚塔,https://zh.wikipedia.org/wiki/%E5%B4%87%E7%A6%8F%E5%AF%BA%E5%BA%94%E5%BA%9A%E5%A1%94,exact,
8-0324-3-127,建瓯值庆桥,建瓯值庆桥,https://baike.baidu.com/item/%E5%BB%BA%E7%93%AF%E5%80%BC%E5%BA%86%E6%A1%A5,exact,,,,
8-0325-3-128,安溪土楼,安溪土楼,https://baike.baidu.com/subview/4041465/4041465.htm,exact,安溪土楼,https://zh.wikipedia.org/wiki/%E5%AE%89%E6%BA%AA%E5%9C%9F%E6%A5%BC,exact,
8-0326-3-129,黄道周讲学处,黄道周讲学处,https://baike.baidu.com/view/2853749.htm,exact,,,,
8-0327-3-130,芷溪宗祠建筑,芷溪宗祠建筑,https://baike.baidu.com/view/5207808.htm,exact,,,,
8-0328-3-131,福安黄氏祠堂,福安黄氏祠堂,https://baike.baidu.com/item/%E7%A6%8F%E5%AE%89%E9%BB%84%E6%B0%8F%E7%A5%A0%E5%A0%82,exact,福安黄氏祠堂,https://zh.wikipedia.org/wiki/%E7%A6%8F%E5%AE%89%E9%BB%84%E6%B0%8F%E7%A5%A0%E5%A0%82,exact,
8-0329-3-132,泉港土坑村古建筑群,泉港土坑村古建筑群,https://baike.baidu.com/item/%E6%B3%89%E6%B8%AF%E5%9C%9F%E5%9D%91%E6%9D%91%E5%8F%A4%E5%BB%BA%E7%AD%91%E7%BE%A4,exact,,,,
8-0330-3-133,坂埔古厝,坂埔古厝,https://baike.baidu.com/item/%E5%9D%82%E5%9F%94%E5%8F%A4%E5%8E%9D,exact,坂埔古厝,https://zh.wikipedia.org/wiki/%E5%9D%82%E5%9F%94%E5%8F%A4%E5%8E%9D,exact,
8-0331-3-134,永春文庙,永春文庙,https://baike.baidu.com/view/4452673.htm,exact,永春文庙,https://zh.wikipedia.org/wiki/%E6%B0%B8%E6%98%A5%E6%96%87%E5%BA%99,exact,
8-0332-3-135,永泰庄寨建筑群,永泰庄寨建筑群,https://baike.baidu.com/item/%E6%B0%B8%E6%B3%B0%E5%BA%84%E5%AF%A8%E5%BB%BA%E7%AD%91%E7%BE%A4,exact,永泰庄寨建筑群,https://zh.wikipedia.org/wiki/%E6%B0%B8%E6%B3%B0%E5%BA%84%E5%AF%A8%E5%BB%BA%E7%AD%91%E7%BE%A4,exact,
8-0333-3-136,采陔公祠,采陔公祠,https://baike.baidu.com/item/%E9%87%87%E9%99%94%E5%85%AC%E7%A5%A0,exact,,,,
8-0334-3-137,水美土堡群,水美土堡群,https://baike.baidu.com/view/5207595.htm,exact,水美土堡群,https://zh.wikipedia.org/wiki/%E6%B0%B4%E7%BE%8E%E5%9C%9F%E5%A0%A1%E7%BE%A4,exact,
8-0335-3-138,浮梁双峰塔,浮梁双峰塔,https://baike.baidu.com/item/%E6%B5%AE%E6%A2%81%E5%8F%8C%E5%B3%B0%E5%A1%94,exact,浮梁双峰塔,https://zh.wikipedia.org/wiki/%E6%B5%AE%E6%A2%81%E5%8F%8C%E5%B3%B0%E5%A1%94,exact,
8-0336-3-139,福寿沟,福寿沟,https://baike.baidu.com/view/494499.htm,exact,,,,
8-0337-3-140,浮梁红塔,浮梁红塔,https://baike.baidu.com/view/1188307.htm,exact,浮梁红塔,https://zh.wikipedia.org/wiki/%E6%B5%AE%E6%A2%81%E7%BA%A2%E5%A1%94,exact,
8-0338-3-141,大司马牌坊,大司马牌坊,https://baike.baidu.com/view/5729049.htm,exact,大司马牌坊,https://zh.wikipedia.org/wiki/%E5%A4%A7%E5%8F%B8%E9%A9%AC%E7%89%8C%E5%9D%8A,exact,
8-0339-3-142,龙南乌石围,龙南乌石围,https://baike.baidu.com/item/%E9%BE%99%E5%8D%97%E4%B9%8C%E7%9F%B3%E5%9B%B4,exact,,,,
8-0340-3-143,济美石坊,济美石坊,https://baike.baidu.com/item/%E6%B5%8E%E7%BE%8E%E7%9F%B3%E5%9D%8A,exact,济美石坊,https://zh.wikipedia.org/wiki/%E6%B5%8E%E7%BE%8E%E7%9F%B3%E5%9D%8A,exact,
8-0341-3-144,棠阴古建筑群,棠阴古建筑群,https://baike.baidu.com/view/3085021.htm,exact,棠阴古建筑群,https://zh.wikipedia.org/wiki/%E6%A3%A0%E9%98%B4%E5%8F%A4%E5%BB%BA%E7%AD%91%E7%BE%A4,exact,
8-0342-3-145,官溪胡氏宗祠,官溪胡氏宗祠,https://baike.baidu.com/item/%E5%AE%98%E6%BA%AA%E8%83%A1%E6%B0%8F%E5%AE%97%E7%A5%A0,exact,官溪胡氏宗祠,https://zh.wikipedia.org/wiki/%E5%AE%98%E6%BA%AA%E8%83%A1%E6%B0%8F%E5%AE%97%E7%A5%A0,exact,
8-0343-3-146,十都王家大屋,十都王家大屋,https://baike.baidu.com/item/%E5%8D%81%E9%83%BD%E7%8E%8B%E5%AE%B6%E5%A4%A7%E5%B1%8B,exact,,,,
8-0344-3-147,奎璧联辉民宅,奎璧联辉民宅,https://baike.baidu.com/item/%E5%A5%8E%E7%92%A7%E8%81%94%E8%BE%89%E6%B0%91%E5%AE%85,exact,奎璧联辉民宅,https://zh.wikipedia.org/wiki/%E5%A5%8E%E7%92%A7%E8%81%94%E8%BE%89%E6%B0%91%E5%AE%85,exact,
8-0345-3-148,浮梁县衙,浮梁县衙,https://baike.baidu.com/item/%E6%B5%AE%E6%A2%81%E5%8E%BF%E8%A1%99,exact,浮梁县衙,https://zh.wikipedia.org/wiki/%E6%B5%AE%E6%A2%81%E5%8E%BF%E8%A1%99,exact,
8-0346-3-149,玉山考棚,玉山考棚,https://baike.baidu.com/view/11768607.htm,exact,玉山考棚,https://zh.wikipedia.org/wiki/%E7%8E%89%E5%B1%B1%E8%80%83%E6%A3%9A,exact,
8-0347-3-150,浒湾书坊建筑群,浒湾书坊建筑群,https://baike.baidu.com/item/%E6%B5%92%E6%B9%BE%E4%B9%A6%E5%9D%8A%E5%BB%BA%E7%AD%91%E7%BE%A4,exact,浒湾书坊建筑群,https://zh.wikipedia.org/wiki/%E6%B5%92%E6%B9%BE%E4%B9%A6%E5%9D%8A%E5%BB%BA%E7%AD%91%E7%BE%A4,exact,
8-0348-3-151,卧化塔,卧化塔,https://baike.baidu.com/item/%E5%8D%A7%E5%8C%96%E5%A1%94,exact,卧化塔,https://zh.wikipedia.org/wiki/%E5%8D%A7%E5%8C%96%E5%A1%94,exact,
8-0349-3-152,郓城观音寺塔,郓城观音寺塔,https://baike.baidu.com/view/320433.htm,exact,,,,
8-0350-3-153,洄村古楼,洄村古楼,https://baike.baidu.com/view/4733827.htm,exact,洄村古楼,https://zh.wikipedia.org/wiki/%E6%B4%84%E6%9D%91%E5%8F%A4%E6%A5%BC,exact,
8-0351-3-154,王渔洋故居,王渔洋故居,https://baike.baidu.com/item/%E7%8E%8B%E6%B8%94%E6%B4%8B%E6%95%85%E5%B1%85,exact,,,,
8-0352-3-155,安阳永和桥,安阳永和桥,https://baike.baidu.com/view/1563928.htm,exact,,,,
8-0353-3-156,三祖庵塔,三祖庵塔,https://baike.baidu.com/item/%E4%B8%89%E7%A5%96%E5%BA%B5%E5%A1%94,exact,,,,
8-0354-3-157,轵城关帝庙,轵城关帝庙,https://baike.baidu.com/item/%E8%BD%B5%E5%9F%8E%E5%85%B3%E5%B8%9D%E5%BA%99,exact,,,,
8-0355-3-158,丹霞寺塔林,丹霞寺塔林,https://baike.baidu.com/item/%E4%B8%B9%E9%9C%9E%E5%AF%BA%E5%A1%94%E6%9E%97,exact,,,,
8-0356-3-159,禹州天宁万寿寺,禹州天宁万寿寺,https://baike.baidu.com/item/%E7%A6%B9%E5%B7%9E%E5%A4%A9%E5%AE%81%E4%B8%87%E5%AF%BF%E5%AF%BA,exact,,,,
8-0357-3-160,舞阳彼岸寺大殿,舞阳彼岸寺大殿,https://baike.baidu.com/item/%E8%88%9E%E9%98%B3%E5%BD%BC%E5%B2%B8%E5%AF%BA%E5%A4%A7%E6%AE%BF,exact,,,,
8-0358-3-161,阳安寺大殿,阳安寺大殿,https://baike.baidu.com/item/%E9%98%B3%E5%AE%89%E5%AF%BA%E5%A4%A7%E6%AE%BF,exact,,,,
8-0359-3-162,汝宁石桥,汝宁石桥,https://baike.baidu.com/item/%E6%B1%9D%E5%AE%81%E7%9F%B3%E6%A1%A5,exact,汝宁石桥,https://zh.wikipedia.org/wiki/%E6%B1%9D%E5%AE%81%E7%9F%B3%E6%A1%A5,exact,
8-0360-3-163,延津大觉寺万寿塔,延津大觉寺万寿塔,https://baike.baidu.com/item/%E5%BB%B6%E6%B4%A5%E5%A4%A7%E8%A7%89%E5%AF%BA%E4%B8%87%E5%AF%BF%E5%A1%94,exact,,,,
8-0361-3-164,杞县大云寺塔,杞县大云寺塔,https://baike.baidu.com/item/%E6%9D%9E%E5%8E%BF%E5%A4%A7%E4%BA%91%E5%AF%BA%E5%A1%94,exact,,,,
8-0362-3-165,龙泉澧河石桥,龙泉澧河石桥,https://baike.baidu.com/item/%E9%BE%99%E6%B3%89%E6%BE%A7%E6%B2%B3%E7%9F%B3%E6%A1%A5,exact,,,,
8-0363-3-166,原武城隍庙,原武城隍庙,https://baike.baidu.com/item/%E5%8E%9F%E6%AD%A6%E5%9F%8E%E9%9A%8D%E5%BA%99,exact,原武城隍庙,https://zh.wikipedia.org/wiki/%E5%8E%9F%E6%AD%A6%E5%9F%8E%E9%9A%8D%E5%BA%99,exact,
8-0364-3-167,许昌文庙,许昌文庙,https://baike.baidu.com/view/10211716.htm,exact,,,,
8-0365-3-168,弦歌台,弦歌台,https://baike.baidu.com/view/480093.htm,exact,,,,
8-0366-3-169,济源二仙庙,济源二仙庙,https://baike.baidu.com/item/%E6%B5%8E%E6%BA%90%E4%BA%8C%E4%BB%99%E5%BA%99,exact,,,,
8-0367-3-170,登封玉溪宫,登封玉溪宫,https://baike.baidu.com/item/%E7%99%BB%E5%B0%81%E7%8E%89%E6%BA%AA%E5%AE%AB,exact,登封玉溪宫,https://zh.wikipedia.org/wiki/%E7%99%BB%E5%B0%81%E7%8E%89%E6%BA%AA%E5%AE%AB,exact,
8-0368-3-171,侯湾泰山庙,侯湾泰山庙,https://baike.baidu.com/item/%E4%BE%AF%E6%B9%BE%E6%B3%B0%E5%B1%B1%E5%BA%99,exact,,,,
8-0369-3-172,温县遇仙观,温县遇仙观,https://baike.baidu.com/item/%E6%B8%A9%E5%8E%BF%E9%81%87%E4%BB%99%E8%A7%82,exact,,,,
8-0370-3-173,大程书院,大程书院,https://baike.baidu.com/view/1613845.htm,exact,大程书院,https://zh.wikipedia.org/wiki/%E5%A4%A7%E7%A8%8B%E4%B9%A6%E9%99%A2,exact,
8-0371-3-174,龙亭大殿,龙亭大殿,https://baike.baidu.com/item/%E9%BE%99%E4%BA%AD%E5%A4%A7%E6%AE%BF,exact,,,,
8-0372-3-175,偃师九龙庙,偃师九龙庙,https://baike.baidu.com/item/%E5%81%83%E5%B8%88%E4%B9%9D%E9%BE%99%E5%BA%99,exact,,,,
8-0373-3-176,怀邦会馆,怀邦会馆,https://baike.baidu.com/item/%E6%80%80%E9%82%A6%E4%BC%9A%E9%A6%86,exact,怀邦会馆,https://zh.wikipedia.org/wiki/%E6%80%80%E9%82%A6%E4%BC%9A%E9%A6%86,exact,
8-0374-3-177,登封崇福宫,登封崇福宫,https://baike.baidu.com/item/%E7%99%BB%E5%B0%81%E5%B4%87%E7%A6%8F%E5%AE%AB,exact,登封崇福宫,https://zh.wikipedia.org/wiki/%E7%99%BB%E5%B0%81%E5%B4%87%E7%A6%8F%E5%AE%AB,exact,
8-0375-3-178,新安洞真观,新安洞真观,https://baike.baidu.com/item/%E6%96%B0%E5%AE%89%E6%B4%9E%E7%9C%9F%E8%A7%82,exact,,,,
8-0376-3-179,宜阳福昌阁,宜阳福昌阁,https://baike.baidu.com/item/%E5%AE%9C%E9%98%B3%E7%A6%8F%E6%98%8C%E9%98%81,exact,,,,
8-0377-3-180,偃师兴福寺大殿,偃师兴福寺大殿,https://baike.baidu.com/item/%E5%81%83%E5%B8%88%E5%85%B4%E7%A6%8F%E5%AF%BA%E5%A4%A7%E6%AE%BF,exact,,,,
8-0378-3-181,花洲书院,花洲书院,https://baike.baidu.com/view/180418.htm,exact,花洲书院,https://zh.wikipedia.org/wiki/%E8%8A%B1%E6%B4%B2%E4%B9%A6%E9%99%A2,exact,
8-0379-3-182,黄梅高塔寺塔,黄梅高塔寺塔,https://baike.baidu.com/item/%E9%BB%84%E6%A2%85%E9%AB%98%E5%A1%94%E5%AF%BA%E5%A1%94,exact,,,,
8-0380-3-183,宜昌天然塔,宜昌天然塔,https://baike.baidu.com/view/12242719.htm,exact,宜昌天然塔,https://zh.wikipedia.org/wiki/%E5%AE%9C%E6%98%8C%E5%A4%A9%E7%84%B6%E5%A1%94,exact,
8-0381-3-184,高家花屋,高家花屋,https://baike.baidu.com/view/8931392.htm,exact,,,,
8-0382-3-185,南边民居,南边民居,https://baike.baidu.com/item/%E5%8D%97%E8%BE%B9%E6%B0%91%E5%B1%85,exact,南边民居,https://zh.wikipedia.org/wiki/%E5%8D%97%E8%BE%B9%E6%B0%91%E5%B1%85,exact,
8-0383-3-186,丹江口饶氏庄园,清末庄园,https://baike.baidu.com/item/%E6%B8%85%E6%9C%AB%E5%BA%84%E5%9B%AD/11062019,manual,,,,清末庄园 | https://baike.baidu.com/view/3497586.htm | different-title；郧县人 | https://zh.wikipedia.org/wiki/%E9%83%A7%E5%8E%BF%E4%BA%BA | different-title
8-0384-3-187,麻城雷氏祠,麻城雷氏祠,https://baike.baidu.com/item/%E9%BA%BB%E5%9F%8E%E9%9B%B7%E6%B0%8F%E7%A5%A0,exact,,,,
8-0385-3-188,中田村古建筑群,中田村古建筑群,https://baike.baidu.com/item/%E4%B8%AD%E7%94%B0%E6%9D%91%E5%8F%A4%E5%BB%BA%E7%AD%91%E7%BE%A4,exact,中田村古建筑群,https://zh.wikipedia.org/wiki/%E4%B8%AD%E7%94%B0%E6%9D%91%E5%8F%A4%E5%BB%BA%E7%AD%91%E7%BE%A4,exact,
8-0386-3-189,许家桥将军府,许家桥将军府,https://baike.baidu.com/item/%E8%AE%B8%E5%AE%B6%E6%A1%A5%E5%B0%86%E5%86%9B%E5%BA%9C,exact,,,,
8-0387-3-190,板梁村古建筑群,板梁村古建筑群,https://baike.baidu.com/item/%E6%9D%BF%E6%A2%81%E6%9D%91%E5%8F%A4%E5%BB%BA%E7%AD%91%E7%BE%A4,exact,板梁村古建筑群,https://zh.wikipedia.org/wiki/%E6%9D%BF%E6%A2%81%E6%9D%91%E5%8F%A4%E5%BB%BA%E7%AD%91%E7%BE%A4,exact,
8-0388-3-191,勾蓝瑶寨,勾蓝瑶寨,https://baike.baidu.com/view/11640980.htm,exact,勾蓝瑶寨,https://zh.wikipedia.org/wiki/%E5%8B%BE%E8%93%9D%E7%91%B6%E5%AF%A8,exact,
8-0389-3-192,湘昆古戏台,湘昆古戏台,https://baike.baidu.com/item/%E6%B9%98%E6%98%86%E5%8F%A4%E6%88%8F%E5%8F%B0,exact,湘昆古戏台,https://zh.wikipedia.org/wiki/%E6%B9%98%E6%98%86%E5%8F%A4%E6%88%8F%E5%8F%B0,exact,
8-0390-3-193,杉木桥胡家大院,杉木桥胡家大院,https://baike.baidu.com/item/%E6%9D%89%E6%9C%A8%E6%A1%A5%E8%83%A1%E5%AE%B6%E5%A4%A7%E9%99%A2,exact,杉木桥胡家大院,https://zh.wikipedia.org/wiki/%E6%9D%89%E6%9C%A8%E6%A1%A5%E8%83%A1%E5%AE%B6%E5%A4%A7%E9%99%A2,exact,
8-0391-3-194,石门文庙,石门文庙,https://baike.baidu.com/view/3347830.htm,exact,石门文庙,https://zh.wikipedia.org/wiki/%E7%9F%B3%E9%97%A8%E6%96%87%E5%BA%99,exact,
8-0392-3-195,芷江文庙,芷江文庙,https://baike.baidu.com/view/10153677.htm,exact,,,,
8-0393-3-196,神下李氏宗祠,神下李氏宗祠,https://baike.baidu.com/item/%E7%A5%9E%E4%B8%8B%E6%9D%8E%E6%B0%8F%E5%AE%97%E7%A5%A0,exact,神下李氏宗祠,https://zh.wikipedia.org/wiki/%E7%A5%9E%E4%B8%8B%E6%9D%8E%E6%B0%8F%E5%AE%97%E7%A5%A0,exact,
8-0394-3-197,澧县多安桥,澧县多安桥,https://baike.baidu.com/item/%E6%BE%A7%E5%8E%BF%E5%A4%9A%E5%AE%89%E6%A1%A5,exact,澧县多安桥,https://zh.wikipedia.org/wiki/%E6%BE%A7%E5%8E%BF%E5%A4%9A%E5%AE%89%E6%A1%A5,exact,
8-0395-3-198,虎溪黄氏宗祠,虎溪黄氏宗祠,https://baike.baidu.com/item/%E8%99%8E%E6%BA%AA%E9%BB%84%E6%B0%8F%E5%AE%97%E7%A5%A0,exact,,,,
8-0396-3-199,溆浦崇实书院,崇实书院,https://baike.baidu.com/view/2366785.htm,related-location,溆浦崇实书院,https://zh.wikipedia.org/wiki/%E6%BA%86%E6%B5%A6%E5%B4%87%E5%AE%9E%E4%B9%A6%E9%99%A2,exact,
8-0397-3-200,桃树湾刘氏大屋,桃树湾刘氏大屋,https://baike.baidu.com/item/%E6%A1%83%E6%A0%91%E6%B9%BE%E5%88%98%E6%B0%8F%E5%A4%A7%E5%B1%8B,exact,,,,
8-0398-3-201,浦市镇古建筑群,浦市镇古建筑群,https://baike.baidu.com/item/%E6%B5%A6%E5%B8%82%E9%95%87%E5%8F%A4%E5%BB%BA%E7%AD%91%E7%BE%A4,exact,浦市镇古建筑群,https://zh.wikipedia.org/wiki/%E6%B5%A6%E5%B8%82%E9%95%87%E5%8F%A4%E5%BB%BA%E7%AD%91%E7%BE%A4,exact,
8-0399-3-202,宝镜何家大院,宝镜何家大院,https://baike.baidu.com/item/%E5%AE%9D%E9%95%9C%E4%BD%95%E5%AE%B6%E5%A4%A7%E9%99%A2,exact,宝镜何家大院,https://zh.wikipedia.org/wiki/%E5%AE%9D%E9%95%9C%E4%BD%95%E5%AE%B6%E5%A4%A7%E9%99%A2,exact,
8-0400-3-203,梅城文武庙古建筑群,梅城文武庙古建筑群,https://baike.baidu.com/item/%E6%A2%85%E5%9F%8E%E6%96%87%E6%AD%A6%E5%BA%99%E5%8F%A4%E5%BB%BA%E7%AD%91%E7%BE%A4,exact,,,,
8-0401-3-204,东安头翰林祠,东安头翰林祠,https://baike.baidu.com/view/1417345.htm,exact,东安头翰林祠,https://zh.wikipedia.org/wiki/%E4%B8%9C%E5%AE%89%E5%A4%B4%E7%BF%B0%E6%9E%97%E7%A5%A0,exact,
8-0402-3-205,大颠祖师塔,大颠祖师塔,https://baike.baidu.com/view/9780214.htm,exact,大颠祖师塔,https://zh.wikipedia.org/wiki/%E5%A4%A7%E9%A2%A0%E7%A5%96%E5%B8%88%E5%A1%94,exact,
8-0403-3-206,高州宝光塔,高州宝光塔,https://baike.baidu.com/view/476564.htm,exact,,,,
8-0404-3-207,联丰花萼楼,联丰花萼楼,https://baike.baidu.com/item/%E8%81%94%E4%B8%B0%E8%8A%B1%E8%90%BC%E6%A5%BC,exact,,,,
8-0405-3-208,揭阳城隍庙,揭阳城隍庙,https://baike.baidu.com/view/59258.htm,exact,揭阳城隍庙,https://zh.wikipedia.org/wiki/%E6%8F%AD%E9%98%B3%E5%9F%8E%E9%9A%8D%E5%BA%99,exact,
8-0406-3-209,陈白沙祠,陈白沙祠,https://baike.baidu.com/view/1077564.htm,exact,陈白沙祠,https://zh.wikipedia.org/wiki/%E9%99%88%E7%99%BD%E6%B2%99%E7%A5%A0,exact,
8-0407-3-210,国恩寺,国恩寺,https://baike.baidu.com/view/6403.htm,exact,国恩寺,https://zh.wikipedia.org/wiki/%E5%9B%BD%E6%81%A9%E5%AF%BA,exact,
8-0408-3-211,沙湾留耕堂,沙湾留耕堂,https://baike.baidu.com/view/1012747.htm,exact,沙湾留耕堂,https://zh.wikipedia.org/wiki/%E6%B2%99%E6%B9%BE%E7%95%99%E8%80%95%E5%A0%82,exact,
8-0409-3-212,大埔泰安楼,大埔泰安楼,https://baike.baidu.com/item/%E5%A4%A7%E5%9F%94%E6%B3%B0%E5%AE%89%E6%A5%BC,exact,泰安楼,https://zh.wikipedia.org/wiki/%E6%B3%B0%E5%AE%89%E6%A5%BC,redirect,
8-0410-3-213,冲虚古观,冲虚古观,https://baike.baidu.com/view/1416563.htm,exact,,,,
8-0411-3-214,龙门鹤湖围,龙门鹤湖围,https://baike.baidu.com/item/%E9%BE%99%E9%97%A8%E9%B9%A4%E6%B9%96%E5%9B%B4,exact,,,,
8-0412-3-215,大埔光禄第,大埔光禄第,https://baike.baidu.com/item/%E5%A4%A7%E5%9F%94%E5%85%89%E7%A6%84%E7%AC%AC,exact,张弼士故居 (梅州),https://zh.wikipedia.org/wiki/%E5%BC%A0%E5%BC%BC%E5%A3%AB%E6%95%85%E5%B1%85_(%E6%A2%85%E5%B7%9E),redirect,
8-0413-3-216,桂林静江府城墙,桂林静江府城墙,https://baike.baidu.com/item/%E6%A1%82%E6%9E%97%E9%9D%99%E6%B1%9F%E5%BA%9C%E5%9F%8E%E5%A2%99,exact,桂林城墙,https://zh.wikipedia.org/wiki/%E6%A1%82%E6%9E%97%E5%9F%8E%E5%A2%99,redirect,
8-0414-3-217,来宾文辉塔,来宾文辉塔,https://baike.baidu.com/item/%E6%9D%A5%E5%AE%BE%E6%96%87%E8%BE%89%E5%A1%94,exact,文辉塔,https://zh.wikipedia.org/wiki/%E6%96%87%E8%BE%89%E5%A1%94,redirect,
8-0415-3-218,左江归龙斜塔,左江归龙斜塔,https://baike.baidu.com/item/%E5%B7%A6%E6%B1%9F%E5%BD%92%E9%BE%99%E6%96%9C%E5%A1%94,exact,左江斜塔,https://zh.wikipedia.org/wiki/%E5%B7%A6%E6%B1%9F%E6%96%9C%E5%A1%94,redirect,
8-0416-3-219,贺州江氏客家围屋,贺州江氏客家围屋,https://baike.baidu.com/view/2922599.htm,exact,,,,
8-0417-3-220,乐湾村古建筑群,乐湾村古建筑群,https://baike.baidu.com/item/%E4%B9%90%E6%B9%BE%E6%9D%91%E5%8F%A4%E5%BB%BA%E7%AD%91%E7%BE%A4,exact,,,,
8-0418-3-221,石矍村冯氏祠堂,,,,石𱵄村冯氏祠堂,https://zh.wikipedia.org/wiki/%E7%9F%B3%F0%B1%B5%84%E6%9D%91%E5%86%AF%E6%B0%8F%E7%A5%A0%E5%A0%82,manual,万木草堂 | https://zh.wikipedia.org/wiki/%E4%B8%87%E6%9C%A8%E8%8D%89%E5%A0%82 | different-title
8-0419-3-222,琼山侯家大院,琼山侯家大院,https://baike.baidu.com/item/%E7%90%BC%E5%B1%B1%E4%BE%AF%E5%AE%B6%E5%A4%A7%E9%99%A2,exact,,,,
8-0420-3-223,溪北书院,溪北书院,https://baike.baidu.com/view/332790.htm,exact,,,,
8-0421-3-224,湾底谭氏民居,湾底谭氏民居,https://baike.baidu.com/item/%E6%B9%BE%E5%BA%95%E8%B0%AD%E6%B0%8F%E6%B0%91%E5%B1%85,exact,,,,
8-0422-3-225,花林寺大殿,花林寺大殿,https://baike.baidu.com/item/%E8%8A%B1%E6%9E%97%E5%AF%BA%E5%A4%A7%E6%AE%BF,exact,花林寺,https://zh.wikipedia.org/wiki/%E8%8A%B1%E6%9E%97%E5%AF%BA,redirect,
8-0423-3-226,蓬溪金仙寺大殿,蓬溪金仙寺大殿,https://baike.baidu.com/item/%E8%93%AC%E6%BA%AA%E9%87%91%E4%BB%99%E5%AF%BA%E5%A4%A7%E6%AE%BF,exact,金仙寺,https://zh.wikipedia.org/wiki/%E9%87%91%E4%BB%99%E5%AF%BA,redirect,
8-0424-3-227,南部永安庙大殿,南部永安庙大殿,https://baike.baidu.com/item/%E5%8D%97%E9%83%A8%E6%B0%B8%E5%AE%89%E5%BA%99%E5%A4%A7%E6%AE%BF,exact,永安廟,https://zh.wikipedia.org/wiki/%E6%B0%B8%E5%AE%89%E5%BB%9F,redirect,
8-0425-3-228,盐亭文星庙,盐亭文星庙,https://baike.baidu.com/item/%E7%9B%90%E4%BA%AD%E6%96%87%E6%98%9F%E5%BA%99,exact,,,,
8-0426-3-229,泸县圆通寺,泸县圆通寺,https://baike.baidu.com/view/8849383.htm,exact,泸县圆通寺,https://zh.wikipedia.org/wiki/%E6%B3%B8%E5%8E%BF%E5%9C%86%E9%80%9A%E5%AF%BA,exact,
8-0427-3-230,龙藏寺,龙藏寺,https://baike.baidu.com/view/366948.htm,exact,,,,
8-0428-3-231,蓝池庙,蓝池庙,https://baike.baidu.com/item/%E8%93%9D%E6%B1%A0%E5%BA%99,exact,,,,
8-0429-3-232,七宝寺,,,,七寶寺,https://zh.wikipedia.org/wiki/%E4%B8%83%E5%AF%B6%E5%AF%BA,redirect,上海七宝教寺 | https://baike.baidu.com/item/%E4%B8%8A%E6%B5%B7%E4%B8%83%E5%AE%9D%E6%95%99%E5%AF%BA | different-title
8-0430-3-233,福宝古建筑群,福宝古建筑群,https://baike.baidu.com/item/%E7%A6%8F%E5%AE%9D%E5%8F%A4%E5%BB%BA%E7%AD%91%E7%BE%A4,exact,,,,
8-0431-3-234,南部观音庵大殿,南部观音庵大殿,https://baike.baidu.com/item/%E5%8D%97%E9%83%A8%E8%A7%82%E9%9F%B3%E5%BA%B5%E5%A4%A7%E6%AE%BF,exact,觀音庵,https://zh.wikipedia.org/wiki/%E8%A7%80%E9%9F%B3%E5%BA%B5,redirect,
8-0432-3-235,井研雷氏民居,井研雷氏民居,https://baike.baidu.com/item/%E4%BA%95%E7%A0%94%E9%9B%B7%E6%B0%8F%E6%B0%91%E5%B1%85,exact,井研雷氏民居,https://zh.wikipedia.org/wiki/%E4%BA%95%E7%A0%94%E9%9B%B7%E6%B0%8F%E6%B0%91%E5%B1%85,exact,
8-0433-3-236,屏山龙氏山庄,屏山龙氏山庄,https://baike.baidu.com/item/%E5%B1%8F%E5%B1%B1%E9%BE%99%E6%B0%8F%E5%B1%B1%E5%BA%84,exact,,,,
8-0434-3-237,自贡玉川公祠,自贡玉川公祠,https://baike.baidu.com/item/%E8%87%AA%E8%B4%A1%E7%8E%89%E5%B7%9D%E5%85%AC%E7%A5%A0,exact,玉川公祠,https://zh.wikipedia.org/wiki/%E7%8E%89%E5%B7%9D%E5%85%AC%E7%A5%A0,redirect,
8-0435-3-238,甘孜惠远寺,甘孜惠远寺,https://baike.baidu.com/item/%E7%94%98%E5%AD%9C%E6%83%A0%E8%BF%9C%E5%AF%BA,exact,惠远寺,https://zh.wikipedia.org/wiki/%E6%83%A0%E8%BF%9C%E5%AF%BA,redirect,
8-0436-3-239,正安尹道真务本堂,正安尹道真务本堂,https://baike.baidu.com/item/%E6%AD%A3%E5%AE%89%E5%B0%B9%E9%81%93%E7%9C%9F%E5%8A%A1%E6%9C%AC%E5%A0%82,exact,,,,
8-0437-3-240,镇远天后宫,镇远天后宫,https://baike.baidu.com/view/9183467.htm,exact,,,,
8-0438-3-241,泸西万寿寺三佛殿,泸西万寿寺三佛殿,https://baike.baidu.com/item/%E6%B3%B8%E8%A5%BF%E4%B8%87%E5%AF%BF%E5%AF%BA%E4%B8%89%E4%BD%9B%E6%AE%BF,exact,,,,
8-0439-3-242,建水土主庙,建水土主庙,https://baike.baidu.com/item/%E5%BB%BA%E6%B0%B4%E5%9C%9F%E4%B8%BB%E5%BA%99,exact,,,,
8-0440-3-243,蒙自玉皇阁,蒙自玉皇阁,https://baike.baidu.com/item/%E8%92%99%E8%87%AA%E7%8E%89%E7%9A%87%E9%98%81,exact,,,,
8-0441-3-244,建水玉皇阁及崇文塔,建水玉皇阁及崇文塔,https://baike.baidu.com/item/%E5%BB%BA%E6%B0%B4%E7%8E%89%E7%9A%87%E9%98%81%E5%8F%8A%E5%B4%87%E6%96%87%E5%A1%94,exact,,,,
8-0442-3-245,新安所古建筑群,新安所古建筑群,https://baike.baidu.com/item/%E6%96%B0%E5%AE%89%E6%89%80%E5%8F%A4%E5%BB%BA%E7%AD%91%E7%BE%A4,exact,,,,
8-0443-3-246,期纳古建筑群,期纳古建筑群,https://baike.baidu.com/item/%E6%9C%9F%E7%BA%B3%E5%8F%A4%E5%BB%BA%E7%AD%91%E7%BE%A4,exact,期纳古建筑群,https://zh.wikipedia.org/wiki/%E6%9C%9F%E7%BA%B3%E5%8F%A4%E5%BB%BA%E7%AD%91%E7%BE%A4,exact,
8-0444-3-247,天峰山古建筑群,天峰山古建筑群,https://baike.baidu.com/item/%E5%A4%A9%E5%B3%B0%E5%B1%B1%E5%8F%A4%E5%BB%BA%E7%AD%91%E7%BE%A4,exact,天峰山古建筑群,https://zh.wikipedia.org/wiki/%E5%A4%A9%E5%B3%B0%E5%B1%B1%E5%8F%A4%E5%BB%BA%E7%AD%91%E7%BE%A4,exact,
8-0445-3-248,弥渡五台大寺,弥渡五台大寺,https://baike.baidu.com/item/%E5%BC%A5%E6%B8%A1%E4%BA%94%E5%8F%B0%E5%A4%A7%E5%AF%BA,exact,,,,
8-0446-3-249,云南提督府旧址,云南提督府旧址,https://baike.baidu.com/item/%E4%BA%91%E5%8D%97%E6%8F%90%E7%9D%A3%E5%BA%9C%E6%97%A7%E5%9D%80,exact,云南提督府旧址,https://zh.wikipedia.org/wiki/%E4%BA%91%E5%8D%97%E6%8F%90%E7%9D%A3%E5%BA%9C%E6%97%A7%E5%9D%80,exact,
8-0447-3-250,叶枝土司衙署,叶枝土司衙署,https://baike.baidu.com/item/%E5%8F%B6%E6%9E%9D%E5%9C%9F%E5%8F%B8%E8%A1%99%E7%BD%B2,exact,叶枝土司衙署,https://zh.wikipedia.org/wiki/%E5%8F%B6%E6%9E%9D%E5%9C%9F%E5%8F%B8%E8%A1%99%E7%BD%B2,exact,
8-0448-3-251,洄澜桥阁,洄澜桥阁,https://baike.baidu.com/item/%E6%B4%84%E6%BE%9C%E6%A1%A5%E9%98%81,exact,,,,
8-0449-3-252,江川文庙,江川文庙,https://baike.baidu.com/view/7113462.htm,exact,江川文庙,https://zh.wikipedia.org/wiki/%E6%B1%9F%E5%B7%9D%E6%96%87%E5%BA%99,exact,
8-0450-3-253,流浪河磨房群,流浪河磨房群,https://baike.baidu.com/item/%E6%B5%81%E6%B5%AA%E6%B2%B3%E7%A3%A8%E6%88%BF%E7%BE%A4,exact,,,,
8-0451-3-254,墨江文庙,墨江文庙,https://baike.baidu.com/view/4884532.htm,exact,墨江文庙,https://zh.wikipedia.org/wiki/%E5%A2%A8%E6%B1%9F%E6%96%87%E5%BA%99,exact,
8-0452-3-255,海口川字闸,海口川字闸,https://baike.baidu.com/item/%E6%B5%B7%E5%8F%A3%E5%B7%9D%E5%AD%97%E9%97%B8,exact,海口川字闸,https://zh.wikipedia.org/wiki/%E6%B5%B7%E5%8F%A3%E5%B7%9D%E5%AD%97%E9%97%B8,exact,
8-0453-3-256,建水学政考棚,建水学政考棚,https://baike.baidu.com/item/%E5%BB%BA%E6%B0%B4%E5%AD%A6%E6%94%BF%E8%80%83%E6%A3%9A,exact,,,,
8-0454-3-257,同乐傈僳族民居建筑群,同乐傈僳族民居建筑群,https://baike.baidu.com/item/%E5%90%8C%E4%B9%90%E5%82%88%E5%83%B3%E6%97%8F%E6%B0%91%E5%B1%85%E5%BB%BA%E7%AD%91%E7%BE%A4,exact,同乐傈僳族民居建筑群,https://zh.wikipedia.org/wiki/%E5%90%8C%E4%B9%90%E5%82%88%E5%83%B3%E6%97%8F%E6%B0%91%E5%B1%85%E5%BB%BA%E7%AD%91%E7%BE%A4,exact,
8-0455-3-258,保山光尊寺,保山光尊寺,https://baike.baidu.com/item/%E4%BF%9D%E5%B1%B1%E5%85%89%E5%B0%8A%E5%AF%BA,exact,,,,
8-0456-3-259,曲西碉楼群,曲西碉楼群,https://baike.baidu.com/item/%E6%9B%B2%E8%A5%BF%E7%A2%89%E6%A5%BC%E7%BE%A4,exact,,,,
8-0457-3-260,乃宁曲德寺,乃宁曲德寺,https://baike.baidu.com/view/1525595.htm,exact,乃宁曲德寺,https://zh.wikipedia.org/wiki/%E4%B9%83%E5%AE%81%E6%9B%B2%E5%BE%B7%E5%AF%BA,exact,
8-0458-3-261,艾旺寺,艾旺寺,https://baike.baidu.com/view/1076979.htm,exact,艾旺寺,https://zh.wikipedia.org/wiki/%E8%89%BE%E6%97%BA%E5%AF%BA,exact,
8-0459-3-262,达律王府,达律王府,https://baike.baidu.com/item/%E8%BE%BE%E5%BE%8B%E7%8E%8B%E5%BA%9C,exact,达律王府,https://zh.wikipedia.org/wiki/%E8%BE%BE%E5%BE%8B%E7%8E%8B%E5%BA%9C,exact,
8-0460-3-263,西安二龙塔,西安二龙塔,https://baike.baidu.com/item/%E8%A5%BF%E5%AE%89%E4%BA%8C%E9%BE%99%E5%A1%94,exact,,,,
8-0461-3-264,富平万斛寺塔,富平万斛寺塔,https://baike.baidu.com/item/%E5%AF%8C%E5%B9%B3%E4%B8%87%E6%96%9B%E5%AF%BA%E5%A1%94,exact,,,,
8-0462-3-265,蒲城海源寺塔,蒲城海源寺塔,https://baike.baidu.com/item/%E8%92%B2%E5%9F%8E%E6%B5%B7%E6%BA%90%E5%AF%BA%E5%A1%94,exact,,,,
8-0463-3-266,户县化羊庙东岳献殿,户县化羊庙东岳献殿,https://baike.baidu.com/item/%E6%88%B7%E5%8E%BF%E5%8C%96%E7%BE%8A%E5%BA%99%E4%B8%9C%E5%B2%B3%E7%8C%AE%E6%AE%BF,exact,,,,
8-0464-3-267,合阳千金塔,合阳千金塔,https://baike.baidu.com/item/%E5%90%88%E9%98%B3%E5%8D%83%E9%87%91%E5%A1%94,exact,,,,
8-0465-3-268,柳枝关帝庙,柳枝关帝庙,https://baike.baidu.com/item/%E6%9F%B3%E6%9E%9D%E5%85%B3%E5%B8%9D%E5%BA%99,exact,柳枝关帝庙,https://zh.wikipedia.org/wiki/%E6%9F%B3%E6%9E%9D%E5%85%B3%E5%B8%9D%E5%BA%99,exact,
8-0466-3-269,马庄华严寺,马庄华严寺,https://baike.baidu.com/item/%E9%A9%AC%E5%BA%84%E5%8D%8E%E4%B8%A5%E5%AF%BA,exact,,,,
8-0467-3-270,蒲城考院,蒲城考院,https://baike.baidu.com/item/%E8%92%B2%E5%9F%8E%E8%80%83%E9%99%A2,exact,,,,
8-0468-3-271,米脂常氏庄园,米脂常氏庄园,https://baike.baidu.com/item/%E7%B1%B3%E8%84%82%E5%B8%B8%E6%B0%8F%E5%BA%84%E5%9B%AD,exact,,,,
8-0469-3-272,福津广严院,福津广严院,https://baike.baidu.com/item/%E7%A6%8F%E6%B4%A5%E5%B9%BF%E4%B8%A5%E9%99%A2,exact,福津广严院,https://zh.wikipedia.org/wiki/%E7%A6%8F%E6%B4%A5%E5%B9%BF%E4%B8%A5%E9%99%A2,exact,
8-0470-3-273,武山圣寿寺,武山圣寿寺,https://baike.baidu.com/item/%E6%AD%A6%E5%B1%B1%E5%9C%A3%E5%AF%BF%E5%AF%BA,exact,,,,
8-0471-3-274,正宁文庙大成殿,正宁文庙大成殿,https://baike.baidu.com/item/%E6%AD%A3%E5%AE%81%E6%96%87%E5%BA%99%E5%A4%A7%E6%88%90%E6%AE%BF,exact,,,,
8-0472-3-275,张掖东仓,张掖东仓,https://baike.baidu.com/item/%E5%BC%A0%E6%8E%96%E4%B8%9C%E4%BB%93,exact,张掖东仓,https://zh.wikipedia.org/wiki/%E5%BC%A0%E6%8E%96%E4%B8%9C%E4%BB%93,exact,
8-0473-3-276,静宁文庙,静宁文庙,https://baike.baidu.com/view/1595578.htm,exact,静宁文庙,https://zh.wikipedia.org/wiki/%E9%9D%99%E5%AE%81%E6%96%87%E5%BA%99,exact,
8-0474-3-277,永昌北海子塔,永昌北海子塔,https://baike.baidu.com/item/%E6%B0%B8%E6%98%8C%E5%8C%97%E6%B5%B7%E5%AD%90%E5%A1%94,exact,永昌北海子塔,https://zh.wikipedia.org/wiki/%E6%B0%B8%E6%98%8C%E5%8C%97%E6%B5%B7%E5%AD%90%E5%A1%94,exact,
8-0475-3-278,天水纪信祠,天水纪信祠,https://baike.baidu.com/item/%E5%A4%A9%E6%B0%B4%E7%BA%AA%E4%BF%A1%E7%A5%A0,exact,,,,
8-0476-3-279,张掖高总兵宅院,张掖高总兵宅院,https://baike.baidu.com/item/%E5%BC%A0%E6%8E%96%E9%AB%98%E6%80%BB%E5%85%B5%E5%AE%85%E9%99%A2,exact,,,,
8-0477-3-280,天祝东大寺,天祝东大寺,https://baike.baidu.com/item/%E5%A4%A9%E7%A5%9D%E4%B8%9C%E5%A4%A7%E5%AF%BA,exact,,,,
8-0478-4-001,狄仁杰祠堂碑,狄仁杰祠堂碑,https://baike.baidu.com/view/1027371.htm,exact,狄仁杰祠堂碑,https://zh.wikipedia.org/wiki/%E7%8B%84%E4%BB%81%E6%9D%B0%E7%A5%A0%E5%A0%82%E7%A2%91,exact,
8-0479-4-002,曲里千佛洞石窟,曲里千佛洞石窟,https://baike.baidu.com/item/%E6%9B%B2%E9%87%8C%E5%8D%83%E4%BD%9B%E6%B4%9E%E7%9F%B3%E7%AA%9F,exact,曲里千佛洞石窟,https://zh.wikipedia.org/wiki/%E6%9B%B2%E9%87%8C%E5%8D%83%E4%BD%9B%E6%B4%9E%E7%9F%B3%E7%AA%9F,exact,
8-0480-4-003,山神峪千佛洞石窟,山神峪千佛洞石窟,https://baike.baidu.com/item/%E5%B1%B1%E7%A5%9E%E5%B3%AA%E5%8D%83%E4%BD%9B%E6%B4%9E%E7%9F%B3%E7%AA%9F,exact,山神峪千佛洞石窟,https://zh.wikipedia.org/wiki/%E5%B1%B1%E7%A5%9E%E5%B3%AA%E5%8D%83%E4%BD%9B%E6%B4%9E%E7%9F%B3%E7%AA%9F,exact,
8-0481-4-004,挂甲山摩崖造像,挂甲山摩崖造像,https://baike.baidu.com/view/2019459.htm,exact,挂甲山摩崖造像,https://zh.wikipedia.org/wiki/%E6%8C%82%E7%94%B2%E5%B1%B1%E6%91%A9%E5%B4%96%E9%80%A0%E5%83%8F,exact,
8-0482-4-005,营里千佛洞石窟,营里千佛洞石窟,https://baike.baidu.com/item/%E8%90%A5%E9%87%8C%E5%8D%83%E4%BD%9B%E6%B4%9E%E7%9F%B3%E7%AA%9F,exact,营里千佛洞石窟,https://zh.wikipedia.org/wiki/%E8%90%A5%E9%87%8C%E5%8D%83%E4%BD%9B%E6%B4%9E%E7%9F%B3%E7%AA%9F,exact,
8-0483-4-006,竖石佛摩崖造像,竖石佛摩崖造像,https://baike.baidu.com/item/%E7%AB%96%E7%9F%B3%E4%BD%9B%E6%91%A9%E5%B4%96%E9%80%A0%E5%83%8F,exact,竖石佛摩崖造像,https://zh.wikipedia.org/wiki/%E7%AB%96%E7%9F%B3%E4%BD%9B%E6%91%A9%E5%B4%96%E9%80%A0%E5%83%8F,exact,
8-0484-4-007,静居寺石窟,静居寺石窟,https://baike.baidu.com/view/2007351.htm,exact,,,,
8-0485-4-008,汉建初元年买地刻石,汉建初元年买地刻石,https://baike.baidu.com/item/%E6%B1%89%E5%BB%BA%E5%88%9D%E5%85%83%E5%B9%B4%E4%B9%B0%E5%9C%B0%E5%88%BB%E7%9F%B3,exact,汉建初元年买地刻石,https://zh.wikipedia.org/wiki/%E6%B1%89%E5%BB%BA%E5%88%9D%E5%85%83%E5%B9%B4%E4%B9%B0%E5%9C%B0%E5%88%BB%E7%9F%B3,exact,
8-0486-4-009,雁荡山龙鼻洞摩崖题记,雁荡山龙鼻洞摩崖题记,https://baike.baidu.com/view/2729049.htm,exact,雁荡山龙鼻洞摩崖题记,https://zh.wikipedia.org/wiki/%E9%9B%81%E8%8D%A1%E5%B1%B1%E9%BE%99%E9%BC%BB%E6%B4%9E%E6%91%A9%E5%B4%96%E9%A2%98%E8%AE%B0,exact,
8-0487-4-010,杭州孔庙碑林,杭州孔庙碑林,https://baike.baidu.com/item/%E6%9D%AD%E5%B7%9E%E5%AD%94%E5%BA%99%E7%A2%91%E6%9E%97,exact,,,,
8-0488-4-011,仙岩洞摩崖题记,仙岩洞摩崖题记,https://baike.baidu.com/view/2755207.htm,exact,仙岩洞摩崖题记,https://zh.wikipedia.org/wiki/%E4%BB%99%E5%B2%A9%E6%B4%9E%E6%91%A9%E5%B4%96%E9%A2%98%E8%AE%B0,exact,
8-0489-4-012,道场山祈年题记,道场山祈年题记,https://baike.baidu.com/item/%E9%81%93%E5%9C%BA%E5%B1%B1%E7%A5%88%E5%B9%B4%E9%A2%98%E8%AE%B0,exact,道场山祈年题记,https://zh.wikipedia.org/wiki/%E9%81%93%E5%9C%BA%E5%B1%B1%E7%A5%88%E5%B9%B4%E9%A2%98%E8%AE%B0,exact,
8-0490-4-013,阮鹗墓石刻,阮鹗墓石刻,https://baike.baidu.com/item/%E9%98%AE%E9%B9%97%E5%A2%93%E7%9F%B3%E5%88%BB,exact,,,,
8-0491-4-014,汪由敦墓石刻,汪由敦墓石刻,https://baike.baidu.com/item/%E6%B1%AA%E7%94%B1%E6%95%A6%E5%A2%93%E7%9F%B3%E5%88%BB,exact,汪由敦墓石刻,https://zh.wikipedia.org/wiki/%E6%B1%AA%E7%94%B1%E6%95%A6%E5%A2%93%E7%9F%B3%E5%88%BB,exact,
8-0492-4-015,南安桃源宫陀罗尼经幢,南安桃源宫陀罗尼经幢,https://baike.baidu.com/item/%E5%8D%97%E5%AE%89%E6%A1%83%E6%BA%90%E5%AE%AB%E9%99%80%E7%BD%97%E5%B0%BC%E7%BB%8F%E5%B9%A2,exact,南安桃源宫陀罗尼经幢,https://zh.wikipedia.org/wiki/%E5%8D%97%E5%AE%89%E6%A1%83%E6%BA%90%E5%AE%AB%E9%99%80%E7%BD%97%E5%B0%BC%E7%BB%8F%E5%B9%A2,exact,
8-0493-4-016,魁星岩摩崖造像,魁星岩摩崖造像,https://baike.baidu.com/item/%E9%AD%81%E6%98%9F%E5%B2%A9%E6%91%A9%E5%B4%96%E9%80%A0%E5%83%8F,exact,,,,
8-0494-4-017,老庄大佛寺石刻造像,老庄大佛寺石刻造像,https://baike.baidu.com/item/%E8%80%81%E5%BA%84%E5%A4%A7%E4%BD%9B%E5%AF%BA%E7%9F%B3%E5%88%BB%E9%80%A0%E5%83%8F,exact,老庄大佛寺石刻造像,https://zh.wikipedia.org/wiki/%E8%80%81%E5%BA%84%E5%A4%A7%E4%BD%9B%E5%AF%BA%E7%9F%B3%E5%88%BB%E9%80%A0%E5%83%8F,exact,
8-0495-4-018,陶山朝阳洞石刻造像,陶山朝阳洞石刻造像,https://baike.baidu.com/item/%E9%99%B6%E5%B1%B1%E6%9C%9D%E9%98%B3%E6%B4%9E%E7%9F%B3%E5%88%BB%E9%80%A0%E5%83%8F,exact,陶山朝阳洞石刻造像,https://zh.wikipedia.org/wiki/%E9%99%B6%E5%B1%B1%E6%9C%9D%E9%98%B3%E6%B4%9E%E7%9F%B3%E5%88%BB%E9%80%A0%E5%83%8F,exact,
8-0496-4-019,尹宙碑,尹宙碑,https://baike.baidu.com/subview/1380312/1380312.htm,exact,,,,
8-0497-4-020,回銮碑,回銮碑,https://baike.baidu.com/view/242083.htm,exact,,,,
8-0498-4-021,佛顶尊胜陀罗尼经幢,佛顶尊胜陀罗尼经幢,https://baike.baidu.com/view/2986278.htm,exact,,,,
8-0499-4-022,丹口苗文石刻群,丹口苗文石刻群,https://baike.baidu.com/item/%E4%B8%B9%E5%8F%A3%E8%8B%97%E6%96%87%E7%9F%B3%E5%88%BB%E7%BE%A4,exact,,,,
8-0500-4-023,石门寺摩崖造像,石门寺摩崖造像,https://baike.baidu.com/item/%E7%9F%B3%E9%97%A8%E5%AF%BA%E6%91%A9%E5%B4%96%E9%80%A0%E5%83%8F,exact,,,,
8-0501-4-024,重龙山摩崖造像,重龙山摩崖造像,https://baike.baidu.com/item/%E9%87%8D%E9%BE%99%E5%B1%B1%E6%91%A9%E5%B4%96%E9%80%A0%E5%83%8F,exact,,,,
8-0502-4-025,宜宾流杯池石刻,宜宾流杯池石刻,https://baike.baidu.com/item/%E5%AE%9C%E5%AE%BE%E6%B5%81%E6%9D%AF%E6%B1%A0%E7%9F%B3%E5%88%BB,exact,,,,
8-0503-4-026,温泉摩崖石刻群,温泉摩崖石刻群,https://baike.baidu.com/item/%E6%B8%A9%E6%B3%89%E6%91%A9%E5%B4%96%E7%9F%B3%E5%88%BB%E7%BE%A4,exact,温泉摩崖石刻群,https://zh.wikipedia.org/wiki/%E6%B8%A9%E6%B3%89%E6%91%A9%E5%B4%96%E7%9F%B3%E5%88%BB%E7%BE%A4,exact,
8-0504-4-027,查拉路甫石窟,查拉路甫石窟,https://baike.baidu.com/item/%E6%9F%A5%E6%8B%89%E8%B7%AF%E7%94%AB%E7%9F%B3%E7%AA%9F,exact,,,,
8-0505-4-028,仁达摩崖造像,仁达摩崖造像,https://baike.baidu.com/item/%E4%BB%81%E8%BE%BE%E6%91%A9%E5%B4%96%E9%80%A0%E5%83%8F,exact,仁达摩崖造像,https://zh.wikipedia.org/wiki/%E4%BB%81%E8%BE%BE%E6%91%A9%E5%B4%96%E9%80%A0%E5%83%8F,exact,
8-0506-4-029,囊巴朗则石雕,囊巴朗则石雕,https://baike.baidu.com/item/%E5%9B%8A%E5%B7%B4%E6%9C%97%E5%88%99%E7%9F%B3%E9%9B%95,exact,,,,
8-0507-4-030,乃甲切木石窟,乃甲切木石窟,https://baike.baidu.com/item/%E4%B9%83%E7%94%B2%E5%88%87%E6%9C%A8%E7%9F%B3%E7%AA%9F,exact,乃甲切木石窟,https://zh.wikipedia.org/wiki/%E4%B9%83%E7%94%B2%E5%88%87%E6%9C%A8%E7%9F%B3%E7%AA%9F,exact,
8-0508-4-031,林恩摩崖石刻,林恩摩崖石刻,https://baike.baidu.com/item/%E6%9E%97%E6%81%A9%E6%91%A9%E5%B4%96%E7%9F%B3%E5%88%BB,exact,,,,
8-0509-4-032,金川湾石窟,金川湾石窟,https://baike.baidu.com/view/3317481.htm,exact,金川湾石窟,https://zh.wikipedia.org/wiki/%E9%87%91%E5%B7%9D%E6%B9%BE%E7%9F%B3%E7%AA%9F,exact,
8-0510-4-033,城台石窟,城台石窟,https://baike.baidu.com/item/%E5%9F%8E%E5%8F%B0%E7%9F%B3%E7%AA%9F,exact,,,,
8-0511-4-034,河峪摩崖石刻,河峪摩崖石刻,https://baike.baidu.com/item/%E6%B2%B3%E5%B3%AA%E6%91%A9%E5%B4%96%E7%9F%B3%E5%88%BB,exact,,,,
8-0512-4-035,昌马石窟,昌马石窟,https://baike.baidu.com/view/1054410.htm,exact,昌马石窟,https://zh.wikipedia.org/wiki/%E6%98%8C%E9%A9%AC%E7%9F%B3%E7%AA%9F,exact,
8-0513-4-036,童子寺石窟,童子寺石窟,https://baike.baidu.com/view/9199466.htm,exact,,,,
8-0514-4-037,大麦地岩画,大麦地岩画,https://baike.baidu.com/view/140146.htm,exact,,,,
8-0515-4-038,焕彩沟石刻,焕彩沟石刻,https://baike.baidu.com/item/%E7%84%95%E5%BD%A9%E6%B2%9F%E7%9F%B3%E5%88%BB,exact,焕彩沟石刻,https://zh.wikipedia.org/wiki/%E7%84%95%E5%BD%A9%E6%B2%9F%E7%9F%B3%E5%88%BB,exact,
8-0516-4-039,刘平国刻石,刘平国刻石,https://baike.baidu.com/item/%E5%88%98%E5%B9%B3%E5%9B%BD%E5%88%BB%E7%9F%B3,exact,刘平国刻石,https://zh.wikipedia.org/wiki/%E5%88%98%E5%B9%B3%E5%9B%BD%E5%88%BB%E7%9F%B3,exact,
8-0517-5-001,双清别墅,双清别墅,https://baike.baidu.com/subview/429887/429887.htm,exact,双清别墅,https://zh.wikipedia.org/wiki/%E5%8F%8C%E6%B8%85%E5%88%AB%E5%A2%85,exact,
8-0518-5-002,原子能“一堆一器”旧址,原子能“一堆一器”旧址,https://baike.baidu.com/item/%E5%8E%9F%E5%AD%90%E8%83%BD%E2%80%9C%E4%B8%80%E5%A0%86%E4%B8%80%E5%99%A8%E2%80%9D%E6%97%A7%E5%9D%80,exact,中国原子能科学研究院,https://zh.wikipedia.org/wiki/%E4%B8%AD%E5%9B%BD%E5%8E%9F%E5%AD%90%E8%83%BD%E7%A7%91%E5%AD%A6%E7%A0%94%E7%A9%B6%E9%99%A2,redirect,
8-0519-5-003,北京站车站大楼,北京站车站大楼,https://baike.baidu.com/item/%E5%8C%97%E4%BA%AC%E7%AB%99%E8%BD%A6%E7%AB%99%E5%A4%A7%E6%A5%BC,exact,北京站,https://zh.wikipedia.org/wiki/%E5%8C%97%E4%BA%AC%E7%AB%99,redirect,
8-0520-5-004,宋庆龄儿童科学技术馆,宋庆龄儿童科学技术馆,https://baike.baidu.com/item/%E5%AE%8B%E5%BA%86%E9%BE%84%E5%84%BF%E7%AB%A5%E7%A7%91%E5%AD%A6%E6%8A%80%E6%9C%AF%E9%A6%86,exact,宋庆龄儿童科学技术馆,https://zh.wikipedia.org/wiki/%E5%AE%8B%E5%BA%86%E9%BE%84%E5%84%BF%E7%AB%A5%E7%A7%91%E5%AD%A6%E6%8A%80%E6%9C%AF%E9%A6%86,exact,
8-0521-5-005,新开河火车站旧址,新开河火车站旧址,https://baike.baidu.com/item/%E6%96%B0%E5%BC%80%E6%B2%B3%E7%81%AB%E8%BD%A6%E7%AB%99%E6%97%A7%E5%9D%80,exact,,,,
8-0522-5-006,觉悟社旧址,觉悟社旧址,https://baike.baidu.com/view/73280.htm,exact,觉悟社旧址,https://zh.wikipedia.org/wiki/%E8%A7%89%E6%82%9F%E7%A4%BE%E6%97%A7%E5%9D%80,exact,
8-0523-5-007,北疆博物院旧址,北疆博物院旧址,https://baike.baidu.com/item/%E5%8C%97%E7%96%86%E5%8D%9A%E7%89%A9%E9%99%A2%E6%97%A7%E5%9D%80,exact,,,,
8-0524-5-008,南开大学思源堂,南开大学思源堂,https://baike.baidu.com/item/%E5%8D%97%E5%BC%80%E5%A4%A7%E5%AD%A6%E6%80%9D%E6%BA%90%E5%A0%82,exact,,,,
8-0525-5-009,平津战役前线司令部旧址,平津战役前线司令部旧址,https://baike.baidu.com/view/822319.htm,exact,平津战役前线司令部旧址,https://zh.wikipedia.org/wiki/%E5%B9%B3%E6%B4%A5%E6%88%98%E5%BD%B9%E5%89%8D%E7%BA%BF%E5%8F%B8%E4%BB%A4%E9%83%A8%E6%97%A7%E5%9D%80,exact,
8-0526-5-010,天津市军事管制委员会和中共天津市委旧址,天津市军事管制委员会和中共天津市委旧址,https://baike.baidu.com/item/%E5%A4%A9%E6%B4%A5%E5%B8%82%E5%86%9B%E4%BA%8B%E7%AE%A1%E5%88%B6%E5%A7%94%E5%91%98%E4%BC%9A%E5%92%8C%E4%B8%AD%E5%85%B1%E5%A4%A9%E6%B4%A5%E5%B8%82%E5%A7%94%E6%97%A7%E5%9D%80,exact,,,,
8-0527-5-011,左权将军墓,左权将军墓,https://baike.baidu.com/view/158891.htm,exact,,,,
8-0528-5-012,高君宇故居,高君宇故居,https://baike.baidu.com/view/1947093.htm,exact,高君宇故居,https://zh.wikipedia.org/wiki/%E9%AB%98%E5%90%9B%E5%AE%87%E6%95%85%E5%B1%85,exact,
8-0529-5-013,山西督军府旧址,山西督军府旧址,https://baike.baidu.com/view/3065432.htm,exact,,,,
8-0530-5-014,忻口战役遗址,忻口战役遗址,https://baike.baidu.com/view/1055589.htm,exact,忻口战役遗址,https://zh.wikipedia.org/wiki/%E5%BF%BB%E5%8F%A3%E6%88%98%E5%BD%B9%E9%81%97%E5%9D%80,exact,
8-0531-5-015,金岗库村晋察冀军区司令部旧址,金岗库村晋察冀军区司令部旧址,https://baike.baidu.com/item/%E9%87%91%E5%B2%97%E5%BA%93%E6%9D%91%E6%99%8B%E5%AF%9F%E5%86%80%E5%86%9B%E5%8C%BA%E5%8F%B8%E4%BB%A4%E9%83%A8%E6%97%A7%E5%9D%80,exact,金岗库村晋察冀军区司令部旧址,https://zh.wikipedia.org/wiki/%E9%87%91%E5%B2%97%E5%BA%93%E6%9D%91%E6%99%8B%E5%AF%9F%E5%86%80%E5%86%9B%E5%8C%BA%E5%8F%B8%E4%BB%A4%E9%83%A8%E6%97%A7%E5%9D%80,exact,
8-0532-5-016,晋绥日报社旧址,晋绥日报社旧址,https://baike.baidu.com/item/%E6%99%8B%E7%BB%A5%E6%97%A5%E6%8A%A5%E7%A4%BE%E6%97%A7%E5%9D%80,exact,晋绥日报社旧址,https://zh.wikipedia.org/wiki/%E6%99%8B%E7%BB%A5%E6%97%A5%E6%8A%A5%E7%A4%BE%E6%97%A7%E5%9D%80,exact,
8-0533-5-017,小李村太岳行署旧址,小李村太岳行署旧址,https://baike.baidu.com/item/%E5%B0%8F%E6%9D%8E%E6%9D%91%E5%A4%AA%E5%B2%B3%E8%A1%8C%E7%BD%B2%E6%97%A7%E5%9D%80,exact,小李村太岳行署旧址,https://zh.wikipedia.org/wiki/%E5%B0%8F%E6%9D%8E%E6%9D%91%E5%A4%AA%E5%B2%B3%E8%A1%8C%E7%BD%B2%E6%97%A7%E5%9D%80,exact,
8-0534-5-018,北坡中共中央晋绥分局旧址,北坡中共中央晋绥分局旧址,https://baike.baidu.com/item/%E5%8C%97%E5%9D%A1%E4%B8%AD%E5%85%B1%E4%B8%AD%E5%A4%AE%E6%99%8B%E7%BB%A5%E5%88%86%E5%B1%80%E6%97%A7%E5%9D%80,exact,北坡中共中央晋绥分局旧址,https://zh.wikipedia.org/wiki/%E5%8C%97%E5%9D%A1%E4%B8%AD%E5%85%B1%E4%B8%AD%E5%A4%AE%E6%99%8B%E7%BB%A5%E5%88%86%E5%B1%80%E6%97%A7%E5%9D%80,exact,
8-0535-5-019,临县陕甘宁晋绥联防军指挥部旧址,临县陕甘宁晋绥联防军指挥部旧址,https://baike.baidu.com/item/%E4%B8%B4%E5%8E%BF%E9%99%95%E7%94%98%E5%AE%81%E6%99%8B%E7%BB%A5%E8%81%94%E9%98%B2%E5%86%9B%E6%8C%87%E6%8C%A5%E9%83%A8%E6%97%A7%E5%9D%80,exact,临县陕甘宁晋绥联防军指挥部旧址,https://zh.wikipedia.org/wiki/%E4%B8%B4%E5%8E%BF%E9%99%95%E7%94%98%E5%AE%81%E6%99%8B%E7%BB%A5%E8%81%94%E9%98%B2%E5%86%9B%E6%8C%87%E6%8C%A5%E9%83%A8%E6%97%A7%E5%9D%80,exact,
8-0536-5-020,临县中央后委机关旧址,临县中央后委机关旧址,https://baike.baidu.com/item/%E4%B8%B4%E5%8E%BF%E4%B8%AD%E5%A4%AE%E5%90%8E%E5%A7%94%E6%9C%BA%E5%85%B3%E6%97%A7%E5%9D%80,exact,临县中央后委机关旧址,https://zh.wikipedia.org/wiki/%E4%B8%B4%E5%8E%BF%E4%B8%AD%E5%A4%AE%E5%90%8E%E5%A7%94%E6%9C%BA%E5%85%B3%E6%97%A7%E5%9D%80,exact,
8-0537-5-021,白塔火车站旧址,白塔火车站旧址,https://baike.baidu.com/item/%E7%99%BD%E5%A1%94%E7%81%AB%E8%BD%A6%E7%AB%99%E6%97%A7%E5%9D%80,exact,,,,
8-0538-5-022,侵华日军木石匣工事旧址,侵华日军木石匣工事旧址,https://baike.baidu.com/item/%E4%BE%B5%E5%8D%8E%E6%97%A5%E5%86%9B%E6%9C%A8%E7%9F%B3%E5%8C%A3%E5%B7%A5%E4%BA%8B%E6%97%A7%E5%9D%80,exact,,,,
8-0539-5-023,集宁战役旧址,集宁战役旧址,https://baike.baidu.com/item/%E9%9B%86%E5%AE%81%E6%88%98%E5%BD%B9%E6%97%A7%E5%9D%80,exact,,,,
8-0540-5-024,旅顺沙俄陆防副司令官邸建筑,旅顺沙俄陆防副司令官邸建筑,https://baike.baidu.com/item/%E6%97%85%E9%A1%BA%E6%B2%99%E4%BF%84%E9%99%86%E9%98%B2%E5%89%AF%E5%8F%B8%E4%BB%A4%E5%AE%98%E9%82%B8%E5%BB%BA%E7%AD%91,exact,旅顺沙俄陆防副司令官邸建筑,https://zh.wikipedia.org/wiki/%E6%97%85%E9%A1%BA%E6%B2%99%E4%BF%84%E9%99%86%E9%98%B2%E5%89%AF%E5%8F%B8%E4%BB%A4%E5%AE%98%E9%82%B8%E5%BB%BA%E7%AD%91,exact,
8-0541-5-025,鞍山钢铁厂早期建筑,鞍山钢铁厂早期建筑,https://baike.baidu.com/item/%E9%9E%8D%E5%B1%B1%E9%92%A2%E9%93%81%E5%8E%82%E6%97%A9%E6%9C%9F%E5%BB%BA%E7%AD%91,exact,,,,
8-0542-5-026,中共满洲省委旧址,中共满洲省委旧址纪念馆,https://baike.baidu.com/view/6410288.htm,related-location,中共满洲省委旧址,https://zh.wikipedia.org/wiki/%E4%B8%AD%E5%85%B1%E6%BB%A1%E6%B4%B2%E7%9C%81%E5%A7%94%E6%97%A7%E5%9D%80,exact,
8-0543-5-027,北大营营房旧址,北大营,https://baike.baidu.com/view/491222.htm,related-location,北大营营房旧址,https://zh.wikipedia.org/wiki/%E5%8C%97%E5%A4%A7%E8%90%A5%E8%90%A5%E6%88%BF%E6%97%A7%E5%9D%80,exact,
8-0544-5-028,侵华日本关东军护路守备队盘山分队旧址,侵华日本关东军护路守备队盘山分队旧址,https://baike.baidu.com/item/%E4%BE%B5%E5%8D%8E%E6%97%A5%E6%9C%AC%E5%85%B3%E4%B8%9C%E5%86%9B%E6%8A%A4%E8%B7%AF%E5%AE%88%E5%A4%87%E9%98%9F%E7%9B%98%E5%B1%B1%E5%88%86%E9%98%9F%E6%97%A7%E5%9D%80,exact,,,,
8-0545-5-029,台吉万人坑遗址,台吉万人坑遗址,https://baike.baidu.com/item/%E5%8F%B0%E5%90%89%E4%B8%87%E4%BA%BA%E5%9D%91%E9%81%97%E5%9D%80,exact,,,,
8-0546-5-030,审判日本战犯特别军事法庭旧址,审判日本战犯特别军事法庭旧址,https://baike.baidu.com/item/%E5%AE%A1%E5%88%A4%E6%97%A5%E6%9C%AC%E6%88%98%E7%8A%AF%E7%89%B9%E5%88%AB%E5%86%9B%E4%BA%8B%E6%B3%95%E5%BA%AD%E6%97%A7%E5%9D%80,exact,中华人民共和国最高人民法院特别军事法庭,https://zh.wikipedia.org/wiki/%E4%B8%AD%E5%8D%8E%E4%BA%BA%E6%B0%91%E5%85%B1%E5%92%8C%E5%9B%BD%E6%9C%80%E9%AB%98%E4%BA%BA%E6%B0%91%E6%B3%95%E9%99%A2%E7%89%B9%E5%88%AB%E5%86%9B%E4%BA%8B%E6%B3%95%E5%BA%AD,redirect,
8-0547-5-031,吉林机器局旧址,吉林机器局旧址,https://baike.baidu.com/view/4344528.htm,exact,吉林机器局,https://zh.wikipedia.org/wiki/%E5%90%89%E6%9E%97%E6%9C%BA%E5%99%A8%E5%B1%80,redirect,
8-0548-5-032,中俄边界清勘界碑（土字牌）,中俄边界清勘界碑（土字牌）,https://baike.baidu.com/item/%E4%B8%AD%E4%BF%84%E8%BE%B9%E7%95%8C%E6%B8%85%E5%8B%98%E7%95%8C%E7%A2%91%EF%BC%88%E5%9C%9F%E5%AD%97%E7%89%8C%EF%BC%89,exact,,,,
8-0549-5-033,红石砬子抗日根据地遗址,红石砬子抗日根据地遗址,https://baike.baidu.com/item/%E7%BA%A2%E7%9F%B3%E7%A0%AC%E5%AD%90%E6%8A%97%E6%97%A5%E6%A0%B9%E6%8D%AE%E5%9C%B0%E9%81%97%E5%9D%80,exact,,,,
8-0550-5-034,老黑沟惨案遗址,老黑沟惨案遗址,https://baike.baidu.com/view/4793871.htm,exact,老黑沟惨案遗址,https://zh.wikipedia.org/wiki/%E8%80%81%E9%BB%91%E6%B2%9F%E6%83%A8%E6%A1%88%E9%81%97%E5%9D%80,exact,
8-0551-5-035,侵华日军第100部队遗址,侵华日军第100部队遗址,https://baike.baidu.com/item/%E4%BE%B5%E5%8D%8E%E6%97%A5%E5%86%9B%E7%AC%AC100%E9%83%A8%E9%98%9F%E9%81%97%E5%9D%80,exact,,,,
8-0552-5-036,丰满万人坑遗址,,,,丰满万人坑,https://zh.wikipedia.org/wiki/%E4%B8%B0%E6%BB%A1%E4%B8%87%E4%BA%BA%E5%9D%91,redirect,吉林市丰满劳工纪念馆 | https://baike.baidu.com/view/3893113.htm | different-title
8-0553-5-037,石人血泪山死难矿工纪念地,石人血泪山死难矿工纪念地,https://baike.baidu.com/item/%E7%9F%B3%E4%BA%BA%E8%A1%80%E6%B3%AA%E5%B1%B1%E6%AD%BB%E9%9A%BE%E7%9F%BF%E5%B7%A5%E7%BA%AA%E5%BF%B5%E5%9C%B0,exact,,,,
8-0554-5-038,七道沟死难同胞纪念地,七道沟死难同胞纪念地,https://baike.baidu.com/item/%E4%B8%83%E9%81%93%E6%B2%9F%E6%AD%BB%E9%9A%BE%E5%90%8C%E8%83%9E%E7%BA%AA%E5%BF%B5%E5%9C%B0,exact,七道沟死难同胞纪念地,https://zh.wikipedia.org/wiki/%E4%B8%83%E9%81%93%E6%B2%9F%E6%AD%BB%E9%9A%BE%E5%90%8C%E8%83%9E%E7%BA%AA%E5%BF%B5%E5%9C%B0,exact,
8-0555-5-039,伪满建国忠灵庙旧址,伪满建国忠灵庙旧址,https://baike.baidu.com/item/%E4%BC%AA%E6%BB%A1%E5%BB%BA%E5%9B%BD%E5%BF%A0%E7%81%B5%E5%BA%99%E6%97%A7%E5%9D%80,exact,,,,
8-0556-5-040,辽源二战盟军战俘营旧址,辽源二战盟军战俘营旧址,https://baike.baidu.com/item/%E8%BE%BD%E6%BA%90%E4%BA%8C%E6%88%98%E7%9B%9F%E5%86%9B%E6%88%98%E4%BF%98%E8%90%A5%E6%97%A7%E5%9D%80,exact,辽源二战盟军战俘营旧址,https://zh.wikipedia.org/wiki/%E8%BE%BD%E6%BA%90%E4%BA%8C%E6%88%98%E7%9B%9F%E5%86%9B%E6%88%98%E4%BF%98%E8%90%A5%E6%97%A7%E5%9D%80,exact,
8-0557-5-041,中共中央东北局梅河口会议会址,中共中央东北局梅河口会议会址,https://baike.baidu.com/view/883434.htm,exact,中共中央东北局梅河口会议会址,https://zh.wikipedia.org/wiki/%E4%B8%AD%E5%85%B1%E4%B8%AD%E5%A4%AE%E4%B8%9C%E5%8C%97%E5%B1%80%E6%A2%85%E6%B2%B3%E5%8F%A3%E4%BC%9A%E8%AE%AE%E4%BC%9A%E5%9D%80,exact,
8-0558-5-042,鸡西万人坑遗址,鸡西万人坑遗址,https://baike.baidu.com/item/%E9%B8%A1%E8%A5%BF%E4%B8%87%E4%BA%BA%E5%9D%91%E9%81%97%E5%9D%80,exact,,,,
8-0559-5-043,朝阳山东北抗联第三路军密营遗址,朝阳山东北抗联第三路军密营遗址,https://baike.baidu.com/item/%E6%9C%9D%E9%98%B3%E5%B1%B1%E4%B8%9C%E5%8C%97%E6%8A%97%E8%81%94%E7%AC%AC%E4%B8%89%E8%B7%AF%E5%86%9B%E5%AF%86%E8%90%A5%E9%81%97%E5%9D%80,exact,,,,
8-0560-5-044,侵华日军第516部队遗址,侵华日军第516部队遗址,https://baike.baidu.com/item/%E4%BE%B5%E5%8D%8E%E6%97%A5%E5%86%9B%E7%AC%AC516%E9%83%A8%E9%98%9F%E9%81%97%E5%9D%80,exact,「516」化學毒氣部隊舊址,https://zh.wikipedia.org/wiki/%E3%80%8C516%E3%80%8D%E5%8C%96%E5%AD%B8%E6%AF%92%E6%B0%A3%E9%83%A8%E9%9A%8A%E8%88%8A%E5%9D%80,redirect,
8-0561-5-045,中共黑龙江省工作委员会和省政府旧址,中共黑龙江省工作委员会和省政府旧址,https://baike.baidu.com/item/%E4%B8%AD%E5%85%B1%E9%BB%91%E9%BE%99%E6%B1%9F%E7%9C%81%E5%B7%A5%E4%BD%9C%E5%A7%94%E5%91%98%E4%BC%9A%E5%92%8C%E7%9C%81%E6%94%BF%E5%BA%9C%E6%97%A7%E5%9D%80,exact,,,,
8-0562-5-046,人民空军东北老航校旧址,人民空军东北老航校旧址,https://baike.baidu.com/item/%E4%BA%BA%E6%B0%91%E7%A9%BA%E5%86%9B%E4%B8%9C%E5%8C%97%E8%80%81%E8%88%AA%E6%A0%A1%E6%97%A7%E5%9D%80,exact,,,,
8-0563-5-047,圣三一基督教堂,圣三一基督教堂,https://baike.baidu.com/item/%E5%9C%A3%E4%B8%89%E4%B8%80%E5%9F%BA%E7%9D%A3%E6%95%99%E5%A0%82,exact,,,,
8-0564-5-048,圣约翰大学近代建筑,圣约翰大学近代建筑,https://baike.baidu.com/item/%E5%9C%A3%E7%BA%A6%E7%BF%B0%E5%A4%A7%E5%AD%A6%E8%BF%91%E4%BB%A3%E5%BB%BA%E7%AD%91,exact,,,,
8-0565-5-049,上海交通大学早期建筑,上海交通大学早期建筑,https://baike.baidu.com/item/%E4%B8%8A%E6%B5%B7%E4%BA%A4%E9%80%9A%E5%A4%A7%E5%AD%A6%E6%97%A9%E6%9C%9F%E5%BB%BA%E7%AD%91,exact,上海交通大学徐汇校区,https://zh.wikipedia.org/wiki/%E4%B8%8A%E6%B5%B7%E4%BA%A4%E9%80%9A%E5%A4%A7%E5%AD%A6%E5%BE%90%E6%B1%87%E6%A0%A1%E5%8C%BA,redirect,
8-0566-5-050,沪江大学近代建筑,沪江大学近代建筑,https://baike.baidu.com/item/%E6%B2%AA%E6%B1%9F%E5%A4%A7%E5%AD%A6%E8%BF%91%E4%BB%A3%E5%BB%BA%E7%AD%91,exact,,,,
8-0567-5-051,上海工部局宰牲场旧址,上海工部局宰牲场旧址,https://baike.baidu.com/item/%E4%B8%8A%E6%B5%B7%E5%B7%A5%E9%83%A8%E5%B1%80%E5%AE%B0%E7%89%B2%E5%9C%BA%E6%97%A7%E5%9D%80,exact,上海公共租界工部局宰牲场,https://zh.wikipedia.org/wiki/%E4%B8%8A%E6%B5%B7%E5%85%AC%E5%85%B1%E7%A7%9F%E7%95%8C%E5%B7%A5%E9%83%A8%E5%B1%80%E5%AE%B0%E7%89%B2%E5%9C%BA,redirect,
8-0568-5-052,四行仓库抗战旧址,四行仓库抗战旧址,https://baike.baidu.com/item/%E5%9B%9B%E8%A1%8C%E4%BB%93%E5%BA%93%E6%8A%97%E6%88%98%E6%97%A7%E5%9D%80,exact,,,,
8-0569-5-053,中国共产党代表团驻沪办事处旧址,中国共产党代表团驻沪办事处旧址,https://baike.baidu.com/view/1378088.htm,exact,上海周公馆,https://zh.wikipedia.org/wiki/%E4%B8%8A%E6%B5%B7%E5%91%A8%E5%85%AC%E9%A6%86,redirect,
8-0570-5-054,中国福利会少年宫,中国福利会少年宫,https://baike.baidu.com/view/569261.htm,exact,中国福利会少年宫,https://zh.wikipedia.org/wiki/%E4%B8%AD%E5%9B%BD%E7%A6%8F%E5%88%A9%E4%BC%9A%E5%B0%91%E5%B9%B4%E5%AE%AB,exact,
8-0571-5-055,上海科学会堂,上海科学会堂,https://baike.baidu.com/view/9442337.htm,exact,,,,
8-0572-5-056,马林医院旧址,马林医院旧址,https://baike.baidu.com/view/4902385.htm,exact,马林医院旧址,https://zh.wikipedia.org/wiki/%E9%A9%AC%E6%9E%97%E5%8C%BB%E9%99%A2%E6%97%A7%E5%9D%80,exact,
8-0573-5-057,日本驻南京大使馆旧址,日本驻南京大使馆旧址,https://baike.baidu.com/item/%E6%97%A5%E6%9C%AC%E9%A9%BB%E5%8D%97%E4%BA%AC%E5%A4%A7%E4%BD%BF%E9%A6%86%E6%97%A7%E5%9D%80,exact,日本驻南京大使馆旧址,https://zh.wikipedia.org/wiki/%E6%97%A5%E6%9C%AC%E9%A9%BB%E5%8D%97%E4%BA%AC%E5%A4%A7%E4%BD%BF%E9%A6%86%E6%97%A7%E5%9D%80,exact,
8-0574-5-058,国立美术陈列馆旧址,国立美术陈列馆旧址,https://baike.baidu.com/item/%E5%9B%BD%E7%AB%8B%E7%BE%8E%E6%9C%AF%E9%99%88%E5%88%97%E9%A6%86%E6%97%A7%E5%9D%80,exact,国立美术陈列馆旧址,https://zh.wikipedia.org/wiki/%E5%9B%BD%E7%AB%8B%E7%BE%8E%E6%9C%AF%E9%99%88%E5%88%97%E9%A6%86%E6%97%A7%E5%9D%80,exact,
8-0575-5-059,侵华日军南京利济巷慰安所旧址,侵华日军南京利济巷慰安所旧址,https://baike.baidu.com/item/%E4%BE%B5%E5%8D%8E%E6%97%A5%E5%86%9B%E5%8D%97%E4%BA%AC%E5%88%A9%E6%B5%8E%E5%B7%B7%E6%85%B0%E5%AE%89%E6%89%80%E6%97%A7%E5%9D%80,exact,,,,
8-0576-5-060,八路军驻南京办事处旧址,八路军驻南京办事处旧址,https://baike.baidu.com/item/%E5%85%AB%E8%B7%AF%E5%86%9B%E9%A9%BB%E5%8D%97%E4%BA%AC%E5%8A%9E%E4%BA%8B%E5%A4%84%E6%97%A7%E5%9D%80,exact,,,,
8-0577-5-061,新四军盐阜区抗日阵亡将士纪念塔,新四军盐阜区抗日阵亡将士纪念塔,https://baike.baidu.com/view/22278574.htm,exact,,,,
8-0578-5-062,黄花塘新四军军部旧址,黄花塘新四军军部旧址,https://baike.baidu.com/view/794775.htm,exact,,,,
8-0579-5-063,淮安中共中央华中分局旧址,淮安中共中央华中分局旧址,https://baike.baidu.com/item/%E6%B7%AE%E5%AE%89%E4%B8%AD%E5%85%B1%E4%B8%AD%E5%A4%AE%E5%8D%8E%E4%B8%AD%E5%88%86%E5%B1%80%E6%97%A7%E5%9D%80,exact,中共中央华中分局旧址,https://zh.wikipedia.org/wiki/%E4%B8%AD%E5%85%B1%E4%B8%AD%E5%A4%AE%E5%8D%8E%E4%B8%AD%E5%88%86%E5%B1%80%E6%97%A7%E5%9D%80,redirect,
8-0580-5-064,沈钧儒故居,沈钧儒故居,https://baike.baidu.com/view/2713282.htm,exact,沈钧儒故居,https://zh.wikipedia.org/wiki/%E6%B2%88%E9%92%A7%E5%84%92%E6%95%85%E5%B1%85,exact,
8-0581-5-065,英国驻温州领事馆旧址,英国驻温州领事馆旧址,https://baike.baidu.com/view/2729019.htm,exact,,,,
8-0582-5-066,求是书院旧址,求是书院旧址,https://baike.baidu.com/item/%E6%B1%82%E6%98%AF%E4%B9%A6%E9%99%A2%E6%97%A7%E5%9D%80,exact,,,,
8-0583-5-067,恩泽医局旧址,恩泽医局旧址,https://baike.baidu.com/item/%E6%81%A9%E6%B3%BD%E5%8C%BB%E5%B1%80%E6%97%A7%E5%9D%80,exact,恩泽医局旧址,https://zh.wikipedia.org/wiki/%E6%81%A9%E6%B3%BD%E5%8C%BB%E5%B1%80%E6%97%A7%E5%9D%80,exact,
8-0584-5-068,浙江图书馆旧址,浙江图书馆旧址,https://baike.baidu.com/view/2716439.htm,exact,,,,
8-0585-5-069,陈望道故居,陈望道故居,https://baike.baidu.com/view/969255.htm,exact,陈望道故居,https://zh.wikipedia.org/wiki/%E9%99%88%E6%9C%9B%E9%81%93%E6%95%85%E5%B1%85,exact,
8-0586-5-070,史家庄花厅,史家庄花厅,https://baike.baidu.com/item/%E5%8F%B2%E5%AE%B6%E5%BA%84%E8%8A%B1%E5%8E%85,exact,史家庄花厅,https://zh.wikipedia.org/wiki/%E5%8F%B2%E5%AE%B6%E5%BA%84%E8%8A%B1%E5%8E%85,exact,
8-0587-5-071,仁爱医院旧址,仁爱医院旧址,https://baike.baidu.com/view/2719491.htm,exact,,,,
8-0588-5-072,第一届西湖博览会工业馆旧址,第一届西湖博览会工业馆旧址,https://baike.baidu.com/item/%E7%AC%AC%E4%B8%80%E5%B1%8A%E8%A5%BF%E6%B9%96%E5%8D%9A%E8%A7%88%E4%BC%9A%E5%B7%A5%E4%B8%9A%E9%A6%86%E6%97%A7%E5%9D%80,exact,,,,
8-0589-5-073,五四宪法起草地旧址,五四宪法起草地旧址,https://baike.baidu.com/item/%E4%BA%94%E5%9B%9B%E5%AE%AA%E6%B3%95%E8%B5%B7%E8%8D%89%E5%9C%B0%E6%97%A7%E5%9D%80,exact,五四宪法起草地旧址,https://zh.wikipedia.org/wiki/%E4%BA%94%E5%9B%9B%E5%AE%AA%E6%B3%95%E8%B5%B7%E8%8D%89%E5%9C%B0%E6%97%A7%E5%9D%80,exact,
8-0590-5-074,一江山岛战役遗址,一江山岛战役遗址,https://baike.baidu.com/item/%E4%B8%80%E6%B1%9F%E5%B1%B1%E5%B2%9B%E6%88%98%E5%BD%B9%E9%81%97%E5%9D%80,exact,一江山岛,https://zh.wikipedia.org/wiki/%E4%B8%80%E6%B1%9F%E5%B1%B1%E5%B2%9B,redirect,
8-0591-5-075,王店粮仓群,王店粮仓群,https://baike.baidu.com/item/%E7%8E%8B%E5%BA%97%E7%B2%AE%E4%BB%93%E7%BE%A4,exact,王店粮仓群,https://zh.wikipedia.org/wiki/%E7%8E%8B%E5%BA%97%E7%B2%AE%E4%BB%93%E7%BE%A4,exact,
8-0592-5-076,江厦潮汐试验电站,江厦潮汐试验电站,https://baike.baidu.com/item/%E6%B1%9F%E5%8E%A6%E6%BD%AE%E6%B1%90%E8%AF%95%E9%AA%8C%E7%94%B5%E7%AB%99,exact,,,,
8-0593-5-077,戴安澜故居,戴安澜故居,https://baike.baidu.com/view/9149384.htm,exact,,,,
8-0594-5-078,津浦铁路淮河大铁桥,津浦铁路淮河大铁桥,https://baike.baidu.com/view/11645352.htm,exact,,,,
8-0595-5-079,老芜湖海关旧址,老芜湖海关旧址,https://baike.baidu.com/item/%E8%80%81%E8%8A%9C%E6%B9%96%E6%B5%B7%E5%85%B3%E6%97%A7%E5%9D%80,exact,,,,
8-0596-5-080,张治中故居,张治中故居,https://baike.baidu.com/view/709979.htm,exact,,,,
8-0597-5-081,红28军重建会议旧址,红二十八军重建会议旧址,https://baike.baidu.com/view/11653404.htm,manual,,,,黄埔军校旧址 | https://zh.wikipedia.org/wiki/%E9%BB%84%E5%9F%94%E5%86%9B%E6%A0%A1%E6%97%A7%E5%9D%80 | different-title
8-0598-5-082,芜湖内思高级工业职业学校旧址,芜湖内思高级工业职业学校旧址,https://baike.baidu.com/view/11653402.htm,exact,芜湖内思高级工业职业学校旧址,https://zh.wikipedia.org/wiki/%E8%8A%9C%E6%B9%96%E5%86%85%E6%80%9D%E9%AB%98%E7%BA%A7%E5%B7%A5%E4%B8%9A%E8%81%8C%E4%B8%9A%E5%AD%A6%E6%A0%A1%E6%97%A7%E5%9D%80,exact,
8-0599-5-083,中共皖浙赣省委驻地旧址,中共皖浙赣省委驻地旧址,https://baike.baidu.com/view/477329.htm,exact,中共皖浙赣省委驻地旧址,https://zh.wikipedia.org/wiki/%E4%B8%AD%E5%85%B1%E7%9A%96%E6%B5%99%E8%B5%A3%E7%9C%81%E5%A7%94%E9%A9%BB%E5%9C%B0%E6%97%A7%E5%9D%80,exact,
8-0600-5-084,野寨抗日阵亡将士公墓,野寨抗日阵亡将士公墓,https://baike.baidu.com/item/%E9%87%8E%E5%AF%A8%E6%8A%97%E6%97%A5%E9%98%B5%E4%BA%A1%E5%B0%86%E5%A3%AB%E5%85%AC%E5%A2%93,exact,野寨抗日阵亡将士公墓,https://zh.wikipedia.org/wiki/%E9%87%8E%E5%AF%A8%E6%8A%97%E6%97%A5%E9%98%B5%E4%BA%A1%E5%B0%86%E5%A3%AB%E5%85%AC%E5%A2%93,exact,
8-0601-5-085,佛子岭水库连拱坝,佛子岭水库连拱坝,https://baike.baidu.com/item/%E4%BD%9B%E5%AD%90%E5%B2%AD%E6%B0%B4%E5%BA%93%E8%BF%9E%E6%8B%B1%E5%9D%9D/23810205,exact,,,,
8-0602-5-086,涡河一桥,涡河一桥,https://baike.baidu.com/item/%E6%B6%A1%E6%B2%B3%E4%B8%80%E6%A1%A5,exact,涡河一桥,https://zh.wikipedia.org/wiki/%E6%B6%A1%E6%B2%B3%E4%B8%80%E6%A1%A5,exact,
8-0603-5-087,小岗村旧址,小岗村旧址,https://baike.baidu.com/item/%E5%B0%8F%E5%B2%97%E6%9D%91%E6%97%A7%E5%9D%80,exact,,,,
8-0604-5-088,观山李氏民居,观山李氏民居,https://baike.baidu.com/item/%E8%A7%82%E5%B1%B1%E6%9D%8E%E6%B0%8F%E6%B0%91%E5%B1%85,exact,观山李氏民居,https://zh.wikipedia.org/wiki/%E8%A7%82%E5%B1%B1%E6%9D%8E%E6%B0%8F%E6%B0%91%E5%B1%85,exact,
8-0605-5-089,东美曾氏番仔楼,东美曾氏番仔楼,https://baike.baidu.com/item/%E4%B8%9C%E7%BE%8E%E6%9B%BE%E6%B0%8F%E7%95%AA%E4%BB%94%E6%A5%BC,exact,东美曾氏番仔楼,https://zh.wikipedia.org/wiki/%E4%B8%9C%E7%BE%8E%E6%9B%BE%E6%B0%8F%E7%95%AA%E4%BB%94%E6%A5%BC,exact,
8-0606-5-090,安礼逊图书楼,安礼逊图书楼,https://baike.baidu.com/view/5213815.htm,exact,安礼逊图书楼,https://zh.wikipedia.org/wiki/%E5%AE%89%E7%A4%BC%E9%80%8A%E5%9B%BE%E4%B9%A6%E6%A5%BC,exact,
8-0607-5-091,张山头红军墓群,张山头红军墓群,https://baike.baidu.com/item/%E5%BC%A0%E5%B1%B1%E5%A4%B4%E7%BA%A2%E5%86%9B%E5%A2%93%E7%BE%A4,exact,张山头红军墓群,https://zh.wikipedia.org/wiki/%E5%BC%A0%E5%B1%B1%E5%A4%B4%E7%BA%A2%E5%86%9B%E5%A2%93%E7%BE%A4,exact,
8-0608-5-092,歪嘴寨闽粤边区乌山游击队指挥部旧址,歪嘴寨闽粤边区乌山游击队指挥部旧址,https://baike.baidu.com/item/%E6%AD%AA%E5%98%B4%E5%AF%A8%E9%97%BD%E7%B2%A4%E8%BE%B9%E5%8C%BA%E4%B9%8C%E5%B1%B1%E6%B8%B8%E5%87%BB%E9%98%9F%E6%8C%87%E6%8C%A5%E9%83%A8%E6%97%A7%E5%9D%80,exact,,,,
8-0609-5-093,中央红色交通线旧址,中央红色交通线旧址,https://baike.baidu.com/item/%E4%B8%AD%E5%A4%AE%E7%BA%A2%E8%89%B2%E4%BA%A4%E9%80%9A%E7%BA%BF%E6%97%A7%E5%9D%80,exact,中央红色交通线旧址,https://zh.wikipedia.org/wiki/%E4%B8%AD%E5%A4%AE%E7%BA%A2%E8%89%B2%E4%BA%A4%E9%80%9A%E7%BA%BF%E6%97%A7%E5%9D%80,exact,
8-0610-5-094,永春福兴堂,永春福兴堂,https://baike.baidu.com/item/%E6%B0%B8%E6%98%A5%E7%A6%8F%E5%85%B4%E5%A0%82,exact,永春福兴堂,https://zh.wikipedia.org/wiki/%E6%B0%B8%E6%98%A5%E7%A6%8F%E5%85%B4%E5%A0%82,exact,
8-0611-5-095,景胜别墅,景胜别墅,https://baike.baidu.com/view/4389438.htm,exact,景胜别墅,https://zh.wikipedia.org/wiki/%E6%99%AF%E8%83%9C%E5%88%AB%E5%A2%85,exact,
8-0612-5-096,九江姑塘海关旧址,九江姑塘海关旧址,https://baike.baidu.com/item/%E4%B9%9D%E6%B1%9F%E5%A7%91%E5%A1%98%E6%B5%B7%E5%85%B3%E6%97%A7%E5%9D%80,exact,九江姑塘海关旧址,https://zh.wikipedia.org/wiki/%E4%B9%9D%E6%B1%9F%E5%A7%91%E5%A1%98%E6%B5%B7%E5%85%B3%E6%97%A7%E5%9D%80,exact,
8-0613-5-097,安源路矿工人补习夜校旧址,安源路矿工人补习夜校旧址,https://baike.baidu.com/view/11590461.htm,exact,,,,
8-0614-5-098,工农革命军第一军第一师第一团团部旧址,工农革命军第一军第一师第一团团部旧址,https://baike.baidu.com/item/%E5%B7%A5%E5%86%9C%E9%9D%A9%E5%91%BD%E5%86%9B%E7%AC%AC%E4%B8%80%E5%86%9B%E7%AC%AC%E4%B8%80%E5%B8%88%E7%AC%AC%E4%B8%80%E5%9B%A2%E5%9B%A2%E9%83%A8%E6%97%A7%E5%9D%80,exact,工农革命军第一军第一师第一团团部旧址,https://zh.wikipedia.org/wiki/%E5%B7%A5%E5%86%9C%E9%9D%A9%E5%91%BD%E5%86%9B%E7%AC%AC%E4%B8%80%E5%86%9B%E7%AC%AC%E4%B8%80%E5%B8%88%E7%AC%AC%E4%B8%80%E5%9B%A2%E5%9B%A2%E9%83%A8%E6%97%A7%E5%9D%80,exact,
8-0615-5-099,中共赣西南第一次党代会旧址,中共赣西南第一次党代会旧址,https://baike.baidu.com/item/%E4%B8%AD%E5%85%B1%E8%B5%A3%E8%A5%BF%E5%8D%97%E7%AC%AC%E4%B8%80%E6%AC%A1%E5%85%9A%E4%BB%A3%E4%BC%9A%E6%97%A7%E5%9D%80,exact,中共赣西南第一次党代会旧址,https://zh.wikipedia.org/wiki/%E4%B8%AD%E5%85%B1%E8%B5%A3%E8%A5%BF%E5%8D%97%E7%AC%AC%E4%B8%80%E6%AC%A1%E5%85%9A%E4%BB%A3%E4%BC%9A%E6%97%A7%E5%9D%80,exact,
8-0616-5-100,峡江会议旧址,峡江会议旧址,https://baike.baidu.com/item/%E5%B3%A1%E6%B1%9F%E4%BC%9A%E8%AE%AE%E6%97%A7%E5%9D%80,exact,峡江会议旧址,https://zh.wikipedia.org/wiki/%E5%B3%A1%E6%B1%9F%E4%BC%9A%E8%AE%AE%E6%97%A7%E5%9D%80,exact,
8-0617-5-101,水西红三军团指挥部旧址,水西红三军团指挥部旧址,https://baike.baidu.com/item/%E6%B0%B4%E8%A5%BF%E7%BA%A2%E4%B8%89%E5%86%9B%E5%9B%A2%E6%8C%87%E6%8C%A5%E9%83%A8%E6%97%A7%E5%9D%80,exact,水西红三军团指挥部旧址,https://zh.wikipedia.org/wiki/%E6%B0%B4%E8%A5%BF%E7%BA%A2%E4%B8%89%E5%86%9B%E5%9B%A2%E6%8C%87%E6%8C%A5%E9%83%A8%E6%97%A7%E5%9D%80,exact,
8-0618-5-102,黄陂中共苏区中央局第一次扩大会议旧址,黄陂中共苏区中央局第一次扩大会议旧址,https://baike.baidu.com/item/%E9%BB%84%E9%99%82%E4%B8%AD%E5%85%B1%E8%8B%8F%E5%8C%BA%E4%B8%AD%E5%A4%AE%E5%B1%80%E7%AC%AC%E4%B8%80%E6%AC%A1%E6%89%A9%E5%A4%A7%E4%BC%9A%E8%AE%AE%E6%97%A7%E5%9D%80,exact,,,,
8-0619-5-103,宁都会议旧址,宁都会议旧址,https://baike.baidu.com/item/%E5%AE%81%E9%83%BD%E4%BC%9A%E8%AE%AE%E6%97%A7%E5%9D%80,exact,宁都会议旧址,https://zh.wikipedia.org/wiki/%E5%AE%81%E9%83%BD%E4%BC%9A%E8%AE%AE%E6%97%A7%E5%9D%80,exact,
8-0620-5-104,中央苏区第四次反“围剿”战役遗址,中央苏区第四次反“围剿”战役遗址,https://baike.baidu.com/item/%E4%B8%AD%E5%A4%AE%E8%8B%8F%E5%8C%BA%E7%AC%AC%E5%9B%9B%E6%AC%A1%E5%8F%8D%E2%80%9C%E5%9B%B4%E5%89%BF%E2%80%9D%E6%88%98%E5%BD%B9%E9%81%97%E5%9D%80,exact,中央苏区第四次反“围剿”战役遗址,https://zh.wikipedia.org/wiki/%E4%B8%AD%E5%A4%AE%E8%8B%8F%E5%8C%BA%E7%AC%AC%E5%9B%9B%E6%AC%A1%E5%8F%8D%E2%80%9C%E5%9B%B4%E5%89%BF%E2%80%9D%E6%88%98%E5%BD%B9%E9%81%97%E5%9D%80,exact,
8-0621-5-105,叶坪马克思共产主义学校旧址,叶坪马克思共产主义学校旧址,https://baike.baidu.com/item/%E5%8F%B6%E5%9D%AA%E9%A9%AC%E5%85%8B%E6%80%9D%E5%85%B1%E4%BA%A7%E4%B8%BB%E4%B9%89%E5%AD%A6%E6%A0%A1%E6%97%A7%E5%9D%80,exact,叶坪马克思共产主义学校旧址,https://zh.wikipedia.org/wiki/%E5%8F%B6%E5%9D%AA%E9%A9%AC%E5%85%8B%E6%80%9D%E5%85%B1%E4%BA%A7%E4%B8%BB%E4%B9%89%E5%AD%A6%E6%A0%A1%E6%97%A7%E5%9D%80,exact,
8-0622-5-106,湖坊中共闽赣省委、省革委、省军区旧址,湖坊中共闽赣省委、省革委、省军区旧址,https://baike.baidu.com/item/%E6%B9%96%E5%9D%8A%E4%B8%AD%E5%85%B1%E9%97%BD%E8%B5%A3%E7%9C%81%E5%A7%94%E3%80%81%E7%9C%81%E9%9D%A9%E5%A7%94%E3%80%81%E7%9C%81%E5%86%9B%E5%8C%BA%E6%97%A7%E5%9D%80,exact,,,,
8-0623-5-107,井塘中共中央分局、中央政府办事处旧址,井塘中共中央分局、中央政府办事处旧址,https://baike.baidu.com/item/%E4%BA%95%E5%A1%98%E4%B8%AD%E5%85%B1%E4%B8%AD%E5%A4%AE%E5%88%86%E5%B1%80%E3%80%81%E4%B8%AD%E5%A4%AE%E6%94%BF%E5%BA%9C%E5%8A%9E%E4%BA%8B%E5%A4%84%E6%97%A7%E5%9D%80,exact,井塘中共中央分局、中央政府办事处旧址,https://zh.wikipedia.org/wiki/%E4%BA%95%E5%A1%98%E4%B8%AD%E5%85%B1%E4%B8%AD%E5%A4%AE%E5%88%86%E5%B1%80%E3%80%81%E4%B8%AD%E5%A4%AE%E6%94%BF%E5%BA%9C%E5%8A%9E%E4%BA%8B%E5%A4%84%E6%97%A7%E5%9D%80,exact,
8-0624-5-108,中共中央东南分局旧址,中共中央东南分局旧址,https://baike.baidu.com/item/%E4%B8%AD%E5%85%B1%E4%B8%AD%E5%A4%AE%E4%B8%9C%E5%8D%97%E5%88%86%E5%B1%80%E6%97%A7%E5%9D%80,exact,中共中央东南分局旧址,https://zh.wikipedia.org/wiki/%E4%B8%AD%E5%85%B1%E4%B8%AD%E5%A4%AE%E4%B8%9C%E5%8D%97%E5%88%86%E5%B1%80%E6%97%A7%E5%9D%80,exact,
8-0625-5-109,马家洲集中营旧址,马家洲集中营旧址,https://baike.baidu.com/item/%E9%A9%AC%E5%AE%B6%E6%B4%B2%E9%9B%86%E4%B8%AD%E8%90%A5%E6%97%A7%E5%9D%80,exact,,,,
8-0626-5-110,武霖基督教圣会堂,武霖基督教圣会堂,https://baike.baidu.com/item/%E6%AD%A6%E9%9C%96%E5%9F%BA%E7%9D%A3%E6%95%99%E5%9C%A3%E4%BC%9A%E5%A0%82,exact,武霖基督教圣会堂,https://zh.wikipedia.org/wiki/%E6%AD%A6%E9%9C%96%E5%9F%BA%E7%9D%A3%E6%95%99%E5%9C%A3%E4%BC%9A%E5%A0%82,exact,
8-0627-5-111,中兴煤矿公司旧址,中兴煤矿公司旧址,https://baike.baidu.com/item/%E4%B8%AD%E5%85%B4%E7%85%A4%E7%9F%BF%E5%85%AC%E5%8F%B8%E6%97%A7%E5%9D%80,exact,,,,
8-0628-5-112,潍县西方侨民集中营旧址,潍县西方侨民集中营旧址,https://baike.baidu.com/item/%E6%BD%8D%E5%8E%BF%E8%A5%BF%E6%96%B9%E4%BE%A8%E6%B0%91%E9%9B%86%E4%B8%AD%E8%90%A5%E6%97%A7%E5%9D%80,exact,,,,
8-0629-5-113,青岛朝连岛灯塔,青岛朝连岛灯塔,https://baike.baidu.com/item/%E9%9D%92%E5%B2%9B%E6%9C%9D%E8%BF%9E%E5%B2%9B%E7%81%AF%E5%A1%94,exact,,,,
8-0630-5-114,曲阜师范学校旧址,曲阜师范学校旧址,https://baike.baidu.com/item/%E6%9B%B2%E9%98%9C%E5%B8%88%E8%8C%83%E5%AD%A6%E6%A0%A1%E6%97%A7%E5%9D%80,exact,曲阜师范学校旧址,https://zh.wikipedia.org/wiki/%E6%9B%B2%E9%98%9C%E5%B8%88%E8%8C%83%E5%AD%A6%E6%A0%A1%E6%97%A7%E5%9D%80,exact,
8-0631-5-115,济南万竹园,济南万竹园,https://baike.baidu.com/item/%E6%B5%8E%E5%8D%97%E4%B8%87%E7%AB%B9%E5%9B%AD,exact,,,,
8-0632-5-116,五三惨案遗址,五三惨案遗址,https://baike.baidu.com/item/%E4%BA%94%E4%B8%89%E6%83%A8%E6%A1%88%E9%81%97%E5%9D%80,exact,,,,
8-0633-5-117,牟平恤养院旧址,牟平恤养院旧址,https://baike.baidu.com/item/%E7%89%9F%E5%B9%B3%E6%81%A4%E5%85%BB%E9%99%A2%E6%97%A7%E5%9D%80,exact,,,,
8-0634-5-118,临沂大青山突围战遗址,临沂大青山突围战遗址,https://baike.baidu.com/item/%E4%B8%B4%E6%B2%82%E5%A4%A7%E9%9D%92%E5%B1%B1%E7%AA%81%E5%9B%B4%E6%88%98%E9%81%97%E5%9D%80,exact,,,,
8-0635-5-119,赵疃地雷战遗址,赵疃地雷战遗址,https://baike.baidu.com/view/144470.htm,exact,,,,
8-0636-5-120,昌邑县抗日殉国烈士祠,昌邑县抗日殉国烈士祠,https://baike.baidu.com/item/%E6%98%8C%E9%82%91%E5%8E%BF%E6%8A%97%E6%97%A5%E6%AE%89%E5%9B%BD%E7%83%88%E5%A3%AB%E7%A5%A0,exact,昌邑县抗日殉国烈士祠,https://zh.wikipedia.org/wiki/%E6%98%8C%E9%82%91%E5%8E%BF%E6%8A%97%E6%97%A5%E6%AE%89%E5%9B%BD%E7%83%88%E5%A3%AB%E7%A5%A0,exact,
8-0637-5-121,羊山战斗纪念地,羊山战斗纪念地,https://baike.baidu.com/view/4324237.htm,exact,,,,
8-0638-5-122,兴隆庄火车站站舍旧址,兴隆庄火车站站舍旧址,https://baike.baidu.com/item/%E5%85%B4%E9%9A%86%E5%BA%84%E7%81%AB%E8%BD%A6%E7%AB%99%E7%AB%99%E8%88%8D%E6%97%A7%E5%9D%80,exact,,,,
8-0639-5-123,河南省博物馆旧址,河南省博物馆旧址,https://baike.baidu.com/view/3110327.htm,exact,河南省博物馆旧址,https://zh.wikipedia.org/wiki/%E6%B2%B3%E5%8D%97%E7%9C%81%E5%8D%9A%E7%89%A9%E9%A6%86%E6%97%A7%E5%9D%80,exact,
8-0640-5-124,中国工农红军第一军司令部旧址,中国工农红军第一军司令部旧址,https://baike.baidu.com/view/7834525.htm,exact,,,,
8-0641-5-125,鄂豫皖边特区苏维埃政府旧址,鄂豫皖边特区苏维埃政府旧址,https://baike.baidu.com/item/%E9%84%82%E8%B1%AB%E7%9A%96%E8%BE%B9%E7%89%B9%E5%8C%BA%E8%8B%8F%E7%BB%B4%E5%9F%83%E6%94%BF%E5%BA%9C%E6%97%A7%E5%9D%80,exact,,,,
8-0642-5-126,晋冀鲁豫野战军指挥部旧址,晋冀鲁豫野战军指挥部旧址,https://baike.baidu.com/item/%E6%99%8B%E5%86%80%E9%B2%81%E8%B1%AB%E9%87%8E%E6%88%98%E5%86%9B%E6%8C%87%E6%8C%A5%E9%83%A8%E6%97%A7%E5%9D%80,exact,,,,
8-0643-5-127,豫陕鄂军政大学旧址,豫陕鄂军政大学旧址,https://baike.baidu.com/item/%E8%B1%AB%E9%99%95%E9%84%82%E5%86%9B%E6%94%BF%E5%A4%A7%E5%AD%A6%E6%97%A7%E5%9D%80,exact,,,,
8-0644-5-128,开封伞塔,开封伞塔,https://baike.baidu.com/item/%E5%BC%80%E5%B0%81%E4%BC%9E%E5%A1%94,exact,,,,
8-0645-5-129,滑县县委县政府早期建筑,滑县县委县政府早期建筑,https://baike.baidu.com/item/%E6%BB%91%E5%8E%BF%E5%8E%BF%E5%A7%94%E5%8E%BF%E6%94%BF%E5%BA%9C%E6%97%A9%E6%9C%9F%E5%BB%BA%E7%AD%91,exact,,,,
8-0646-5-130,郑州第二砂轮厂旧址,郑州第二砂轮厂旧址,https://baike.baidu.com/item/%E9%83%91%E5%B7%9E%E7%AC%AC%E4%BA%8C%E7%A0%82%E8%BD%AE%E5%8E%82%E6%97%A7%E5%9D%80,exact,郑州第二砂轮厂旧址,https://zh.wikipedia.org/wiki/%E9%83%91%E5%B7%9E%E7%AC%AC%E4%BA%8C%E7%A0%82%E8%BD%AE%E5%8E%82%E6%97%A7%E5%9D%80,exact,
8-0647-5-131,贺胜桥北伐阵亡将士陵园,贺胜桥北伐阵亡将士陵园,https://baike.baidu.com/view/8021665.htm,exact,,,,
8-0648-5-132,汉口中华全国文艺界抗敌协会旧址,汉口中华全国文艺界抗敌协会旧址,https://baike.baidu.com/item/%E6%B1%89%E5%8F%A3%E4%B8%AD%E5%8D%8E%E5%85%A8%E5%9B%BD%E6%96%87%E8%89%BA%E7%95%8C%E6%8A%97%E6%95%8C%E5%8D%8F%E4%BC%9A%E6%97%A7%E5%9D%80,exact,,,,
8-0649-5-133,新四军第五师司令部旧址,新四军第五师司令部旧址,https://baike.baidu.com/view/1108606.htm,exact,,,,
8-0650-5-134,国民政府第六战区受降堂旧址,国民政府第六战区受降堂旧址,https://baike.baidu.com/view/8021867.htm,exact,国民政府第六战区受降堂旧址,https://zh.wikipedia.org/wiki/%E5%9B%BD%E6%B0%91%E6%94%BF%E5%BA%9C%E7%AC%AC%E5%85%AD%E6%88%98%E5%8C%BA%E5%8F%97%E9%99%8D%E5%A0%82%E6%97%A7%E5%9D%80,exact,
8-0651-5-135,苏联空军志愿队烈士墓,苏联空军志愿队烈士墓,https://baike.baidu.com/view/1633342.htm,exact,苏联空军志愿队烈士墓,https://zh.wikipedia.org/wiki/%E8%8B%8F%E8%81%94%E7%A9%BA%E5%86%9B%E5%BF%97%E6%84%BF%E9%98%9F%E7%83%88%E5%A3%AB%E5%A2%93,exact,
8-0652-5-136,三线航天066导弹基地旧址,三线航天066导弹基地旧址,https://baike.baidu.com/item/%E4%B8%89%E7%BA%BF%E8%88%AA%E5%A4%A9066%E5%AF%BC%E5%BC%B9%E5%9F%BA%E5%9C%B0%E6%97%A7%E5%9D%80,exact,,,,
8-0653-5-137,三线火箭炮总装厂旧址,三线火箭炮总装厂旧址,https://baike.baidu.com/item/%E4%B8%89%E7%BA%BF%E7%81%AB%E7%AE%AD%E7%82%AE%E6%80%BB%E8%A3%85%E5%8E%82%E6%97%A7%E5%9D%80,exact,,,,
8-0654-5-138,辰州教案发生地,辰州教案发生地,https://baike.baidu.com/item/%E8%BE%B0%E5%B7%9E%E6%95%99%E6%A1%88%E5%8F%91%E7%94%9F%E5%9C%B0,exact,辰州教案发生地,https://zh.wikipedia.org/wiki/%E8%BE%B0%E5%B7%9E%E6%95%99%E6%A1%88%E5%8F%91%E7%94%9F%E5%9C%B0,exact,
8-0655-5-139,湘雅医院及医学院早期建筑,湘雅医院及医学院早期建筑,https://baike.baidu.com/item/%E6%B9%98%E9%9B%85%E5%8C%BB%E9%99%A2%E5%8F%8A%E5%8C%BB%E5%AD%A6%E9%99%A2%E6%97%A9%E6%9C%9F%E5%BB%BA%E7%AD%91,exact,湘雅医院及医学院早期建筑,https://zh.wikipedia.org/wiki/%E6%B9%98%E9%9B%85%E5%8C%BB%E9%99%A2%E5%8F%8A%E5%8C%BB%E5%AD%A6%E9%99%A2%E6%97%A9%E6%9C%9F%E5%BB%BA%E7%AD%91,exact,
8-0656-5-140,毛泽东水口连队建党旧址,毛泽东水口连队建党旧址,https://baike.baidu.com/item/%E6%AF%9B%E6%B3%BD%E4%B8%9C%E6%B0%B4%E5%8F%A3%E8%BF%9E%E9%98%9F%E5%BB%BA%E5%85%9A%E6%97%A7%E5%9D%80,exact,,,,
8-0657-5-141,湘赣革命根据地旧址,湘赣革命根据地旧址,https://baike.baidu.com/item/%E6%B9%98%E8%B5%A3%E9%9D%A9%E5%91%BD%E6%A0%B9%E6%8D%AE%E5%9C%B0%E6%97%A7%E5%9D%80,exact,,,,
8-0658-5-142,红四军前委扩大会议旧址,红四军前委扩大会议旧址,https://baike.baidu.com/item/%E7%BA%A2%E5%9B%9B%E5%86%9B%E5%89%8D%E5%A7%94%E6%89%A9%E5%A4%A7%E4%BC%9A%E8%AE%AE%E6%97%A7%E5%9D%80,exact,,,,
8-0659-5-143,浏阳红一方面军活动旧址,浏阳红一方面军活动旧址,https://baike.baidu.com/item/%E6%B5%8F%E9%98%B3%E7%BA%A2%E4%B8%80%E6%96%B9%E9%9D%A2%E5%86%9B%E6%B4%BB%E5%8A%A8%E6%97%A7%E5%9D%80,exact,,,,
8-0660-5-144,中央红军长征突破第三道封锁线指挥部旧址,中央红军长征突破第三道封锁线指挥部旧址,https://baike.baidu.com/item/%E4%B8%AD%E5%A4%AE%E7%BA%A2%E5%86%9B%E9%95%BF%E5%BE%81%E7%AA%81%E7%A0%B4%E7%AC%AC%E4%B8%89%E9%81%93%E5%B0%81%E9%94%81%E7%BA%BF%E6%8C%87%E6%8C%A5%E9%83%A8%E6%97%A7%E5%9D%80,exact,,,,
8-0661-5-145,平江惨案遗址,平江惨案遗址,https://baike.baidu.com/item/%E5%B9%B3%E6%B1%9F%E6%83%A8%E6%A1%88%E9%81%97%E5%9D%80,exact,新四军平江通讯处旧址,https://zh.wikipedia.org/wiki/%E6%96%B0%E5%9B%9B%E5%86%9B%E5%B9%B3%E6%B1%9F%E9%80%9A%E8%AE%AF%E5%A4%84%E6%97%A7%E5%9D%80,redirect,
8-0662-5-146,湘西雪峰山抗战旧址,湘西雪峰山抗战旧址,https://baike.baidu.com/item/%E6%B9%98%E8%A5%BF%E9%9B%AA%E5%B3%B0%E5%B1%B1%E6%8A%97%E6%88%98%E6%97%A7%E5%9D%80,exact,,,,
8-0663-5-147,程潜公馆,程潜公馆,https://baike.baidu.com/view/11749293.htm,exact,程潜公馆,https://zh.wikipedia.org/wiki/%E7%A8%8B%E6%BD%9C%E5%85%AC%E9%A6%86,exact,
8-0664-5-148,湘西剿匪旧址,湘西剿匪旧址,https://baike.baidu.com/item/%E6%B9%98%E8%A5%BF%E5%89%BF%E5%8C%AA%E6%97%A7%E5%9D%80,exact,湘西剿匪旧址,https://zh.wikipedia.org/wiki/%E6%B9%98%E8%A5%BF%E5%89%BF%E5%8C%AA%E6%97%A7%E5%9D%80,exact,
8-0665-5-149,醴陵群力瓷厂旧址,醴陵群力瓷厂旧址,https://baike.baidu.com/item/%E9%86%B4%E9%99%B5%E7%BE%A4%E5%8A%9B%E7%93%B7%E5%8E%82%E6%97%A7%E5%9D%80,exact,醴陵群力瓷厂旧址,https://zh.wikipedia.org/wiki/%E9%86%B4%E9%99%B5%E7%BE%A4%E5%8A%9B%E7%93%B7%E5%8E%82%E6%97%A7%E5%9D%80,exact,
8-0666-5-150,核工业711功勋铀矿旧址,核工业711功勋铀矿旧址,https://baike.baidu.com/item/%E6%A0%B8%E5%B7%A5%E4%B8%9A711%E5%8A%9F%E5%8B%8B%E9%93%80%E7%9F%BF%E6%97%A7%E5%9D%80,exact,核工业711功勋铀矿旧址,https://zh.wikipedia.org/wiki/%E6%A0%B8%E5%B7%A5%E4%B8%9A711%E5%8A%9F%E5%8B%8B%E9%93%80%E7%9F%BF%E6%97%A7%E5%9D%80,exact,
8-0667-5-151,司徒美堂故居,司徒美堂故居,https://baike.baidu.com/view/7798973.htm,exact,,,,
8-0668-5-152,万木草堂,万木草堂,https://baike.baidu.com/view/99587.htm,exact,万木草堂,https://zh.wikipedia.org/wiki/%E4%B8%87%E6%9C%A8%E8%8D%89%E5%A0%82,exact,
8-0669-5-153,潮海关旧址,潮海关旧址,https://baike.baidu.com/view/8521674.htm,exact,汕头海关关史陈列馆,https://zh.wikipedia.org/wiki/%E6%B1%95%E5%A4%B4%E6%B5%B7%E5%85%B3%E5%85%B3%E5%8F%B2%E9%99%88%E5%88%97%E9%A6%86,redirect,
8-0670-5-154,中英街界碑,中英街界碑,https://baike.baidu.com/view/8717780.htm,exact,中英街,https://zh.wikipedia.org/wiki/%E4%B8%AD%E8%8B%B1%E8%A1%97,redirect,
8-0671-5-155,开平风采堂,开平风采堂,https://baike.baidu.com/item/%E5%BC%80%E5%B9%B3%E9%A3%8E%E9%87%87%E5%A0%82,exact,,,,
8-0672-5-156,大埔肇庆堂,大埔肇庆堂,https://baike.baidu.com/item/%E5%A4%A7%E5%9F%94%E8%82%87%E5%BA%86%E5%A0%82,exact,肇庆堂,https://zh.wikipedia.org/wiki/%E8%82%87%E5%BA%86%E5%A0%82,redirect,
8-0673-5-157,中国共产党广东区执行委员会旧址,中国共产党广东区执行委员会旧址,https://baike.baidu.com/item/%E4%B8%AD%E5%9B%BD%E5%85%B1%E4%BA%A7%E5%85%9A%E5%B9%BF%E4%B8%9C%E5%8C%BA%E6%89%A7%E8%A1%8C%E5%A7%94%E5%91%98%E4%BC%9A%E6%97%A7%E5%9D%80,exact,,,,
8-0674-5-158,叶挺独立团团部旧址,叶挺独立团团部旧址纪念馆,https://baike.baidu.com/view/5166611.htm,related-location,,,,
8-0675-5-159,广东省农民协会旧址,广东省农民协会旧址,https://baike.baidu.com/view/1525127.htm,exact,广东省农民协会旧址,https://zh.wikipedia.org/wiki/%E5%B9%BF%E4%B8%9C%E7%9C%81%E5%86%9C%E6%B0%91%E5%8D%8F%E4%BC%9A%E6%97%A7%E5%9D%80,exact,
8-0676-5-160,三河中山纪念堂,三河中山纪念堂,https://baike.baidu.com/item/%E4%B8%89%E6%B2%B3%E4%B8%AD%E5%B1%B1%E7%BA%AA%E5%BF%B5%E5%A0%82,exact,中山纪念堂 (大埔三河),https://zh.wikipedia.org/wiki/%E4%B8%AD%E5%B1%B1%E7%BA%AA%E5%BF%B5%E5%A0%82_(%E5%A4%A7%E5%9F%94%E4%B8%89%E6%B2%B3),redirect,
8-0677-5-161,蒋光鼐故居,蒋光鼐故居,https://baike.baidu.com/item/%E8%92%8B%E5%85%89%E9%BC%90%E6%95%85%E5%B1%85/24182471,exact,蒋光鼐故居,https://zh.wikipedia.org/wiki/%E8%92%8B%E5%85%89%E9%BC%90%E6%95%85%E5%B1%85,exact,
8-0678-5-162,香港文化名人大营救指挥部旧址,香港文化名人大营救指挥部旧址,https://baike.baidu.com/item/%E9%A6%99%E6%B8%AF%E6%96%87%E5%8C%96%E5%90%8D%E4%BA%BA%E5%A4%A7%E8%90%A5%E6%95%91%E6%8C%87%E6%8C%A5%E9%83%A8%E6%97%A7%E5%9D%80,exact,,,,
8-0679-5-163,土洋村东江纵队司令部旧址,土洋村东江纵队司令部旧址,https://baike.baidu.com/view/8547895.htm,exact,土洋村东江纵队司令部旧址,https://zh.wikipedia.org/wiki/%E5%9C%9F%E6%B4%8B%E6%9D%91%E4%B8%9C%E6%B1%9F%E7%BA%B5%E9%98%9F%E5%8F%B8%E4%BB%A4%E9%83%A8%E6%97%A7%E5%9D%80,exact,
8-0680-5-164,长岗坡渡槽,长岗坡渡槽,https://baike.baidu.com/view/4964555.htm,exact,长岗坡渡槽,https://zh.wikipedia.org/wiki/%E9%95%BF%E5%B2%97%E5%9D%A1%E6%B8%A1%E6%A7%BD,exact,
8-0681-5-165,西林教案发生地,西林教案发生地,https://baike.baidu.com/item/%E8%A5%BF%E6%9E%97%E6%95%99%E6%A1%88%E5%8F%91%E7%94%9F%E5%9C%B0,exact,西林教案发生地,https://zh.wikipedia.org/wiki/%E8%A5%BF%E6%9E%97%E6%95%99%E6%A1%88%E5%8F%91%E7%94%9F%E5%9C%B0,exact,
8-0682-5-166,法国驻龙州领事馆旧址,法国驻龙州领事馆旧址,https://baike.baidu.com/view/9837978.htm,exact,,,,
8-0683-5-167,武宣刘氏庄园,武宣刘氏庄园,https://baike.baidu.com/item/%E6%AD%A6%E5%AE%A3%E5%88%98%E6%B0%8F%E5%BA%84%E5%9B%AD,exact,,,,
8-0684-5-168,武宣郭氏庄园,武宣郭氏庄园,https://baike.baidu.com/item/%E6%AD%A6%E5%AE%A3%E9%83%AD%E6%B0%8F%E5%BA%84%E5%9B%AD,exact,,,,
8-0685-5-169,梧州市中共广西早期革命活动旧址,梧州市中共广西早期革命活动旧址,https://baike.baidu.com/item/%E6%A2%A7%E5%B7%9E%E5%B8%82%E4%B8%AD%E5%85%B1%E5%B9%BF%E8%A5%BF%E6%97%A9%E6%9C%9F%E9%9D%A9%E5%91%BD%E6%B4%BB%E5%8A%A8%E6%97%A7%E5%9D%80,exact,,,,
8-0686-5-170,中共广西省第一次代表大会旧址,中共广西省第一次代表大会旧址,https://baike.baidu.com/view/11505240.htm,exact,,,,
8-0687-5-171,广西省立艺术馆旧址,广西省立艺术馆旧址,https://baike.baidu.com/item/%E5%B9%BF%E8%A5%BF%E7%9C%81%E7%AB%8B%E8%89%BA%E6%9C%AF%E9%A6%86%E6%97%A7%E5%9D%80,exact,桂林市艺术馆,https://zh.wikipedia.org/wiki/%E6%A1%82%E6%9E%97%E5%B8%82%E8%89%BA%E6%9C%AF%E9%A6%86,redirect,
8-0688-5-172,文昌符家宅,文昌符家宅,https://baike.baidu.com/item/%E6%96%87%E6%98%8C%E7%AC%A6%E5%AE%B6%E5%AE%85,exact,,,,
8-0689-5-173,琼崖工农红军云龙改编旧址,琼崖工农红军云龙改编旧址,https://baike.baidu.com/item/%E7%90%BC%E5%B4%96%E5%B7%A5%E5%86%9C%E7%BA%A2%E5%86%9B%E4%BA%91%E9%BE%99%E6%94%B9%E7%BC%96%E6%97%A7%E5%9D%80,exact,,,,
8-0690-5-174,侵华日军侵琼八所死难劳工纪念地,侵华日军侵琼八所死难劳工纪念地,https://baike.baidu.com/item/%E4%BE%B5%E5%8D%8E%E6%97%A5%E5%86%9B%E4%BE%B5%E7%90%BC%E5%85%AB%E6%89%80%E6%AD%BB%E9%9A%BE%E5%8A%B3%E5%B7%A5%E7%BA%AA%E5%BF%B5%E5%9C%B0,exact,,,,
8-0691-5-175,西山钟楼,西山钟楼,https://baike.baidu.com/view/661230.htm,exact,西山钟楼,https://zh.wikipedia.org/wiki/%E8%A5%BF%E5%B1%B1%E9%92%9F%E6%A5%BC,exact,
8-0692-5-176,重庆大学早期建筑,重庆大学早期建筑,https://baike.baidu.com/item/%E9%87%8D%E5%BA%86%E5%A4%A7%E5%AD%A6%E6%97%A9%E6%9C%9F%E5%BB%BA%E7%AD%91,exact,重慶大學近代建築群,https://zh.wikipedia.org/wiki/%E9%87%8D%E6%85%B6%E5%A4%A7%E5%AD%B8%E8%BF%91%E4%BB%A3%E5%BB%BA%E7%AF%89%E7%BE%A4,redirect,
8-0693-5-177,瀼渡电厂,瀼渡电厂,https://baike.baidu.com/item/%E7%80%BC%E6%B8%A1%E7%94%B5%E5%8E%82,exact,,,,
8-0694-5-178,张自忠将军墓,张自忠将军墓,https://baike.baidu.com/view/490015.htm,exact,张自忠墓,https://zh.wikipedia.org/wiki/%E5%BC%A0%E8%87%AA%E5%BF%A0%E5%A2%93,redirect,
8-0695-5-179,罗斯福图书馆旧址,罗斯福图书馆旧址,https://baike.baidu.com/item/%E7%BD%97%E6%96%AF%E7%A6%8F%E5%9B%BE%E4%B9%A6%E9%A6%86%E6%97%A7%E5%9D%80,exact,羅斯福圖書館暨中央圖書館舊址,https://zh.wikipedia.org/wiki/%E7%BE%85%E6%96%AF%E7%A6%8F%E5%9C%96%E6%9B%B8%E9%A4%A8%E6%9A%A8%E4%B8%AD%E5%A4%AE%E5%9C%96%E6%9B%B8%E9%A4%A8%E8%88%8A%E5%9D%80,redirect,
8-0696-5-180,荣县军政府旧址,荣县军政府旧址,https://baike.baidu.com/view/722679.htm,exact,荣县军政府旧址,https://zh.wikipedia.org/wiki/%E8%8D%A3%E5%8E%BF%E5%86%9B%E6%94%BF%E5%BA%9C%E6%97%A7%E5%9D%80,exact,
8-0697-5-181,雅安明德中学旧址,雅安明德中学旧址,https://baike.baidu.com/item/%E9%9B%85%E5%AE%89%E6%98%8E%E5%BE%B7%E4%B8%AD%E5%AD%A6%E6%97%A7%E5%9D%80,exact,雅安私立明德初級中學校,https://zh.wikipedia.org/wiki/%E9%9B%85%E5%AE%89%E7%A7%81%E7%AB%8B%E6%98%8E%E5%BE%B7%E5%88%9D%E7%B4%9A%E4%B8%AD%E5%AD%B8%E6%A0%A1,redirect,
8-0698-5-182,洞窝水电站,洞窝水电站,https://baike.baidu.com/item/%E6%B4%9E%E7%AA%9D%E6%B0%B4%E7%94%B5%E7%AB%99,exact,,,,
8-0699-5-183,木门会议旧址,木门会议旧址,https://baike.baidu.com/item/%E6%9C%A8%E9%97%A8%E4%BC%9A%E8%AE%AE%E6%97%A7%E5%9D%80,exact,木门会议旧址,https://zh.wikipedia.org/wiki/%E6%9C%A8%E9%97%A8%E4%BC%9A%E8%AE%AE%E6%97%A7%E5%9D%80,exact,
8-0700-5-184,通江红四方面军总医院旧址,通江红四方面军总医院旧址,https://baike.baidu.com/item/%E9%80%9A%E6%B1%9F%E7%BA%A2%E5%9B%9B%E6%96%B9%E9%9D%A2%E5%86%9B%E6%80%BB%E5%8C%BB%E9%99%A2%E6%97%A7%E5%9D%80,exact,,,,
8-0701-5-185,红军长征过石厢子旧址,红军长征过石厢子旧址,https://baike.baidu.com/item/%E7%BA%A2%E5%86%9B%E9%95%BF%E5%BE%81%E8%BF%87%E7%9F%B3%E5%8E%A2%E5%AD%90%E6%97%A7%E5%9D%80,exact,,,,
8-0702-5-186,川藏公路大渡河悬索桥,川藏公路大渡河悬索桥,https://baike.baidu.com/item/%E5%B7%9D%E8%97%8F%E5%85%AC%E8%B7%AF%E5%A4%A7%E6%B8%A1%E6%B2%B3%E6%82%AC%E7%B4%A2%E6%A1%A5,exact,大渡河懸索橋,https://zh.wikipedia.org/wiki/%E5%A4%A7%E6%B8%A1%E6%B2%B3%E6%87%B8%E7%B4%A2%E6%A9%8B,redirect,
8-0703-5-187,蓬基井,蓬基井,https://baike.baidu.com/item/%E8%93%AC%E5%9F%BA%E4%BA%95,exact,蓬基井,https://zh.wikipedia.org/wiki/%E8%93%AC%E5%9F%BA%E4%BA%95,exact,
8-0704-5-188,三线核武器研制基地旧址,三线核武器研制基地旧址,https://baike.baidu.com/item/%E4%B8%89%E7%BA%BF%E6%A0%B8%E6%AD%A6%E5%99%A8%E7%A0%94%E5%88%B6%E5%9F%BA%E5%9C%B0%E6%97%A7%E5%9D%80,exact,,,,
8-0705-5-189,首座受控核聚变实验装置旧址,首座受控核聚变实验装置旧址,https://baike.baidu.com/item/%E9%A6%96%E5%BA%A7%E5%8F%97%E6%8E%A7%E6%A0%B8%E8%81%9A%E5%8F%98%E5%AE%9E%E9%AA%8C%E8%A3%85%E7%BD%AE%E6%97%A7%E5%9D%80,exact,,,,
8-0706-5-190,奇峰渡槽,奇峰渡槽,https://baike.baidu.com/view/10719330.htm,exact,奇峰渡槽,https://zh.wikipedia.org/wiki/%E5%A5%87%E5%B3%B0%E6%B8%A1%E6%A7%BD,exact,
8-0707-5-191,玛瑙山营盘遗址,玛瑙山营盘遗址,https://baike.baidu.com/view/9078046.htm,exact,,,,
8-0708-5-192,贵阳达德学校旧址,贵阳达德学校旧址,https://baike.baidu.com/item/%E8%B4%B5%E9%98%B3%E8%BE%BE%E5%BE%B7%E5%AD%A6%E6%A0%A1%E6%97%A7%E5%9D%80,exact,达德学校旧址,https://zh.wikipedia.org/wiki/%E8%BE%BE%E5%BE%B7%E5%AD%A6%E6%A0%A1%E6%97%A7%E5%9D%80,redirect,
8-0709-5-193,猴场会议旧址,猴场会议旧址,https://baike.baidu.com/item/%E7%8C%B4%E5%9C%BA%E4%BC%9A%E8%AE%AE%E6%97%A7%E5%9D%80,exact,,,,
8-0710-5-194,苟坝会议旧址,苟坝会议旧址,https://baike.baidu.com/item/%E8%8B%9F%E5%9D%9D%E4%BC%9A%E8%AE%AE%E6%97%A7%E5%9D%80,exact,,,,
8-0711-5-195,天门河水电厂旧址,天门河水电厂旧址,https://baike.baidu.com/item/%E5%A4%A9%E9%97%A8%E6%B2%B3%E6%B0%B4%E7%94%B5%E5%8E%82%E6%97%A7%E5%9D%80,exact,,,,
8-0712-5-196,邓萍墓,邓萍墓,https://baike.baidu.com/view/9844038.htm,exact,,,,
8-0713-5-197,三线贵州航空发动机厂旧址,三线贵州航空发动机厂旧址,https://baike.baidu.com/item/%E4%B8%89%E7%BA%BF%E8%B4%B5%E5%B7%9E%E8%88%AA%E7%A9%BA%E5%8F%91%E5%8A%A8%E6%9C%BA%E5%8E%82%E6%97%A7%E5%9D%80,exact,,,,
8-0714-5-198,三线贵州歼击机总装厂旧址,三线贵州歼击机总装厂旧址,https://baike.baidu.com/item/%E4%B8%89%E7%BA%BF%E8%B4%B5%E5%B7%9E%E6%AD%BC%E5%87%BB%E6%9C%BA%E6%80%BB%E8%A3%85%E5%8E%82%E6%97%A7%E5%9D%80,exact,,,,
8-0715-5-199,云南大学会泽院,云南大学会泽院,https://baike.baidu.com/item/%E4%BA%91%E5%8D%97%E5%A4%A7%E5%AD%A6%E4%BC%9A%E6%B3%BD%E9%99%A2,exact,会泽院,https://zh.wikipedia.org/wiki/%E4%BC%9A%E6%B3%BD%E9%99%A2,redirect,
8-0716-5-200,大理天主教堂,大理天主教堂,https://baike.baidu.com/item/%E5%A4%A7%E7%90%86%E5%A4%A9%E4%B8%BB%E6%95%99%E5%A0%82,exact,大理天主教堂,https://zh.wikipedia.org/wiki/%E5%A4%A7%E7%90%86%E5%A4%A9%E4%B8%BB%E6%95%99%E5%A0%82,exact,
8-0717-5-201,昆明卢氏公馆,昆明卢氏公馆,https://baike.baidu.com/item/%E6%98%86%E6%98%8E%E5%8D%A2%E6%B0%8F%E5%85%AC%E9%A6%86,exact,卢汉公馆,https://zh.wikipedia.org/wiki/%E5%8D%A2%E6%B1%89%E5%85%AC%E9%A6%86,redirect,
8-0718-5-202,滇缅公路惠通桥,惠通桥,https://baike.baidu.com/view/244691.htm,related-location,,,,
8-0719-5-203,凤凰山天文台近代建筑,凤凰山天文台近代建筑,https://baike.baidu.com/item/%E5%87%A4%E5%87%B0%E5%B1%B1%E5%A4%A9%E6%96%87%E5%8F%B0%E8%BF%91%E4%BB%A3%E5%BB%BA%E7%AD%91,exact,中国科学院云南天文台,https://zh.wikipedia.org/wiki/%E4%B8%AD%E5%9B%BD%E7%A7%91%E5%AD%A6%E9%99%A2%E4%BA%91%E5%8D%97%E5%A4%A9%E6%96%87%E5%8F%B0,redirect,
8-0720-5-204,畹町桥,畹町桥,https://baike.baidu.com/item/%E7%95%B9%E7%94%BA%E6%A1%A5/58065828,exact,畹町桥,https://zh.wikipedia.org/wiki/%E7%95%B9%E7%94%BA%E6%A1%A5,exact,
8-0721-5-205,中央电工器材厂一厂旧址,中央电工器材厂一厂旧址,https://baike.baidu.com/item/%E4%B8%AD%E5%A4%AE%E7%94%B5%E5%B7%A5%E5%99%A8%E6%9D%90%E5%8E%82%E4%B8%80%E5%8E%82%E6%97%A7%E5%9D%80,exact,中央电工器材厂一厂旧址,https://zh.wikipedia.org/wiki/%E4%B8%AD%E5%A4%AE%E7%94%B5%E5%B7%A5%E5%99%A8%E6%9D%90%E5%8E%82%E4%B8%80%E5%8E%82%E6%97%A7%E5%9D%80,exact,
8-0722-5-206,滇缅铁路禄丰炼象关桥隧群,滇缅铁路禄丰炼象关桥隧群,https://baike.baidu.com/item/%E6%BB%87%E7%BC%85%E9%93%81%E8%B7%AF%E7%A6%84%E4%B8%B0%E7%82%BC%E8%B1%A1%E5%85%B3%E6%A1%A5%E9%9A%A7%E7%BE%A4,exact,滇缅铁路禄丰炼象关桥隧群,https://zh.wikipedia.org/wiki/%E6%BB%87%E7%BC%85%E9%93%81%E8%B7%AF%E7%A6%84%E4%B8%B0%E7%82%BC%E8%B1%A1%E5%85%B3%E6%A1%A5%E9%9A%A7%E7%BE%A4,exact,
8-0723-5-207,凤庆茶厂老厂区旧址,凤庆茶厂老厂区旧址,https://baike.baidu.com/item/%E5%87%A4%E5%BA%86%E8%8C%B6%E5%8E%82%E8%80%81%E5%8E%82%E5%8C%BA%E6%97%A7%E5%9D%80,exact,,,,
8-0724-5-208,开远发电厂旧址,开远发电厂旧址,https://baike.baidu.com/item/%E5%BC%80%E8%BF%9C%E5%8F%91%E7%94%B5%E5%8E%82%E6%97%A7%E5%9D%80,exact,开远发电厂,https://zh.wikipedia.org/wiki/%E5%BC%80%E8%BF%9C%E5%8F%91%E7%94%B5%E5%8E%82,redirect,
8-0725-5-209,开远长虹桥,开远长虹桥,https://baike.baidu.com/item/%E5%BC%80%E8%BF%9C%E9%95%BF%E8%99%B9%E6%A1%A5,exact,开远长虹桥,https://zh.wikipedia.org/wiki/%E5%BC%80%E8%BF%9C%E9%95%BF%E8%99%B9%E6%A1%A5,exact,
8-0726-5-210,亚东海关遗址,亚东海关遗址,https://baike.baidu.com/item/%E4%BA%9A%E4%B8%9C%E6%B5%B7%E5%85%B3%E9%81%97%E5%9D%80,exact,亚东海关遗址,https://zh.wikipedia.org/wiki/%E4%BA%9A%E4%B8%9C%E6%B5%B7%E5%85%B3%E9%81%97%E5%9D%80,exact,
8-0727-5-211,昌都地区人民解放委员会办公旧址,昌都地区人民解放委员会办公旧址,https://baike.baidu.com/item/%E6%98%8C%E9%83%BD%E5%9C%B0%E5%8C%BA%E4%BA%BA%E6%B0%91%E8%A7%A3%E6%94%BE%E5%A7%94%E5%91%98%E4%BC%9A%E5%8A%9E%E5%85%AC%E6%97%A7%E5%9D%80,exact,昌都地区人民解放委员会办公旧址,https://zh.wikipedia.org/wiki/%E6%98%8C%E9%83%BD%E5%9C%B0%E5%8C%BA%E4%BA%BA%E6%B0%91%E8%A7%A3%E6%94%BE%E5%A7%94%E5%91%98%E4%BC%9A%E5%8A%9E%E5%85%AC%E6%97%A7%E5%9D%80,exact,
8-0728-5-212,川藏、青藏公路纪念碑,川藏、青藏公路纪念碑,https://baike.baidu.com/item/%E5%B7%9D%E8%97%8F%E3%80%81%E9%9D%92%E8%97%8F%E5%85%AC%E8%B7%AF%E7%BA%AA%E5%BF%B5%E7%A2%91,exact,,,,
8-0729-5-213,革命公园,革命公园,https://baike.baidu.com/view/552982.htm,exact,,,,
8-0730-5-214,葛牌镇红25军军部旧址,葛牌镇红25军军部旧址,https://baike.baidu.com/item/%E8%91%9B%E7%89%8C%E9%95%87%E7%BA%A225%E5%86%9B%E5%86%9B%E9%83%A8%E6%97%A7%E5%9D%80,exact,,,,
8-0731-5-215,国立西北联合大学旧址,国立西北联合大学旧址,https://baike.baidu.com/item/%E5%9B%BD%E7%AB%8B%E8%A5%BF%E5%8C%97%E8%81%94%E5%90%88%E5%A4%A7%E5%AD%A6%E6%97%A7%E5%9D%80,exact,,,,
8-0732-5-216,马栏革命旧址,马栏革命旧址,https://baike.baidu.com/view/4227507.htm,exact,,,,
8-0733-5-217,宝鸡申新纱厂旧址,宝鸡申新纱厂旧址,https://baike.baidu.com/item/%E5%AE%9D%E9%B8%A1%E7%94%B3%E6%96%B0%E7%BA%B1%E5%8E%82%E6%97%A7%E5%9D%80,exact,,,,
8-0734-5-218,金盆湾八路军三五九旅旅部旧址,金盆湾八路军三五九旅旅部旧址,https://baike.baidu.com/item/%E9%87%91%E7%9B%86%E6%B9%BE%E5%85%AB%E8%B7%AF%E5%86%9B%E4%B8%89%E4%BA%94%E4%B9%9D%E6%97%85%E6%97%85%E9%83%A8%E6%97%A7%E5%9D%80,exact,,,,
8-0735-5-219,陕甘宁边区高等法院旧址,陕甘宁边区高等法院旧址,https://baike.baidu.com/item/%E9%99%95%E7%94%98%E5%AE%81%E8%BE%B9%E5%8C%BA%E9%AB%98%E7%AD%89%E6%B3%95%E9%99%A2%E6%97%A7%E5%9D%80,exact,,,,
8-0736-5-220,延安陕甘宁晋绥联防军司令部旧址,延安陕甘宁晋绥联防军司令部旧址,https://baike.baidu.com/item/%E5%BB%B6%E5%AE%89%E9%99%95%E7%94%98%E5%AE%81%E6%99%8B%E7%BB%A5%E8%81%94%E9%98%B2%E5%86%9B%E5%8F%B8%E4%BB%A4%E9%83%A8%E6%97%A7%E5%9D%80,exact,,,,
8-0737-5-221,美军驻延安观察组驻地旧址,美军驻延安观察组驻地旧址,https://baike.baidu.com/item/%E7%BE%8E%E5%86%9B%E9%A9%BB%E5%BB%B6%E5%AE%89%E8%A7%82%E5%AF%9F%E7%BB%84%E9%A9%BB%E5%9C%B0%E6%97%A7%E5%9D%80,exact,,,,
8-0738-5-222,张思德牺牲纪念地,张思德牺牲纪念地,https://baike.baidu.com/item/%E5%BC%A0%E6%80%9D%E5%BE%B7%E7%89%BA%E7%89%B2%E7%BA%AA%E5%BF%B5%E5%9C%B0,exact,,,,
8-0739-5-223,小河会议旧址,小河革命旧址,https://baike.baidu.com/item/%E5%B0%8F%E6%B2%B3%E9%9D%A9%E5%91%BD%E6%97%A7%E5%9D%80,manual,,,,小河革命旧址 | https://baike.baidu.com/item/%E5%B0%8F%E6%B2%B3%E9%9D%A9%E5%91%BD%E6%97%A7%E5%9D%80 | different-title；吴旗革命旧址 | https://zh.wikipedia.org/wiki/%E5%90%B4%E6%97%97%E9%9D%A9%E5%91%BD%E6%97%A7%E5%9D%80 | different-title
8-0740-5-224,山城堡战役旧址,山城堡战役旧址,https://baike.baidu.com/view/189391.htm,exact,山城堡战役旧址,https://zh.wikipedia.org/wiki/%E5%B1%B1%E5%9F%8E%E5%A0%A1%E6%88%98%E5%BD%B9%E6%97%A7%E5%9D%80,exact,
8-0741-5-225,河连湾陕甘宁省苏维埃政府旧址,河连湾陕甘宁省苏维埃政府旧址,https://baike.baidu.com/item/%E6%B2%B3%E8%BF%9E%E6%B9%BE%E9%99%95%E7%94%98%E5%AE%81%E7%9C%81%E8%8B%8F%E7%BB%B4%E5%9F%83%E6%94%BF%E5%BA%9C%E6%97%A7%E5%9D%80,exact,河连湾陕甘宁省苏维埃政府旧址,https://zh.wikipedia.org/wiki/%E6%B2%B3%E8%BF%9E%E6%B9%BE%E9%99%95%E7%94%98%E5%AE%81%E7%9C%81%E8%8B%8F%E7%BB%B4%E5%9F%83%E6%94%BF%E5%BA%9C%E6%97%A7%E5%9D%80,exact,
8-0742-5-226,尕路田大房子,尕路田大房子,https://baike.baidu.com/item/%E5%B0%95%E8%B7%AF%E7%94%B0%E5%A4%A7%E6%88%BF%E5%AD%90,exact,,,,
8-0743-5-227,果洛红军沟,果洛红军沟,https://baike.baidu.com/item/%E6%9E%9C%E6%B4%9B%E7%BA%A2%E5%86%9B%E6%B2%9F,exact,,,,
8-0744-5-228,囊拉千户院,囊拉千户院,https://baike.baidu.com/item/%E5%9B%8A%E6%8B%89%E5%8D%83%E6%88%B7%E9%99%A2,exact,囊拉千户院,https://zh.wikipedia.org/wiki/%E5%9B%8A%E6%8B%89%E5%8D%83%E6%88%B7%E9%99%A2,exact,
8-0745-5-229,果洛和平解放纪念地,果洛和平解放纪念地,https://baike.baidu.com/item/%E6%9E%9C%E6%B4%9B%E5%92%8C%E5%B9%B3%E8%A7%A3%E6%94%BE%E7%BA%AA%E5%BF%B5%E5%9C%B0,exact,,,,
8-0746-5-230,乌鲁木齐文庙,乌鲁木齐文庙,https://baike.baidu.com/view/537250.htm,exact,乌鲁木齐文庙,https://zh.wikipedia.org/wiki/%E4%B9%8C%E9%B2%81%E6%9C%A8%E9%BD%90%E6%96%87%E5%BA%99,exact,
8-0747-5-231,赛图拉哨卡遗址,赛图拉哨卡遗址,https://baike.baidu.com/item/%E8%B5%9B%E5%9B%BE%E6%8B%89%E5%93%A8%E5%8D%A1%E9%81%97%E5%9D%80,exact,,,,
8-0748-5-232,毛泽民办公室及宿舍旧址,毛泽民办公室及宿舍旧址,https://baike.baidu.com/item/%E6%AF%9B%E6%B3%BD%E6%B0%91%E5%8A%9E%E5%85%AC%E5%AE%A4%E5%8F%8A%E5%AE%BF%E8%88%8D%E6%97%A7%E5%9D%80,exact,毛泽民办公室及宿舍旧址,https://zh.wikipedia.org/wiki/%E6%AF%9B%E6%B3%BD%E6%B0%91%E5%8A%9E%E5%85%AC%E5%AE%A4%E5%8F%8A%E5%AE%BF%E8%88%8D%E6%97%A7%E5%9D%80,exact,
8-0749-5-233,石河子军垦旧址,石河子军垦旧址,https://baike.baidu.com/item/%E7%9F%B3%E6%B2%B3%E5%AD%90%E5%86%9B%E5%9E%A6%E6%97%A7%E5%9D%80,exact,石河子军垦旧址,https://zh.wikipedia.org/wiki/%E7%9F%B3%E6%B2%B3%E5%AD%90%E5%86%9B%E5%9E%A6%E6%97%A7%E5%9D%80,exact,
8-0750-5-234,玉尔滚军垦旧址,玉尔滚军垦旧址,https://baike.baidu.com/item/%E7%8E%89%E5%B0%94%E6%BB%9A%E5%86%9B%E5%9E%A6%E6%97%A7%E5%9D%80,exact,玉尔滚军垦旧址,https://zh.wikipedia.org/wiki/%E7%8E%89%E5%B0%94%E6%BB%9A%E5%86%9B%E5%9E%A6%E6%97%A7%E5%9D%80,exact,
8-0751-6-001,华亭海塘奉贤段,华亭海塘奉贤段,https://baike.baidu.com/item/%E5%8D%8E%E4%BA%AD%E6%B5%B7%E5%A1%98%E5%A5%89%E8%B4%A4%E6%AE%B5,exact,华亭海塘奉贤段,https://zh.wikipedia.org/wiki/%E5%8D%8E%E4%BA%AD%E6%B5%B7%E5%A1%98%E5%A5%89%E8%B4%A4%E6%AE%B5,exact,
8-0752-6-002,兴化垛田,兴化垛田,https://baike.baidu.com/subview/240454/240454.htm,exact,兴化垛田,https://zh.wikipedia.org/wiki/%E5%85%B4%E5%8C%96%E5%9E%9B%E7%94%B0,exact,
8-0753-6-003,江阴蚕种场,江阴蚕种场,https://baike.baidu.com/item/%E6%B1%9F%E9%98%B4%E8%9A%95%E7%A7%8D%E5%9C%BA,exact,江阴蚕种场,https://zh.wikipedia.org/wiki/%E6%B1%9F%E9%98%B4%E8%9A%95%E7%A7%8D%E5%9C%BA,exact,
8-0754-6-004,洋河地下酒窖,洋河地下酒窖,https://baike.baidu.com/view/10382686.htm,exact,洋河地下酒窖,https://zh.wikipedia.org/wiki/%E6%B4%8B%E6%B2%B3%E5%9C%B0%E4%B8%8B%E9%85%92%E7%AA%96,exact,
8-0755-6-005,太湖溇港,太湖溇港,https://baike.baidu.com/item/%E5%A4%AA%E6%B9%96%E6%BA%87%E6%B8%AF,exact,太湖溇港,https://zh.wikipedia.org/wiki/%E5%A4%AA%E6%B9%96%E6%BA%87%E6%B8%AF,exact,
8-0756-6-006,钱塘江海塘海盐敕海庙段和海宁段,钱塘江海塘海盐敕海庙段和海宁段,https://baike.baidu.com/item/%E9%92%B1%E5%A1%98%E6%B1%9F%E6%B5%B7%E5%A1%98%E6%B5%B7%E7%9B%90%E6%95%95%E6%B5%B7%E5%BA%99%E6%AE%B5%E5%92%8C%E6%B5%B7%E5%AE%81%E6%AE%B5,exact,钱塘江海塘海盐敕海庙段和海宁段,https://zh.wikipedia.org/wiki/%E9%92%B1%E5%A1%98%E6%B1%9F%E6%B5%B7%E5%A1%98%E6%B5%B7%E7%9B%90%E6%95%95%E6%B5%B7%E5%BA%99%E6%AE%B5%E5%92%8C%E6%B5%B7%E5%AE%81%E6%AE%B5,exact,
8-0757-6-007,矾山矾矿遗址,矾山矾矿遗址,https://baike.baidu.com/item/%E7%9F%BE%E5%B1%B1%E7%9F%BE%E7%9F%BF%E9%81%97%E5%9D%80,exact,矾山矾矿遗址,https://zh.wikipedia.org/wiki/%E7%9F%BE%E5%B1%B1%E7%9F%BE%E7%9F%BF%E9%81%97%E5%9D%80,exact,
8-0758-6-008,霍童灌溉工程,霍童灌溉工程,https://baike.baidu.com/item/%E9%9C%8D%E7%AB%A5%E7%81%8C%E6%BA%89%E5%B7%A5%E7%A8%8B,exact,霍童灌溉工程,https://zh.wikipedia.org/wiki/%E9%9C%8D%E7%AB%A5%E7%81%8C%E6%BA%89%E5%B7%A5%E7%A8%8B,exact,
8-0759-6-009,渠江茶园,渠江茶园,https://baike.baidu.com/item/%E6%B8%A0%E6%B1%9F%E8%8C%B6%E5%9B%AD,exact,渠江茶园,https://zh.wikipedia.org/wiki/%E6%B8%A0%E6%B1%9F%E8%8C%B6%E5%9B%AD,exact,
8-0760-6-010,𪨷塘陂、亭塘陂水利工程,岩塘陂、亭塘陂水利工程,https://baike.baidu.com/item/%E5%B2%A9%E5%A1%98%E9%99%82%E3%80%81%E4%BA%AD%E5%A1%98%E9%99%82%E6%B0%B4%E5%88%A9%E5%B7%A5%E7%A8%8B,manual,,,,海南省境内的全国重点文物保护单位列表 | https://zh.wikipedia.org/wiki/%E6%B5%B7%E5%8D%97%E7%9C%81%E5%A2%83%E5%86%85%E7%9A%84%E5%85%A8%E5%9B%BD%E9%87%8D%E7%82%B9%E6%96%87%E7%89%A9%E4%BF%9D%E6%8A%A4%E5%8D%95%E4%BD%8D%E5%88%97%E8%A1%A8 | different-title
8-0761-6-011,先市酱油酿造作坊群,先市酱油酿造作坊群,https://baike.baidu.com/item/%E5%85%88%E5%B8%82%E9%85%B1%E6%B2%B9%E9%85%BF%E9%80%A0%E4%BD%9C%E5%9D%8A%E7%BE%A4,exact,先市酱油酿造作坊群,https://zh.wikipedia.org/wiki/%E5%85%88%E5%B8%82%E9%85%B1%E6%B2%B9%E9%85%BF%E9%80%A0%E4%BD%9C%E5%9D%8A%E7%BE%A4,exact,
8-0762-6-012,凤堰梯田,凤堰梯田,https://baike.baidu.com/item/%E5%87%A4%E5%A0%B0%E6%A2%AF%E7%94%B0,exact,,,,
